"comment","social_inclusion"
"Joining the international club was a game-changer; I made friends from around the world while studying.",8
"The campus diversity enriches our events, making every cultural night vibrant and full of energy.",10
"I met my best friend during a cultural exchange program; we bonded over late-night study sessions.",7
"The food festival was incredible; I loved sharing dishes from my culture with my friends and classmates.",6
"Making friends here has been so rewarding; the warm atmosphere really helps newcomers feel welcome.",10
"I appreciate the variety of cultural events, especially the dance showcases that bring everyone together.",3
"Group projects often bring in diverse perspectives; collaborating with students from different backgrounds is inspiring.",3
"Cultural fairs create an amazing atmosphere; the music, food, and performances help us celebrate our differences.",3
"I've learned so much from my classmates about their cultures; it has enriched my academic experience.",3
"Volunteering with diverse groups has not only expanded my social circle but also enhanced my teamwork skills.",7
"The student union hosts fantastic events that encourage mingling, making it easier to meet new friends.",6
"Living in a multicultural dorm has introduced me to various traditions, making my study life exciting.",5
"Sharing stories with students from different backgrounds during study breaks has deepened my friendships.",8
"Participating in global discussions helped me form lasting friendships while broadening my academic horizons.",8
"The campus feels like a melting pot, and it's inspiring to see everyone share their unique cultures.",5
"Joining clubs related to my interests connected me with like-minded people who also value diversity.",8
"I enjoy learning about different traditions during cultural nights; it brings a sense of community to our studies.",5
"My friends and I celebrate holidays from our various backgrounds, creating a sense of belonging on campus.",8
"I made friends through the language exchange program, which has also improved my communication skills.",6
"Cultural differences are celebrated here, enriching my educational experience and fostering mutual respect.",7
"I’ve found a supportive family among my international classmates; they help me navigate academic challenges.",8
"Our campus promotes inclusivity, making everyone feel valued; it's a refreshing environment to study in.",5
"I appreciate the safe spaces for discussing cultural issues; they provide a sense of security during tough times.",5
"Exploring cultural clubs has broadened my worldview and provided valuable networking opportunities for my career.",3
"I love attending events where students showcase their heritage; it enhances our understanding of global issues.",5
"While the campus is diverse, I often feel like an outsider trying to fit in with different groups.",5
"Some cultural events are poorly organized and lack participation, making them feel less meaningful.",5
"Group projects can be frustrating due to language barriers, which sometimes lead to misunderstandings.",3
"Cultural fairs can feel repetitive; I wish they included more innovative activities to engage students.",6
"Despite the vibrant atmosphere, I sometimes struggle to make deeper connections with my peers.",5
"I’ve faced moments of exclusion in larger gatherings, making it hard to fully enjoy campus life.",7
"Some cultural events lack proper representation, which can leave certain communities feeling overlooked.",5
"There are cliques that make it difficult to break into established friend groups, causing frustration.",3
"While I appreciate the diversity, I sometimes feel overwhelmed by the sheer number of cultural events.",10
"The pressure to attend every cultural event can be exhausting, especially during exam weeks.",5
"Sharing meals with classmates can be awkward when dietary restrictions aren't considered during group outings.",7
"Not everyone participates in discussions about cultural identity, making it hard to engage meaningfully.",5
"The frequency of cultural integration events is often too low, limiting opportunities for connection.",5
"I often find that cultural showcases do not include new student perspectives, making them feel stale.",5
"Even with cultural diversity, I occasionally feel isolated in my academic pursuits due to different backgrounds.",6
"The focus on cultural events sometimes overshadows academic responsibilities, causing stress during finals.",5
"I enjoy learning about different traditions during cultural nights, but attendance varies greatly each time.",5
"Participating in global discussions has been a mix of engaging and uncomfortable moments for many students.",5
"The campus has a diverse atmosphere, but sometimes I wish there were more structured ways to connect.",5
"Making friends from various backgrounds has been a slow process, but it feels worthwhile in the end.",8
"I appreciate the attempts at inclusivity, but there's still room for improvement in community engagement.",3
"Being part of a diverse community offers unique perspectives, though it can also lead to misunderstandings.",5
"The friendships I’ve formed here are valuable, but I still encounter cultural barriers in conversations.",8
"Cultural integration events are informative, yet they sometimes lack excitement and participation from the student body.",5
"Every cultural event brings unique heritages to light, though some traditions feel underrepresented in the mix.",7
"The opportunities to study abroad and experience other cultures have enhanced my friendships here.",8
"Interactions with students from diverse backgrounds have made me more open-minded and adaptable in my studies.",7
"I love how cultural events often include performances; they add so much joy to our campus life.",5
"Joining the debate club exposed me to different perspectives, fostering friendships that span cultures.",8
"The music nights are fantastic; I always leave feeling inspired by the talent of my peers.",5
"I appreciate how campus events often encourage collaboration, allowing me to work with diverse groups.",5
"I wish there were more workshops focused on cultural sensitivity; it would enhance our learning experience.",3
"The sense of community during cultural festivals makes studying less stressful and more enjoyable.",5
"I’ve made lifelong friends from various backgrounds through group study sessions and cultural events.",8
"Cultural diversity in our curriculum helps students connect with real-world issues from multiple angles.",8
"The international student office is incredibly helpful; they offer great resources for making friends.",8
"Attending workshops on intercultural communication has improved my confidence in social settings.",5
"Engaging in community service with diverse teams has opened my eyes to different societal issues.",5
"Cultural immersion programs offer fantastic opportunities for deepening friendships beyond academics.",6
"I enjoy the shared experiences that come from our different backgrounds; they create a strong bond.",5
"The campus is vibrant and colorful, filled with traditions that enrich our everyday lives.",5
"Many of my classmates have unique stories that inspire me to explore my own identity more deeply.",5
"I made my closest friends during orientation; we still study together every week.",10
"Joining the study group was a great way to meet new people while tackling challenging coursework.",7
"I love how easy it is to connect with classmates during group projects; it helps build lasting friendships.",8
"Attending social events on campus has allowed me to expand my circle of friends significantly.",6
"I found a supportive group of friends in my dorm; we motivate each other through tough assignments.",8
"Joining the gaming club introduced me to so many like-minded people; we have a blast together.",7
"I cherish the late-night study sessions with my friends; they make even the hardest subjects enjoyable.",8
"Participating in intramural sports helped me bond with teammates and create lasting friendships.",8
"I love how my cultural club organizes events; it helps me meet people who share my interests.",5
"Meeting classmates over coffee has led to great friendships; it's nice to unwind and connect.",6
"I enjoy attending campus events; they are a fantastic way to meet new people in a relaxed environment.",7
"Volunteering at local charities with classmates has built strong friendships and a sense of community.",8
"I appreciate the icebreaker activities during orientation; they made meeting new people less intimidating.",5
"I made friends through language classes; we often practice together and help each other out.",10
"Joining a book club has opened doors to friendships; we share our favorite reads and opinions.",10
"Attending workshops has allowed me to meet peers with similar interests, leading to lasting friendships.",10
"I love how my professor encourages group work; it has led to some great friendships among classmates.",8
"The diversity of students here has helped me make friends from various backgrounds, enriching my experience.",10
"Making friends has been easier than I expected; everyone seems friendly and open to connections.",6
"I’ve met fantastic friends through study sessions; they inspire me to do better academically.",8
"The shared experiences of group projects have created a bond among us that goes beyond academics.",3
"I love that our campus encourages students to join clubs; it’s been the best way to meet new friends.",8
"Sharing meals with classmates has led to deeper friendships; we exchange stories and cultural traditions.",6
"Attending cultural festivals has connected me with people who share my values and interests.",7
"I found lifelong friends through the peer mentoring program; it's been a rewarding experience.",8
"I appreciate how the campus promotes teamwork; it’s great for making friends while learning.",8
"Engaging in creative workshops has allowed me to connect with others who share similar passions.",3
"My roommate has become one of my closest friends; we support each other through exams and personal challenges.",10
"Late-night study groups have turned into social gatherings; I look forward to them every week.",5
"I feel grateful for the friendships I’ve made through collaborative projects; they are truly supportive.",10
"The campus's vibrant community has made it easy to make friends; I love being part of such a lively group.",8
"I have enjoyed meeting people at various campus events; each encounter enriches my social life.",5
"While I attend many events, I often leave feeling more alone than connected with others.",5
"I often find myself sitting alone in the dining hall, making me feel isolated despite the crowd.",1
"Despite being surrounded by people, I sometimes feel a deep sense of loneliness on campus.",5
"Making friends can be challenging when everyone seems to already have their own groups.",6
"I struggle to connect with others in large classrooms; it often feels like I'm invisible.",7
"Many social events feel overwhelming; I leave feeling like I didn’t connect with anyone.",5
"I joined clubs to meet people, but sometimes I still feel like an outsider among the group.",3
"I find myself longing for deeper connections; small talk often leaves me feeling unsatisfied.",3
"Even with many opportunities to socialize, I still experience moments of loneliness during my studies.",3
"I often feel like everyone is busy with their own lives, making it hard to form lasting friendships.",6
"Despite being part of a study group, I sometimes feel isolated when they discuss personal topics.",3
"I love attending events, but I frequently leave feeling unfulfilled and disconnected from others.",7
"Some days, the noise of a busy campus only amplifies my feelings of loneliness and isolation.",3
"I sometimes feel like my classmates are friendly but distant, making it hard to forge real connections.",5
"Even though I attend cultural events, I often feel detached from the community vibe.",5
"I wish I could break into existing friend groups; it can feel daunting to approach them.",7
"Social anxiety makes it hard for me to initiate conversations, leaving me feeling lonely at times.",1
"I feel a strong urge to connect with others, yet I struggle to find common ground during conversations.",5
"I appreciate the effort to be inclusive, but I still feel a sense of detachment from my peers.",3
"The pressure to make friends can be overwhelming, especially when I see others connecting easily.",6
"Despite trying to engage in group activities, I still feel a lingering sense of loneliness on campus.",5
"The mix of cultures is fascinating, but I sometimes feel lost when trying to fit in with different groups.",5
"It can be difficult to navigate friendships in such a large university; I often feel like just another face.",6
"Making friends can feel like a race; sometimes I just want to take my time and connect meaningfully.",6
"I enjoy the diversity of our campus but sometimes feel like I'm just an observer rather than a participant.",8
"I appreciate the opportunities to meet new people, but my introverted nature makes it difficult at times.",5
"Finding a true connection amidst the chaos of campus life can be a challenging experience for me.",5
"I often reflect on my friendships and feel grateful, yet I still encounter loneliness during busy weeks.",8
"Even when surrounded by friends, I sometimes experience feelings of loneliness that are hard to shake off.",8
"I appreciate casual friendships, but I long for deeper connections that seem elusive at times.",10
"Engaging in class discussions is rewarding, but I still feel a distance from my classmates outside class.",7
"I try to join in on campus activities, but I often feel like I’m on the outside looking in.",3
"Despite my efforts to connect, I still struggle with feelings of loneliness in a bustling environment.",5
"I’ve met some nice people in my classes, but forming deeper friendships has proven difficult.",6
"I find it hard to balance academics and socializing; sometimes I feel like I’m missing out on connections.",7
"I appreciate the sense of community during group projects, yet I still experience moments of isolation.",5
"Connecting with others during study sessions has been a positive experience, but I crave deeper bonds.",5
"I enjoy casual interactions, but I often wish for friendships that provide a deeper sense of belonging.",8
"I love the social aspect of campus life, but I sometimes feel disconnected from the community as a whole.",7
"Balancing friendships and academics can be tricky; I often feel stretched thin in both areas.",10
"Working in groups has helped me make friends while navigating challenging projects together.",6
"I appreciate how group projects foster collaboration and allow us to share diverse ideas and perspectives.",3
"I love the camaraderie that develops during late-night study sessions with my group; we support each other.",8
"The sense of achievement after completing a group assignment together is truly rewarding.",5
"Collaborating with classmates has helped me strengthen my communication skills while making new friends.",8
"I enjoy brainstorming sessions; they often lead to creative solutions and bonding moments.",5
"Our study group shares laughter and stress relief, making the workload feel lighter and more enjoyable.",3
"Group work has led to some of my best friendships; we help each other grow academically and socially.",8
"Working together on projects creates a strong sense of community among classmates; it’s a great experience.",3
"I love how our diverse perspectives enhance our group discussions, leading to richer outcomes.",5
"The friendships I’ve formed through group work have been invaluable during stressful times.",10
"Group presentations allow us to showcase our unique talents while working towards a common goal.",5
"Collaborating on research has brought us closer together and deepened our understanding of the material.",5
"The late-night study sessions with my group have become a highlight of my academic life.",3
"I appreciate how group assignments promote teamwork; it’s a great way to learn from each other.",5
"I enjoy working with peers who share my enthusiasm; it makes group work feel less daunting.",5
"Sharing the workload in group projects has eased my stress and helped me bond with my classmates.",5
"I love seeing how our group’s diverse skills complement each other, leading to successful outcomes.",5
"Group projects often lead to memorable experiences; I enjoy celebrating our accomplishments together.",5
"The connections I’ve made through group work often extend beyond academics, leading to lasting friendships.",10
"Despite the challenges, I find that group work fosters meaningful connections with my classmates.",7
"Our teamwork during group assignments has developed a strong sense of trust and camaraderie.",7
"I feel grateful for the support I receive from my group members during stressful times; it creates a bond.",10
"I enjoy collaborating on creative projects; it sparks great conversations and friendships.",8
"Working in a group can be fun; we often share snacks and laughs during study sessions.",5
"Group assignments can be a source of motivation, encouraging us to push each other to excel.",5
"Working together on projects has allowed me to develop valuable teamwork skills that will benefit my career.",3
"I appreciate how group work encourages us to listen to each other's ideas, fostering a collaborative spirit.",5
"I love the sense of achievement that comes from completing a project with my group; it’s a shared victory.",3
"While I enjoy group work, sometimes it feels like a struggle to keep everyone engaged and focused.",7
"I often find it difficult to coordinate schedules for group meetings; it can be frustrating at times.",3
"Some group members don’t pull their weight, making the workload uneven and stressful for the rest of us.",3
"I’ve had experiences where communication breakdowns in group projects led to confusion and frustration.",7
"It can be challenging when team dynamics are off; I often feel sidelined during discussions.",5
"I often find that balancing different work styles in a group can lead to tension and miscommunication.",5
"Despite our best efforts, we occasionally end up with conflicting ideas that make it hard to move forward.",3
"I struggle when group members don’t contribute equally; it makes me feel overwhelmed and unsupported.",8
"It’s frustrating when some team members prioritize their own agendas over group goals during projects.",7
"The lack of accountability in group work sometimes leads to poor outcomes, causing frustration for everyone.",3
"I often wish there were clearer guidelines for group work; it would help prevent misunderstandings.",7
"Some group projects feel chaotic and unstructured, which can make it hard to stay focused on our tasks.",5
"It can be discouraging when my input is overlooked during group discussions; I wish for more inclusivity.",3
"I find it hard to connect with classmates during group work when there are conflicting personalities.",3
"In some groups, the decision-making process can be slow and frustrating, leading to unnecessary delays.",3
"I appreciate the diversity in our groups, but sometimes it feels like we struggle to find common ground.",8
"I’ve experienced moments where group members don’t communicate effectively, leading to misunderstandings.",3
"It’s frustrating when some members don’t respect deadlines; it impacts everyone’s workload and morale.",7
"Sometimes, it feels like I’m doing the majority of the work in group projects, which is disheartening.",5
"I often feel disconnected during group discussions when my ideas aren’t acknowledged or valued.",5
"I enjoy the social aspect of group work, but I sometimes find myself feeling isolated from my peers.",3
"I’ve had group experiences where cliques form, making it challenging to connect with everyone involved.",5
"I find it tough when group work becomes more about socializing than actually accomplishing our goals.",3
"When team members are disengaged, it can be disheartening and affect our group dynamics negatively.",3
"Balancing various personalities in group work can be challenging; sometimes, it leads to conflicts.",5
"The expectations for collaboration can feel overwhelming, especially when everyone is busy with their own lives.",3
"I sometimes feel frustrated with the lack of communication; it can lead to misunderstandings about tasks.",5
"Even when working in a group, I sometimes feel a sense of loneliness, especially when ideas clash.",5
"While I appreciate group work, I find it hard to bond with classmates who don’t share the same commitment.",7
"I often leave group meetings feeling drained when discussions become unproductive and chaotic.",5
"Sometimes, I feel lost in the shuffle during group projects, especially when there are larger team sizes.",5
"It can be discouraging when everyone seems to have different priorities in group assignments.",5
"I sometimes feel pressure to take charge during group projects, which can be overwhelming and isolating.",7
"I enjoy working in teams, but I sometimes struggle to feel a sense of belonging when dynamics are off.",5
"I appreciate the effort that goes into group projects, but I often wish for more structure to guide us.",5
"Collaborative work can lead to wonderful connections, but it can also bring moments of frustration and isolation.",3
"I enjoy hearing different ideas during group discussions; it creates an engaging learning environment.",5
"I find that discussing ideas with my group often leads to creative breakthroughs; it’s a rewarding process.",5
"The shared experience of completing a project with a team is fulfilling and often leads to long-lasting friendships.",8
"While I appreciate group work, sometimes it feels like a challenge to stay organized with so many opinions.",5
"Group discussions can be lively and enriching, but they can also lead to misunderstandings if not managed well.",3
