"expenses","distance","country"
11.52,1518,"UK"
13.12,757,"UK"
12.37,1685,"UK"
13.55,81,"UK"
25.81,249,"US"
13.5,673,"UK"
14.4,1612,"UK"
21.08,1466,"UK"
15.32,151,"UK"
5.67,1479,"GER"
19.87,1089,"UK"
12.62,1577,"UK"
11.48,1287,"UK"
26.8,1492,"US"
6.57,621,"GER"
5.39,949,"GER"
18.97,801,"UK"
4.96,1187,"GER"
1.79,1402,"GER"
6.69,1635,"GER"
5.41,1330,"GER"
26.04,308,"US"
25.54,1259,"US"
19.56,1395,"UK"
3.87,293,"GER"
27.28,1940,"US"
13.15,1679,"UK"
17.6,336,"UK"
2.66,491,"GER"
25.9,320,"US"
19.84,1426,"UK"
4.05,799,"GER"
25.6,1515,"US"
25.16,324,"US"
25.5,535,"US"
25.64,1140,"US"
24.82,1782,"US"
25.57,1484,"US"
3.78,549,"GER"
12.07,1424,"UK"
19.08,869,"UK"
6.67,1691,"GER"
27.46,1715,"US"
17.9,375,"UK"
9.96,394,"GER"
16.82,2163,"UK"
10.32,190,"UK"
17.39,1650,"UK"
6.8,1694,"GER"
25.84,1156,"US"
19.2,1234,"UK"
5.43,1431,"GER"
14.5,87,"UK"
26.99,1586,"US"
15.29,1887,"UK"
26.84,1626,"US"
25.94,133,"US"
3.11,1892,"GER"
26.14,1727,"US"
6,590,"GER"
25.1,1441,"US"
11.81,2015,"UK"
26.8,756,"US"
24.8,1535,"US"
26.6,2274,"US"
13.4,423,"UK"
21.92,1345,"UK"
24.95,1074,"US"
26.98,1155,"US"
6.41,62,"GER"
12.01,1522,"UK"
25.96,1963,"US"
9.36,1201,"GER"
9.86,1087,"GER"
26.52,145,"US"
27.39,2059,"US"
26.57,463,"US"
11.3,189,"UK"
8.58,2147,"GER"
11.7,1556,"UK"
24.63,1535,"US"
6.33,1990,"GER"
26.69,2046,"US"
16.49,243,"UK"
26.75,251,"US"
8.21,31,"GER"
27.23,2093,"US"
25.56,749,"US"
11.98,908,"UK"
16.04,2020,"UK"
21.74,1255,"UK"
5.63,2210,"GER"
25.21,1541,"US"
14.54,2118,"UK"
15.62,573,"UK"
11.22,1464,"UK"
5.51,1155,"GER"
27.45,1500,"US"
26.93,714,"US"
25.92,1782,"US"
27.22,1264,"US"
4.32,201,"GER"
27.04,2197,"US"
12.25,846,"UK"
5.53,1115,"GER"
25.63,46,"US"
26.55,1262,"US"
26.07,383,"US"
10.3,2019,"UK"
9.2,1104,"GER"
6.52,1612,"GER"
13.04,655,"UK"
25.44,744,"US"
11.85,399,"UK"
13.09,1653,"UK"
17.69,1828,"UK"
8.58,1205,"GER"
1.87,821,"GER"
5.59,1209,"GER"
26.01,2120,"US"
12.6,2337,"UK"
27.53,243,"US"
17.23,1251,"UK"
19.58,1075,"UK"
12.87,666,"UK"
20.68,1468,"UK"
26.77,123,"US"
26.18,2288,"US"
7.62,1723,"GER"
14.2,1532,"UK"
2.91,443,"GER"
11.37,1298,"UK"
11.67,680,"UK"
25.19,2044,"US"
27.55,558,"US"
12.91,1700,"UK"
8.85,1291,"GER"
5.46,758,"GER"
17.46,2068,"UK"
26.02,1501,"US"
18.86,892,"UK"
6.39,445,"GER"
27.34,1664,"US"
6.81,560,"GER"
25.16,2069,"US"
12.99,426,"UK"
6.67,1714,"GER"
6.34,620,"GER"
17.03,2147,"UK"
27.67,1563,"US"
16.2,2212,"UK"
7.37,547,"GER"
27.33,1725,"US"
26.35,117,"US"
25.74,397,"US"
27.12,2126,"US"
6.77,526,"GER"
26.96,597,"US"
10.51,20,"UK"
7.42,1998,"GER"
27.5,787,"US"
12.49,1513,"UK"
12.43,2333,"UK"
26.61,1882,"US"
5.37,1149,"GER"
17.22,2091,"UK"
19.16,1299,"UK"
27.27,1541,"US"
26.32,384,"US"
27.22,1899,"US"
25.3,2231,"US"
12.28,753,"UK"
26.63,1756,"US"
21.39,1458,"UK"
14.74,1239,"UK"
26.78,1817,"US"
14.73,768,"UK"
25.26,2272,"US"
27.04,1912,"US"
19.68,1401,"UK"
27.48,792,"US"
4.18,522,"GER"
26.67,2176,"US"
7.81,2011,"GER"
26.65,2219,"US"
26.36,544,"US"
4.51,1212,"GER"
24.97,1577,"US"
12.66,886,"UK"
2.89,495,"GER"
17.96,2004,"UK"
12.52,46,"UK"
6.18,1329,"GER"
26.32,273,"US"
17.6,1832,"UK"
1.93,1254,"GER"
26.72,677,"US"
26.78,2263,"US"
17.96,1770,"UK"
5.27,952,"GER"
1.66,1296,"GER"
26.36,1096,"US"
5.44,1102,"GER"
3.34,359,"GER"
27.48,1767,"US"
11.35,730,"UK"
26.15,1723,"US"
4.69,2126,"GER"
5.62,891,"GER"
26.42,2227,"US"
18.63,1776,"UK"
20.18,1458,"UK"
25.21,2274,"US"
12.1,1392,"UK"
2.95,1578,"GER"
15.25,528,"UK"
27.07,2037,"US"
26.78,782,"US"
11.86,879,"UK"
8.34,1232,"GER"
12.13,2326,"UK"
10.7,1104,"UK"
26.87,747,"US"
8.4,2016,"GER"
5.33,763,"GER"
5.84,1167,"GER"
18.7,1387,"UK"
25.51,1782,"US"
12.34,1371,"UK"
12.9,410,"UK"
2.01,1239,"GER"
26.2,287,"US"
10.14,8,"UK"
26.62,291,"US"
2.61,518,"GER"
6.91,1614,"GER"
4.24,223,"GER"
12.11,1496,"UK"
10.18,396,"UK"
25.78,1162,"US"
4.53,1278,"GER"
1.68,1029,"GER"
15.67,183,"UK"
12.66,1692,"UK"
11.59,843,"UK"
16.66,1516,"UK"
24.55,552,"US"
10.3,1120,"UK"
5.95,1366,"GER"
12.01,391,"UK"
27.39,1753,"US"
11.61,620,"UK"
6.34,1438,"GER"
6.02,1224,"GER"
25.46,1171,"US"
7.08,429,"GER"
4.5,783,"GER"
11.99,739,"UK"
27.55,1250,"US"
27.56,445,"US"
27.37,1111,"US"
26.99,1553,"US"
9.74,1044,"GER"
5.29,1355,"GER"
11.4,1396,"UK"
11.77,43,"UK"
21.87,1271,"UK"
3.56,293,"GER"
25.56,278,"US"
4.75,176,"GER"
26.1,1930,"US"
11.98,1495,"UK"
10.41,1145,"UK"
13.1,2313,"UK"
27.08,1101,"US"
17.95,1770,"UK"
25.6,1691,"US"
27.35,535,"US"
26.11,961,"US"
13.26,77,"UK"
10.81,1115,"UK"
11.31,1369,"UK"
10.61,395,"UK"
5.96,709,"GER"
24.99,380,"US"
11.83,793,"UK"
11.42,975,"UK"
1.81,772,"GER"
19.55,1076,"UK"
11.5,962,"UK"
8.2,1305,"GER"
18.31,475,"UK"
26.5,63,"US"
27.18,533,"US"
26.81,1770,"US"
25.71,1006,"US"
25.22,1074,"US"
12.06,1330,"UK"
21.61,1442,"UK"
8.25,1014,"GER"
27.09,1810,"US"
20.84,1172,"UK"
9.48,1301,"GER"
25.14,1413,"US"
3.34,360,"GER"
9.23,198,"GER"
12.73,834,"UK"
10.11,2330,"UK"
18.98,809,"UK"
26.88,269,"US"
8.97,2316,"GER"
26.95,497,"US"
16.75,242,"UK"
5.2,489,"GER"
16.91,254,"UK"
25.99,1782,"US"
12.89,1510,"UK"
7.13,2257,"GER"
11.72,1709,"UK"
8.48,2022,"GER"
7.78,1059,"GER"
21.68,1251,"UK"
26.38,2221,"US"
19.32,1153,"UK"
26.79,1378,"US"
12.45,617,"UK"
14.92,2270,"UK"
18.95,1416,"UK"
6.26,1530,"GER"
15.3,1254,"UK"
26.26,305,"US"
27,685,"US"
15.39,350,"UK"
5.36,1115,"GER"
25.7,1782,"US"
5.18,1208,"GER"
4.88,943,"GER"
10.83,1158,"UK"
5.14,1311,"GER"
9.31,1280,"GER"
17.69,340,"UK"
5.37,961,"GER"
7.93,2012,"GER"
26.73,2283,"US"
19.9,1371,"UK"
25.23,411,"US"
25.95,769,"US"
9.58,1100,"GER"
8.76,1211,"GER"
25.33,943,"US"
3.81,1303,"GER"
5.71,1113,"GER"
27.33,281,"US"
25.62,1706,"US"
10.69,1225,"UK"
18.25,433,"UK"
1.7,1150,"GER"
8.78,1233,"GER"
5.22,989,"GER"
25.26,916,"US"
11.7,1661,"UK"
25.48,127,"US"
13.36,2324,"UK"
5.34,1341,"GER"
10.15,2020,"UK"
27.45,2098,"US"
24.91,1088,"US"
20.56,1258,"UK"
12.05,1733,"UK"
9.75,1058,"GER"
11.77,832,"UK"
7.22,1709,"GER"
8.47,984,"GER"
11.52,1534,"UK"
20.96,1455,"UK"
12.5,804,"UK"
24.69,1546,"US"
18.85,820,"UK"
17.71,345,"UK"
26.4,2170,"US"
5.52,1088,"GER"
16.22,640,"UK"
12.33,826,"UK"
27.01,1812,"US"
9.41,3,"GER"
11.74,744,"UK"
8.34,1022,"GER"
6.14,838,"GER"
21.53,1454,"UK"
4.26,514,"GER"
8.93,1125,"GER"
26.45,1687,"US"
27.28,586,"US"
2.45,612,"GER"
26.7,468,"US"
24.86,1891,"US"
24.83,1919,"US"
26.3,1668,"US"
5,995,"GER"
26.82,290,"US"
2.12,1508,"GER"
20.22,1118,"UK"
17.74,2024,"UK"
6.08,1438,"GER"
5.99,1123,"GER"
27.07,1909,"US"
27.19,610,"US"
24.86,2052,"US"
25.01,2279,"US"
27.49,1650,"US"
5.85,1434,"GER"
8.25,1001,"GER"
27.63,534,"US"
17.39,1428,"UK"
27.4,1818,"US"
11.12,1465,"UK"
14.07,1614,"UK"
13.38,49,"UK"
15.74,2052,"UK"
25.62,1159,"US"
25.97,1724,"US"
15.2,121,"UK"
5.33,955,"GER"
27.31,665,"US"
11.36,393,"UK"
25.17,1149,"US"
8.64,2292,"GER"
26.21,1148,"US"
14.29,1639,"UK"
27.1,2070,"US"
21.1,1179,"UK"
13.71,709,"UK"
18.82,603,"UK"
26.01,598,"US"
24.79,2037,"US"
11.01,187,"UK"
11.21,1003,"UK"
27.27,1358,"US"
9.93,197,"GER"
16.59,659,"UK"
12.84,1701,"UK"
18.98,771,"UK"
25.32,984,"US"
12.25,2329,"UK"
21.91,1363,"UK"
6.77,237,"GER"
13.29,815,"UK"
13.18,59,"UK"
15.09,1916,"UK"
27.16,1265,"US"
16.04,2015,"UK"
27.39,1142,"US"
19.22,1234,"UK"
15.64,887,"UK"
12.77,2007,"UK"
26.95,2191,"US"
5.04,1316,"GER"
27.47,1589,"US"
26.85,2033,"US"
11.34,812,"UK"
18.98,1420,"UK"
9.2,1171,"GER"
25.29,143,"US"
27.08,479,"US"
27.03,1769,"US"
1.98,750,"GER"
6.11,831,"GER"
12.95,1516,"UK"
1.75,1435,"GER"
5.69,1147,"GER"
2.87,1802,"GER"
21.88,1421,"UK"
19.02,763,"UK"
11.34,740,"UK"
10.7,2346,"UK"
4.74,1068,"GER"
8.14,2285,"GER"
4.95,950,"GER"
24.83,1366,"US"
8.84,1160,"GER"
26.88,994,"US"
27.5,1922,"US"
25,2064,"US"
10.42,1199,"UK"
11.67,1667,"UK"
1.76,1364,"GER"
15.78,2243,"UK"
5.62,2064,"GER"
5.05,1109,"GER"
7.06,1748,"GER"
14.89,2278,"UK"
13.23,1649,"UK"
26.12,367,"US"
5.84,1341,"GER"
27.42,2047,"US"
8.24,1213,"GER"
12.62,1446,"UK"
26.37,2114,"US"
11.91,859,"UK"
12.81,2317,"UK"
8.25,2013,"GER"
2.85,1890,"GER"
5.39,823,"GER"
4.43,1909,"GER"
6.69,624,"GER"
9.01,2322,"GER"
13.13,1474,"UK"
3.19,1302,"GER"
26.98,1824,"US"
27.47,603,"US"
7.83,1102,"GER"
19.44,1408,"UK"
26.55,1370,"US"
25.07,316,"US"
10.9,1212,"UK"
26.29,1175,"US"
6.19,810,"GER"
4.94,1253,"GER"
26.24,696,"US"
26.28,1701,"US"
27.02,1916,"US"
1.94,1260,"GER"
17.34,2105,"UK"
16.86,1746,"UK"
12.58,796,"UK"
13.6,2327,"UK"
4.86,1014,"GER"
19.05,1445,"UK"
16.06,1262,"UK"
26.15,989,"US"
14.1,723,"UK"
18.99,1646,"UK"
13.84,1971,"UK"
17.23,2083,"UK"
26.8,1122,"US"
25.97,715,"US"
5.02,825,"GER"
1.79,1414,"GER"
25.25,2184,"US"
27.21,1111,"US"
14.61,500,"UK"
9.3,1189,"GER"
10.45,1215,"UK"
6.53,608,"GER"
8.58,1017,"GER"
12.41,1392,"UK"
10.76,1210,"UK"
26.45,711,"US"
26.43,442,"US"
24.65,1366,"US"
12.38,2316,"UK"
1.46,1134,"GER"
8.64,200,"GER"
13.02,53,"UK"
12.3,801,"UK"
10.71,1184,"UK"
24.66,2193,"US"
25.78,374,"US"
16.09,2196,"UK"
12.66,208,"UK"
25.42,1098,"US"
26.99,1386,"US"
16.77,486,"UK"
26.01,93,"US"
26.39,2062,"US"
17.52,1850,"UK"
26.37,961,"US"
9.4,1202,"GER"
26.98,1503,"US"
17.48,361,"UK"
12.03,2025,"UK"
21.97,1326,"UK"
1.66,832,"GER"
24.68,1179,"US"
27.44,2309,"US"
8.9,1205,"GER"
26.89,135,"US"
8.58,978,"GER"
24.61,1203,"US"
10.63,1161,"UK"
4.96,1092,"GER"
24.82,1444,"US"
4.94,176,"GER"
26.06,1509,"US"
7.73,41,"GER"
13.15,1458,"UK"
4.84,1686,"GER"
11.6,1420,"UK"
12.82,1466,"UK"
18.92,1009,"UK"
25.8,2169,"US"
27.53,2200,"US"
5.2,1508,"GER"
25.13,1906,"US"
19.54,1244,"UK"
9.88,1114,"GER"
27.26,1665,"US"
3.18,1289,"GER"
5.41,825,"GER"
12.33,1403,"UK"
6.91,578,"GER"
6.18,611,"GER"
24.61,2163,"US"
5.93,590,"GER"
26.86,1495,"US"
4.74,1021,"GER"
9.02,1206,"GER"
26.67,1535,"US"
5.93,88,"GER"
11.99,921,"UK"
10.29,8,"UK"
11.48,707,"UK"
21.47,1458,"UK"
16.82,1260,"UK"
12.16,710,"UK"
1.81,1350,"GER"
8.19,2143,"GER"
5.85,1150,"GER"
11.42,855,"UK"
27,139,"US"
6.68,1582,"GER"
17.83,665,"UK"
27.32,1732,"US"
15.92,2231,"UK"
13.73,1651,"UK"
25.35,1718,"US"
25.33,1595,"US"
12.36,2161,"UK"
16.95,1920,"UK"
24.7,1722,"US"
11.54,955,"UK"
11.77,1399,"UK"
5.74,1542,"GER"
26.96,1358,"US"
6.12,1101,"GER"
11.77,1727,"UK"
12.63,894,"UK"
25.59,1099,"US"
6.23,1182,"GER"
2.34,585,"GER"
26.87,1760,"US"
8.27,1350,"GER"
13.82,1676,"UK"
11.44,616,"UK"
5.54,1356,"GER"
26.01,1713,"US"
18.43,1881,"UK"
4.48,1197,"GER"
6.86,1618,"GER"
5.78,870,"GER"
27.57,1894,"US"
25.59,713,"US"
27.61,529,"US"
17.04,2115,"UK"
24.93,563,"US"
12.59,2320,"UK"
27.16,1772,"US"
27.43,772,"US"
14.89,136,"UK"
11.79,968,"UK"
4.56,203,"GER"
9.01,1115,"GER"
26.25,1585,"US"
26.51,634,"US"
27.25,1106,"US"
26.19,427,"US"
26.37,1910,"US"
26.88,1106,"US"
27.38,1573,"US"
17.15,299,"UK"
27.19,54,"US"
9.57,2329,"GER"
26.89,788,"US"
25.58,2064,"US"
2.16,701,"GER"
9.32,1202,"GER"
26.48,1402,"US"
10.19,1091,"UK"
1.72,1015,"GER"
5.17,1517,"GER"
25.86,2065,"US"
3.18,409,"GER"
26.06,963,"US"
5.2,945,"GER"
18.75,1808,"UK"
6.94,547,"GER"
19.91,1114,"UK"
4.71,508,"GER"
9.33,1261,"GER"
24.92,1436,"US"
5.78,1150,"GER"
13.59,1991,"UK"
5.05,2169,"GER"
25.62,1734,"US"
12.48,1522,"UK"
27.5,988,"US"
14.56,92,"UK"
11.73,628,"UK"
16.32,218,"UK"
4.62,966,"GER"
8.59,2317,"GER"
8.87,1047,"GER"
25.47,1604,"US"
24.81,309,"US"
5.31,1698,"GER"
25.33,1893,"US"
8.24,1219,"GER"
1.77,831,"GER"
6.13,927,"GER"
15.13,2086,"UK"
3.35,1997,"GER"
16.77,1764,"UK"
9.76,5,"GER"
11.31,188,"UK"
10.08,1104,"UK"
16.17,909,"UK"
4.44,1041,"GER"
14.02,1652,"UK"
25.32,68,"US"
1.82,1386,"GER"
18.91,969,"UK"
1.8,781,"GER"
14.13,1561,"UK"
7.55,1709,"GER"
10.65,30,"UK"
27,700,"US"
25.51,894,"US"
25.8,1802,"US"
5.69,1466,"GER"
25.47,225,"US"
17.15,2116,"UK"
25.91,235,"US"
26.12,1922,"US"
15.65,1255,"UK"
19.07,1541,"UK"
4.81,1309,"GER"
7.65,2282,"GER"
18.89,657,"UK"
10.32,1150,"UK"
4.89,1187,"GER"
6.78,1623,"GER"
26.15,2038,"US"
11.02,1164,"UK"
26.47,86,"US"
10.85,2348,"UK"
13.25,2308,"UK"
6.54,2101,"GER"
11.41,685,"UK"
16.24,1263,"UK"
26.33,1658,"US"
26.02,2086,"US"
3.62,1996,"GER"
7.15,579,"GER"
11.84,572,"UK"
15.47,1879,"UK"
11.2,1550,"UK"
18.99,1709,"UK"
24.9,1579,"US"
24.9,1295,"US"
26.15,88,"US"
5.91,909,"GER"
27.53,1878,"US"
14.49,2286,"UK"
26.22,1099,"US"
24.83,1449,"US"
18.81,1072,"UK"
5.41,1526,"GER"
24.77,1915,"US"
1.61,1064,"GER"
5.52,2213,"GER"
27.52,1409,"US"
18.62,1752,"UK"
5.22,1039,"GER"
27.43,2056,"US"
5.76,129,"GER"
24.54,2162,"US"
26.26,388,"US"
8.1,1330,"GER"
27.31,2046,"US"
24.94,44,"US"
26.94,1680,"US"
19.89,1356,"UK"
6.45,60,"GER"
1.88,852,"GER"
26.65,1166,"US"
12.54,2335,"UK"
6.47,2090,"GER"
18.56,1810,"UK"
12.44,832,"UK"
17.17,1464,"UK"
11.28,1323,"UK"
24.83,2267,"US"
5.26,1192,"GER"
5.17,785,"GER"
25.05,2074,"US"
11.94,1506,"UK"
12.14,776,"UK"
2.76,524,"GER"
21.87,1286,"UK"
9.82,1258,"GER"
13.51,84,"UK"
3.65,283,"GER"
24.81,1584,"US"
25.59,318,"US"
25.75,2055,"US"
25.5,250,"US"
6.13,1337,"GER"
5.25,1137,"GER"
8.9,5,"GER"
25.66,1397,"US"
11.23,1370,"UK"
24.82,2187,"US"
6.8,1619,"GER"
25.41,1501,"US"
17.17,312,"UK"
12.31,2322,"UK"
5.6,1538,"GER"
14.09,2131,"UK"
9,1103,"GER"
26.17,731,"US"
11.1,1316,"UK"
5.29,1069,"GER"
17.23,302,"UK"
2.49,617,"GER"
17.84,1543,"UK"
25.15,567,"US"
11.52,24,"UK"
11.47,928,"UK"
11.89,1412,"UK"
27.36,2192,"US"
26.35,55,"US"
25.26,138,"US"
13.23,1591,"UK"
20.07,1112,"UK"
25.83,90,"US"
19.02,1520,"UK"
14.11,737,"UK"
27.26,1396,"US"
25.28,1030,"US"
6.11,575,"GER"
21.7,1441,"UK"
27.45,472,"US"
25.88,949,"US"
16.58,218,"UK"
3.66,318,"GER"
13.25,1661,"UK"
5.26,1016,"GER"
7.71,205,"GER"
5.7,937,"GER"
6.57,1680,"GER"
25.19,717,"US"
13.57,1693,"UK"
8.85,1068,"GER"
6.8,76,"GER"
3.7,2019,"GER"
27.12,2214,"US"
8.7,992,"GER"
15.75,1257,"UK"
27.39,1721,"US"
2.27,629,"GER"
20.29,1437,"UK"
11.53,1670,"UK"
17.12,1706,"UK"
7.81,1002,"GER"
11.11,1439,"UK"
10.94,2018,"UK"
4.67,329,"GER"
12.59,754,"UK"
11.72,1647,"UK"
27.61,1673,"US"
25.52,1356,"US"
10.06,2340,"UK"
25.52,277,"US"
11.82,1433,"UK"
5.16,757,"GER"
27.46,366,"US"
26.04,1716,"US"
25.02,382,"US"
25.11,1533,"US"
26.11,60,"US"
19.75,1077,"UK"
16.05,1827,"UK"
26.07,530,"US"
7.47,560,"GER"
26.51,769,"US"
1.58,1084,"GER"
3.61,823,"GER"
12.79,2007,"UK"
26.4,248,"US"
13.78,798,"UK"
25.38,927,"US"
13.67,1661,"UK"
12.46,1406,"UK"
13.56,247,"UK"
9.81,1241,"GER"
6.8,1568,"GER"
5.76,1431,"GER"
11.61,564,"UK"
25.68,1381,"US"
5.49,1175,"GER"
10.84,2344,"UK"
26.02,154,"US"
18.05,1995,"UK"
11.45,981,"UK"
5.26,2035,"GER"
12.75,1399,"UK"
25.32,247,"US"
2.49,1261,"GER"
15.84,2041,"UK"
11.72,2318,"UK"
5.35,837,"GER"
6.92,643,"GER"
9.67,2166,"GER"
13.19,861,"UK"
27.64,1229,"US"
26.35,759,"US"
26.62,472,"US"
26.02,253,"US"
27.61,2187,"US"
12.87,1700,"UK"
8.91,1304,"GER"
5.83,1186,"GER"
26.25,569,"US"
19.44,1235,"UK"
9.41,1266,"GER"
26.34,1383,"US"
2.97,449,"GER"
1.99,741,"GER"
5.13,1425,"GER"
12.4,1511,"UK"
11.64,621,"UK"
12.74,407,"UK"
5.41,146,"GER"
10.35,1153,"UK"
12.79,1501,"UK"
6.61,656,"GER"
7.33,558,"GER"
2.7,1826,"GER"
25.81,1893,"US"
18.52,506,"UK"
11.76,1525,"UK"
11.27,1570,"UK"
8.14,420,"GER"
4.78,2019,"GER"
27.68,1559,"US"
5.19,1486,"GER"
5.88,896,"GER"
12.15,598,"UK"
16.53,1264,"UK"
27.56,703,"US"
8.48,40,"GER"
18.84,910,"UK"
13.65,1527,"UK"
11.57,1400,"UK"
4.92,182,"GER"
6.92,2251,"GER"
24.92,1448,"US"
27.58,690,"US"
6.01,468,"GER"
2.75,456,"GER"
8.14,1318,"GER"
25.99,249,"US"
14.14,721,"UK"
27.53,794,"US"
15.38,543,"UK"
25.96,615,"US"
24.91,1591,"US"
27.66,1752,"US"
19.26,1148,"UK"
25,2048,"US"
11.31,1150,"UK"
4.13,1885,"GER"
8.48,1148,"GER"
11.49,798,"UK"
21.02,1165,"UK"
27.1,931,"US"
24.74,1532,"US"
18.64,1033,"UK"
9.89,1165,"GER"
17.41,743,"UK"
5.93,2225,"GER"
27.64,1739,"US"
27.45,1813,"US"
26.52,1027,"US"
25.32,226,"US"
7.65,1754,"GER"
1.64,859,"GER"
26.89,737,"US"
26.95,2030,"US"
5.88,1357,"GER"
26.65,1493,"US"
13.34,1552,"UK"
13.1,865,"UK"
3.57,825,"GER"
6.59,597,"GER"
5.33,964,"GER"
13.83,723,"UK"
25.39,325,"US"
8.85,1286,"GER"
24.87,752,"US"
26.32,1240,"US"
27.54,981,"US"
24.91,2286,"US"
24.98,296,"US"
14.42,2114,"UK"
5.81,1358,"GER"
27.34,2282,"US"
24.77,1908,"US"
26.3,614,"US"
1.85,1470,"GER"
26.63,1088,"US"
20.46,1139,"UK"
15.24,538,"UK"
27.37,1599,"US"
14.49,2296,"UK"
25.82,320,"US"
11.5,613,"UK"
24.91,2058,"US"
12.3,1734,"UK"
25.74,536,"US"
11.53,891,"UK"
5.71,1552,"GER"
26.83,1777,"US"
26.5,2291,"US"
25.03,1700,"US"
26.99,1745,"US"
8.68,1347,"GER"
12.07,799,"UK"
7.09,1657,"GER"
26.05,1514,"US"
26.86,2052,"US"
1.7,968,"GER"
9.21,191,"GER"
9.3,1163,"GER"
26.26,369,"US"
5.63,800,"GER"
1.78,1010,"GER"
5.55,1069,"GER"
18.68,1842,"UK"
6.47,1979,"GER"
25.04,309,"US"
12.83,1682,"UK"
25.92,1012,"US"
25.88,2248,"US"
26.78,77,"US"
7.19,2125,"GER"
5.57,132,"GER"
14.54,792,"UK"
26.38,1680,"US"
5.38,756,"GER"
13.83,1971,"UK"
17.21,1005,"UK"
13.37,794,"UK"
6.32,1557,"GER"
26.39,640,"US"
7.09,1608,"GER"
12.1,846,"UK"
12.16,1433,"UK"
2.15,746,"GER"
19.9,1412,"UK"
13.82,2131,"UK"
25.03,1581,"US"
6.11,862,"GER"
16.78,688,"UK"
18.42,1924,"UK"
13.79,2309,"UK"
26.97,1747,"US"
8.17,1006,"GER"
2.2,1486,"GER"
27.57,2097,"US"
26.97,2167,"US"
26.26,630,"US"
12.29,2334,"UK"
13.75,2129,"UK"
12.64,647,"UK"
21.45,1207,"UK"
9.41,1064,"GER"
18.29,498,"UK"
26.04,539,"US"
11.21,1024,"UK"
24.64,1949,"US"
11.72,1511,"UK"
7.32,511,"GER"
5.66,1134,"GER"
26.88,128,"US"
17.52,1624,"UK"
9.25,1267,"GER"
27.07,150,"US"
16.75,1507,"UK"
16.53,1973,"UK"
11.44,839,"UK"
5.46,711,"GER"
10.7,1224,"UK"
18.85,1395,"UK"
24.97,1913,"US"
26.54,2227,"US"
16.32,922,"UK"
17.94,410,"UK"
25.28,1652,"US"
25.42,1122,"US"
7.99,1118,"GER"
26.05,444,"US"
5.27,1223,"GER"
25.7,1529,"US"
25.44,928,"US"
12.32,743,"UK"
26.79,1719,"US"
25.72,2171,"US"
19.45,1096,"UK"
7.07,1624,"GER"
25.77,2069,"US"
15.18,534,"UK"
26.79,627,"US"
26.6,454,"US"
11.44,1549,"UK"
24.78,344,"US"
27.09,2107,"US"
26.72,1085,"US"
25.24,404,"US"
6,710,"GER"
8.54,1089,"GER"
8.35,1345,"GER"
11.34,748,"UK"
18.78,1058,"UK"
5.68,273,"GER"
17.22,740,"UK"
5.7,969,"GER"
25.08,1898,"US"
11.74,30,"UK"
16.41,1992,"UK"
11.5,971,"UK"
27.31,691,"US"
11.14,944,"UK"
8.84,2013,"GER"
19.79,1100,"UK"
26.33,2170,"US"
12.65,1439,"UK"
24.68,2099,"US"
21.92,1401,"UK"
10.16,1229,"UK"
4.19,2082,"GER"
18.72,1265,"UK"
27.52,280,"US"
26.52,80,"US"
17.82,650,"UK"
20.18,1447,"UK"
7.35,514,"GER"
11.82,824,"UK"
8.39,955,"GER"
25.46,2277,"US"
24.77,2074,"US"
8.93,2306,"GER"
27.18,245,"US"
12.5,2330,"UK"
12.19,750,"UK"
7.14,525,"GER"
4.68,990,"GER"
8.97,1046,"GER"
25.16,2111,"US"
14.53,773,"UK"
25.49,215,"US"
16.8,955,"UK"
8.28,35,"GER"
25.59,1364,"US"
13.83,79,"UK"
27.11,297,"US"
11.96,1445,"UK"
12.1,1738,"UK"
7.2,566,"GER"
6.34,960,"GER"
26.81,565,"US"
2.45,1264,"GER"
24.97,1507,"US"
25.52,1801,"US"
4.42,1041,"GER"
25.15,1706,"US"
25.53,1668,"US"
26.51,1898,"US"
26.42,452,"US"
17.95,442,"UK"
6.02,1116,"GER"
5.51,725,"GER"
5.65,131,"GER"
22.03,1410,"UK"
27.12,1374,"US"
27.52,575,"US"
25.98,576,"US"
27.05,260,"US"
11.73,837,"UK"
24.91,1977,"US"
17.3,1680,"UK"
24.95,1030,"US"
2.42,693,"GER"
6.22,950,"GER"
8.02,2010,"GER"
26.06,2197,"US"
12.56,1375,"UK"
11.68,567,"UK"
7.23,1751,"GER"
26.03,1592,"US"
9.51,1170,"GER"
13.05,860,"UK"
13.04,833,"UK"
27.27,635,"US"
27.27,2088,"US"
25.98,1249,"US"
11.17,2017,"UK"
6.43,1638,"GER"
25.45,1733,"US"
26.35,2245,"US"
21.35,1476,"UK"
17.41,762,"UK"
6.78,1703,"GER"
26.96,1273,"US"
18.4,1898,"UK"
25.82,909,"US"
3.04,864,"GER"
3.01,453,"GER"
13,1703,"UK"
15.93,602,"UK"
17.55,325,"UK"
16.27,1559,"UK"
26.07,1699,"US"
13.35,2310,"UK"
8.82,28,"GER"
6.05,1569,"GER"
27.26,2039,"US"
15.44,2054,"UK"
10.42,1221,"UK"
8.66,1003,"GER"
16.72,1514,"UK"
25.36,1800,"US"
17.19,2090,"UK"
26.53,1736,"US"
12.68,1683,"UK"
6.77,560,"GER"
17.22,1690,"UK"
17.72,359,"UK"
25.08,1545,"US"
5.64,1461,"GER"
2.21,713,"GER"
18.79,877,"UK"
21.84,1260,"UK"
4.49,341,"GER"
20.79,1163,"UK"
26.14,1398,"US"
25.97,72,"US"
11.02,394,"UK"
12.29,34,"UK"
10.13,1130,"UK"
27.12,769,"US"
19.24,1066,"UK"
25.81,2097,"US"
13.9,1614,"UK"
9.44,29,"GER"
4.21,241,"GER"
3.92,2086,"GER"
13.55,1573,"UK"
16.69,681,"UK"
16.61,233,"UK"
13.97,1631,"UK"
13.22,1556,"UK"
11.34,1666,"UK"
5.08,1281,"GER"
5.27,2188,"GER"
10.71,1111,"UK"
2.58,513,"GER"
4.17,241,"GER"
6.48,666,"GER"
11.49,622,"UK"
26.64,2226,"US"
5.34,1036,"GER"
25.45,537,"US"
26.39,1600,"US"
27.68,1746,"US"
14.73,2098,"UK"
11.42,599,"UK"
14.29,1627,"UK"
11.32,770,"UK"
12.9,1681,"UK"
6.03,886,"GER"
11.18,1176,"UK"
16.28,219,"UK"
26.31,569,"US"
20.76,1477,"UK"
18.91,1695,"UK"
12.6,405,"UK"
4.63,1913,"GER"
25.19,750,"US"
17.02,2139,"UK"
25.33,1356,"US"
13.42,1671,"UK"
11.02,1201,"UK"
27.09,1810,"US"
26.53,1720,"US"
13.45,771,"UK"
6.04,1433,"GER"
25.9,1028,"US"
10.18,2325,"UK"
13.92,1533,"UK"
25.46,1117,"US"
18.46,510,"UK"
7.31,1735,"GER"
14.33,85,"UK"
27.53,462,"US"
5.75,1077,"GER"
24.35,391,"US"
25.26,1515,"US"
25.93,2082,"US"
18.86,1276,"UK"
27.33,2070,"US"
13.09,1490,"UK"
5.1,1033,"GER"
5.88,876,"GER"
5.84,1564,"GER"
8.72,1028,"GER"
5.03,819,"GER"
6.5,653,"GER"
11.6,1555,"UK"
5.95,1423,"GER"
9.75,1045,"GER"
12.99,2005,"UK"
25.21,294,"US"
25.63,1660,"US"
26.58,2041,"US"
25.89,1145,"US"
27.59,401,"US"
27.53,532,"US"
18.8,995,"UK"
26.05,388,"US"
8.26,2299,"GER"
12.56,1534,"UK"
20.63,1446,"UK"
21.22,1480,"UK"
13.4,825,"UK"
26.9,644,"US"
5.42,1550,"GER"
6.93,1703,"GER"
10.4,1221,"UK"
1.68,1030,"GER"
24.83,2101,"US"
13.14,1681,"UK"
2,1567,"GER"
26.94,1512,"US"
3.64,2018,"GER"
15.22,2251,"UK"
26.67,2291,"US"
26.9,2240,"US"
5.76,1225,"GER"
9.02,2300,"GER"
24.8,1175,"US"
27.65,674,"US"
25.92,901,"US"
11.54,558,"UK"
18.23,1924,"UK"
25.19,1443,"US"
18.68,601,"UK"
25.94,1884,"US"
6.17,895,"GER"
18.88,1584,"UK"
18.82,1577,"UK"
27.11,57,"US"
25.19,998,"US"
26.69,1270,"US"
16.7,953,"UK"
25,1772,"US"
12.81,1434,"UK"
6.81,640,"GER"
18.81,1622,"UK"
27.1,691,"US"
7.39,539,"GER"
24.84,1557,"US"
26.24,317,"US"
8.48,24,"GER"
12.62,2012,"UK"
26.12,2113,"US"
12.37,739,"UK"
26.8,504,"US"
26.08,932,"US"
26.26,932,"US"
8.75,1220,"GER"
12.5,1538,"UK"
11.85,1550,"UK"
6.7,2266,"GER"
12.07,811,"UK"
7.49,520,"GER"
10.49,28,"UK"
18.96,1673,"UK"
13.65,1678,"UK"
2.69,1769,"GER"
10.78,2022,"UK"
17.06,284,"UK"
9.08,17,"GER"
26.52,1786,"US"
10.09,1042,"UK"
12.75,801,"UK"
5.78,1479,"GER"
4.17,2100,"GER"
5.42,279,"GER"
26.24,242,"US"
5.75,1342,"GER"
2.06,1497,"GER"
25.74,2054,"US"
6.22,878,"GER"
2.36,641,"GER"
5.85,1410,"GER"
3.2,1292,"GER"
21.25,1170,"UK"
12.46,1437,"UK"
6.63,1645,"GER"
25.68,1622,"US"
14.02,808,"UK"
18.44,483,"UK"
12.13,1736,"UK"
25.38,297,"US"
25.48,1572,"US"
25.42,1131,"US"
13.52,1553,"UK"
5.54,117,"GER"
4.41,1902,"GER"
27.39,364,"US"
11.57,744,"UK"
18.29,442,"UK"
6.46,1594,"GER"
26.18,241,"US"
26.86,1738,"US"
7.02,537,"GER"
18.79,601,"UK"
26.23,619,"US"
6.15,1083,"GER"
25.84,565,"US"
27.24,533,"US"
12.73,854,"UK"
24.83,2207,"US"
25.47,1402,"US"
2.2,1545,"GER"
3.41,316,"GER"
18.82,1575,"UK"
6.65,1541,"GER"
18.89,1600,"UK"
9.57,2029,"GER"
11.1,950,"UK"
3.23,1957,"GER"
25.77,1910,"US"
26.59,289,"US"
8.78,2304,"GER"
5.79,770,"GER"
25.48,1912,"US"
25.94,2270,"US"
6.96,496,"GER"
26.01,1701,"US"
11.18,887,"UK"
27.48,2063,"US"
13.86,2312,"UK"
25.72,247,"US"
5.25,1429,"GER"
26.28,1360,"US"
9.05,398,"GER"
3.45,2029,"GER"
16.53,1271,"UK"
11.18,727,"UK"
26.54,1247,"US"
12.89,1494,"UK"
26.14,2274,"US"
13.97,449,"UK"
9.42,2021,"GER"
4.65,1053,"GER"
8.08,1150,"GER"
2.52,550,"GER"
24.79,1010,"US"
21.1,1174,"UK"
27.51,1123,"US"
11.3,1395,"UK"
11.25,30,"UK"
25.67,1092,"US"
26.45,1373,"US"
12.39,1486,"UK"
6.82,1632,"GER"
7.34,1758,"GER"
24.5,302,"US"
17.41,2095,"UK"
14.49,1563,"UK"
25.03,1877,"US"
26.51,377,"US"
14.5,1603,"UK"
5.66,1561,"GER"
5.6,1482,"GER"
5.77,854,"GER"
26.75,61,"US"
11.88,554,"UK"
6.4,589,"GER"
26.16,2025,"US"
8.81,1112,"GER"
7.42,533,"GER"
26.49,2113,"US"
26.29,386,"US"
5.54,846,"GER"
4.83,1190,"GER"
11.14,1302,"UK"
27.3,1407,"US"
26.43,1915,"US"
27.32,917,"US"
10.11,1119,"UK"
24.89,1017,"US"
12.27,771,"UK"
5.99,890,"GER"
12.13,2326,"UK"
25.04,2050,"US"
5.81,726,"GER"
13.77,1509,"UK"
25.39,226,"US"
19.03,1618,"UK"
5.65,1488,"GER"
26.71,373,"US"
26.98,1966,"US"
6.13,667,"GER"
27.49,1730,"US"
13.92,457,"UK"
24.99,1189,"US"
26.79,1523,"US"
27.33,608,"US"
6.21,609,"GER"
25.25,1811,"US"
2.71,475,"GER"
25.68,2235,"US"
14.65,760,"UK"
26.09,2207,"US"
25.71,1159,"US"
26.17,1393,"US"
5.83,1961,"GER"
17.5,1620,"UK"
18.82,1266,"UK"
27.55,998,"US"
26.36,1935,"US"
12.98,1445,"UK"
26.91,1722,"US"
5.35,1400,"GER"
5.86,1357,"GER"
7.03,492,"GER"
27.31,2310,"US"
16.82,1512,"UK"
4.92,990,"GER"
5.88,718,"GER"
17.34,321,"UK"
8.33,1128,"GER"
9.23,2314,"GER"
12.1,864,"UK"
25.16,1729,"US"
5.34,1559,"GER"
27.54,1097,"US"
6.77,706,"GER"
1.95,832,"GER"
19.77,1429,"UK"
25.71,408,"US"
26.69,1629,"US"
25.19,2026,"US"
18.02,439,"UK"
6.97,2121,"GER"
6.46,1568,"GER"
2.71,467,"GER"
27.07,948,"US"
26.36,246,"US"
26.02,1375,"US"
27.47,271,"US"
27.3,390,"US"
5.63,1095,"GER"
24.67,403,"US"
6.37,689,"GER"
3.65,835,"GER"
11.69,917,"UK"
5.7,1387,"GER"
17.61,2064,"UK"
17.7,1585,"UK"
3.54,342,"GER"
17.45,354,"UK"
6.47,680,"GER"
7.5,1738,"GER"
27.24,678,"US"
2.87,871,"GER"
13.66,60,"UK"
6.08,2228,"GER"
4.91,979,"GER"
7.37,2266,"GER"
25.08,1587,"US"
27.23,668,"US"
26.91,630,"US"
10.88,1189,"UK"
11.14,1454,"UK"
5.05,1154,"GER"
16.06,616,"UK"
11.09,2333,"UK"
12.49,1603,"UK"
8.31,2284,"GER"
2.38,699,"GER"
7.83,2014,"GER"
12.81,638,"UK"
5.69,1396,"GER"
1.85,1312,"GER"
26.17,2043,"US"
15.3,1244,"UK"
5.23,910,"GER"
19.8,1442,"UK"
12.35,1445,"UK"
25.65,2045,"US"
13.35,2143,"UK"
12.51,40,"UK"
26.24,1088,"US"
9.69,392,"GER"
25.72,1725,"US"
26.43,952,"US"
25.02,2052,"US"
16.88,251,"UK"
26.73,1118,"US"
25.19,1150,"US"
3.31,346,"GER"
17.08,2098,"UK"
11.6,1723,"UK"
25.7,2282,"US"
18.62,1863,"UK"
10.07,1148,"UK"
26.1,929,"US"
27.59,1390,"US"
6.11,708,"GER"
13.78,730,"UK"
6.7,1664,"GER"
26.9,2212,"US"
14.11,277,"UK"
26.32,1844,"US"
12.32,2326,"UK"
25.8,1021,"US"
26.37,71,"US"
26.62,731,"US"
1.73,1261,"GER"
18.06,430,"UK"
25.11,1029,"US"
11.4,1173,"UK"
12.14,1517,"UK"
11.64,1525,"UK"
26.2,771,"US"
26.73,1835,"US"
12.09,759,"UK"
27.33,1669,"US"
5.32,1196,"GER"
25.15,1195,"US"
1.73,1271,"GER"
12.03,927,"UK"
11.44,1470,"UK"
5.81,884,"GER"
25.75,2035,"US"
5.58,954,"GER"
24.64,1085,"US"
4.92,2149,"GER"
14.94,126,"UK"
27.1,701,"US"
5.4,1553,"GER"
5.77,100,"GER"
11.27,661,"UK"
14.19,1953,"UK"
26.21,1389,"US"
12.96,1583,"UK"
1.68,870,"GER"
5.99,1141,"GER"
4.93,307,"GER"
25.24,2033,"US"
16.54,464,"UK"
11.76,1749,"UK"
2.16,1676,"GER"
19.39,1246,"UK"
1.73,874,"GER"
9.15,1122,"GER"
13.13,1528,"UK"
25.17,994,"US"
25.92,2301,"US"
9.77,1058,"GER"
18.95,1407,"UK"
26.61,405,"US"
4.55,1051,"GER"
12.07,1384,"UK"
9.75,2314,"GER"
5.74,773,"GER"
27.52,1771,"US"
14.17,737,"UK"
26.22,638,"US"
19.08,1071,"UK"
18.59,613,"UK"
25.55,1667,"US"
7.32,549,"GER"
6.78,239,"GER"
10.01,1105,"UK"
26.72,540,"US"
11.24,720,"UK"
14.22,1614,"UK"
11.75,747,"UK"
24.87,1718,"US"
5.68,1467,"GER"
24.8,1058,"US"
18.67,1841,"UK"
25.6,1585,"US"
12.98,1431,"UK"
25.95,2229,"US"
13.18,840,"UK"
17.05,724,"UK"
21.66,1217,"UK"
26.85,1111,"US"
27.26,1940,"US"
25.64,923,"US"
27.19,389,"US"
26.47,1880,"US"
2.89,1888,"GER"
26.34,2028,"US"
24.49,550,"US"
10.94,1188,"UK"
4.46,342,"GER"
25.45,1760,"US"
24.64,1010,"US"
15.1,2250,"UK"
14.76,311,"UK"
25.84,174,"US"
13.41,1551,"UK"
12.48,1474,"UK"
3.97,2056,"GER"
1.93,1616,"GER"
5.52,929,"GER"
26.58,311,"US"
25.72,1238,"US"
12.23,1455,"UK"
24.68,722,"US"
17.44,601,"UK"
24.89,1990,"US"
24.64,2159,"US"
4.83,1045,"GER"
17.49,1250,"UK"
26.44,1741,"US"
16.45,663,"UK"
26.87,2284,"US"
5.72,1136,"GER"
13.23,44,"UK"
10.08,1062,"UK"
3,1932,"GER"
7.06,1601,"GER"
19.11,830,"UK"
26.36,2251,"US"
6.29,621,"GER"
8.79,1101,"GER"
17.31,335,"UK"
1.82,1392,"GER"
25.44,1247,"US"
25.27,1605,"US"
2.79,512,"GER"
25.9,1180,"US"
5.58,756,"GER"
25.19,1094,"US"
26.63,729,"US"
17.8,406,"UK"
7.55,2267,"GER"
25.58,70,"US"
27.32,1093,"US"
14.13,742,"UK"
27.42,72,"US"
26.06,1372,"US"
12.26,579,"UK"
2.35,642,"GER"
25.74,1623,"US"
11.03,200,"UK"
24.64,301,"US"
18.77,716,"UK"
16.88,689,"UK"
12.34,2019,"UK"
5.39,276,"GER"
13.8,453,"UK"
8.14,44,"GER"
24.83,1950,"US"
1.68,1398,"GER"
11.47,768,"UK"
27.5,457,"US"
6.37,924,"GER"
6.52,1979,"GER"
8.48,963,"GER"
26.89,55,"US"
16.21,221,"UK"
27.34,1360,"US"
26.49,963,"US"
5.58,1354,"GER"
26.22,2034,"US"
12.39,1558,"UK"
9.11,1035,"GER"
5.76,111,"GER"
25.68,65,"US"
13.56,1683,"UK"
12.91,1998,"UK"
9.34,1037,"GER"
27,1884,"US"
6.12,2226,"GER"
26.65,793,"US"
27,2288,"US"
8.5,1357,"GER"
16.78,1740,"UK"
14.5,775,"UK"
12.85,1695,"UK"
6.59,1621,"GER"
26.5,1090,"US"
6.58,717,"GER"
9.08,1148,"GER"
2.01,1235,"GER"
26.21,1380,"US"
5.58,1419,"GER"
27.07,401,"US"
12.24,1519,"UK"
6.38,837,"GER"
19.09,878,"UK"
25.22,1236,"US"
25.94,1483,"US"
16.54,224,"UK"
16.11,1562,"UK"
26.3,1672,"US"
26.31,1724,"US"
25.41,1577,"US"
26.22,2093,"US"
13.13,1475,"UK"
6.91,444,"GER"
27.33,1952,"US"
14.77,780,"UK"
24.61,2097,"US"
14.39,1566,"UK"
6.49,1669,"GER"
7.94,960,"GER"
14.59,1597,"UK"
25.32,1794,"US"
3.2,1927,"GER"
26.79,2273,"US"
26.2,907,"US"
4.91,909,"GER"
11.52,846,"UK"
6.54,1660,"GER"
25.48,402,"US"
14.55,1631,"UK"
26.83,1135,"US"
5.88,845,"GER"
25.42,1517,"US"
5.47,908,"GER"
25.9,437,"US"
10.82,1133,"UK"
26.66,1612,"US"
26.32,86,"US"
25.12,1913,"US"
4.86,1011,"GER"
7.44,43,"GER"
6.19,713,"GER"
25.93,2089,"US"
9.62,1270,"GER"
9.16,1078,"GER"
25.39,1837,"US"
3.17,850,"GER"
12.67,1530,"UK"
24.58,2166,"US"
26.41,1152,"US"
18.99,1690,"UK"
9.66,1281,"GER"
26.76,288,"US"
5.05,1200,"GER"
27.11,365,"US"
27.05,911,"US"
25.69,219,"US"
4.91,2166,"GER"
26.75,1106,"US"
25.11,1170,"US"
26.74,1007,"US"
15.89,170,"UK"
6.96,1652,"GER"
18.85,1624,"UK"
8.65,1096,"GER"
10.48,1094,"UK"
7.1,1652,"GER"
25.91,2236,"US"
25.89,2049,"US"
13.06,1429,"UK"
11.35,1608,"UK"
14.25,2286,"UK"
12.31,721,"UK"
13.33,1498,"UK"
17.94,1995,"UK"
17.26,1008,"UK"
12.47,908,"UK"
12.41,1510,"UK"
13.26,645,"UK"
25.65,1890,"US"
12.21,2161,"UK"
24.58,744,"US"
13.46,1580,"UK"
25.45,34,"US"
15.31,2076,"UK"
26.63,661,"US"
27.55,1686,"US"
24.87,544,"US"
13.71,1675,"UK"
15.77,168,"UK"
5.71,912,"GER"
7.55,42,"GER"
5.08,1166,"GER"
26.01,1791,"US"
14.8,132,"UK"
9.17,2161,"GER"
13.17,852,"UK"
25.22,1324,"US"
6.42,901,"GER"
13.58,70,"UK"
17.09,1258,"UK"
16.23,1259,"UK"
24.79,2081,"US"
26.32,954,"US"
2.82,1790,"GER"
6.04,1526,"GER"
24.98,1547,"US"
12.68,2009,"UK"
26.98,1382,"US"
25.55,1189,"US"
6.15,1443,"GER"
18.83,711,"UK"
26.94,2130,"US"
25.44,2236,"US"
15.93,195,"UK"
19.16,1143,"UK"
21.02,1177,"UK"
9.38,1025,"GER"
18.72,1407,"UK"
13.2,801,"UK"
26.44,1394,"US"
14.74,1583,"UK"
7.18,2274,"GER"
16.11,608,"UK"
18.89,817,"UK"
11.82,1644,"UK"
6.21,93,"GER"
8.62,12,"GER"
16.75,234,"UK"
2.18,1666,"GER"
19.5,1394,"UK"
4.48,1919,"GER"
11.87,1321,"UK"
13.72,1508,"UK"
7.07,587,"GER"
5.31,2164,"GER"
2.14,1646,"GER"
6.62,440,"GER"
14.78,1922,"UK"
18.82,794,"UK"
5.18,1515,"GER"
5.3,1526,"GER"
5.4,784,"GER"
10.61,1088,"UK"
25.85,1390,"US"
25.25,2272,"US"
12.11,1587,"UK"
6.14,677,"GER"
6.86,1662,"GER"
6.01,1164,"GER"
6.36,75,"GER"
9.23,1089,"GER"
13.73,686,"UK"
26.19,2195,"US"
18.53,540,"UK"
8.1,1251,"GER"
11.13,1196,"UK"
18.48,531,"UK"
15.2,2269,"UK"
9.37,1144,"GER"
25.51,243,"US"
11.7,1536,"UK"
11.69,607,"UK"
9.21,1158,"GER"
15.48,1251,"UK"
25.04,1721,"US"
8.01,956,"GER"
25.12,1883,"US"
5.54,111,"GER"
11.65,923,"UK"
12.67,1465,"UK"
4.97,1454,"GER"
11.7,761,"UK"
25.92,534,"US"
4.14,250,"GER"
9.61,2333,"GER"
11.16,1426,"UK"
8.01,1036,"GER"
27.09,1742,"US"
11.22,2347,"UK"
11.17,1299,"UK"
6.58,1709,"GER"
26.53,1823,"US"
24.99,1951,"US"
19.62,1098,"UK"
5.15,925,"GER"
25.04,735,"US"
27.24,176,"US"
25.52,1674,"US"
11.76,1672,"UK"
6.77,79,"GER"
11.69,2171,"UK"
24.89,1987,"US"
25.4,61,"US"
26.39,308,"US"
25.34,233,"US"
5.36,132,"GER"
12.15,20,"UK"
9.01,1028,"GER"
25.22,1160,"US"
11.11,1198,"UK"
26.45,104,"US"
16.22,1821,"UK"
27.49,451,"US"
26.92,59,"US"
12.49,850,"UK"
3.65,1847,"GER"
8.91,1328,"GER"
26.09,918,"US"
11.12,886,"UK"
27.09,1740,"US"
12.15,2318,"UK"
12.17,609,"UK"
6.82,634,"GER"
26.07,734,"US"
24.76,2277,"US"
20.2,1111,"UK"
27,1236,"US"
24.82,2127,"US"
18.77,1670,"UK"
9.81,1140,"GER"
27.35,2096,"US"
12.79,746,"UK"
25.39,1011,"US"
15.26,2260,"UK"
6.06,1339,"GER"
27.2,1380,"US"
5.72,691,"GER"
27.23,1935,"US"
11.78,542,"UK"
15.82,1268,"UK"
25.05,1773,"US"
9.57,1082,"GER"
5.54,758,"GER"
26.58,2223,"US"
25.08,83,"US"
25.12,1411,"US"
26.49,1908,"US"
18.62,638,"UK"
27.44,1757,"US"
9.83,2023,"GER"
27.16,2292,"US"
12.68,2336,"UK"
27.18,681,"US"
9.43,2336,"GER"
26.13,1937,"US"
8.49,1118,"GER"
5.03,1069,"GER"
25.83,1617,"US"
11.39,1349,"UK"
27.28,51,"US"
12.75,648,"UK"
7.74,2277,"GER"
12.99,1670,"UK"
25.17,407,"US"
10.94,1192,"UK"
25.19,2132,"US"
26.55,528,"US"
27.38,481,"US"
25.04,550,"US"
2.23,1523,"GER"
4.33,350,"GER"
26.62,487,"US"
27.44,931,"US"
27.51,1743,"US"
21.01,1469,"UK"
11.05,883,"UK"
26.39,1391,"US"
13.94,1628,"UK"
14.29,1572,"UK"
5.03,1026,"GER"
26.19,477,"US"
26.72,774,"US"
5.65,791,"GER"
20.01,1193,"UK"
25.29,1878,"US"
24.77,2290,"US"
26.4,63,"US"
13.79,1981,"UK"
6.7,1622,"GER"
3.87,2061,"GER"
25.52,525,"US"
5.39,1958,"GER"
12.24,806,"UK"
13.23,819,"UK"
9.08,1092,"GER"
11.16,1019,"UK"
24.82,1793,"US"
25.28,914,"US"
15.28,2250,"UK"
25.21,2183,"US"
11.3,749,"UK"
10.08,2325,"UK"
5.13,981,"GER"
17.5,1615,"UK"
27.3,696,"US"
5.24,1122,"GER"
5.55,1478,"GER"
4.55,1216,"GER"
26.25,1478,"US"
6.8,1715,"GER"
26.64,1769,"US"
12.7,657,"UK"
11.56,730,"UK"
5.89,1410,"GER"
4.68,1074,"GER"
26.39,130,"US"
25.91,1539,"US"
16.15,1265,"UK"
25.39,2057,"US"
12.79,792,"UK"
11.82,752,"UK"
5.46,771,"GER"
25.4,1152,"US"
27.28,1529,"US"
11.61,1418,"UK"
7.34,434,"GER"
12.65,52,"UK"
1.73,832,"GER"
11.89,1334,"UK"
25.1,225,"US"
26.44,524,"US"
9.14,8,"GER"
13.84,1664,"UK"
11.12,786,"UK"
11.14,995,"UK"
19.18,1296,"UK"
25.26,1578,"US"
6.94,639,"GER"
26.69,1668,"US"
25.95,713,"US"
2,1260,"GER"
11.58,1483,"UK"
14.64,2294,"UK"
10.8,188,"UK"
26.02,452,"US"
11.08,964,"UK"
5.45,136,"GER"
26.66,662,"US"
11.73,835,"UK"
26.34,2281,"US"
24.88,753,"US"
27.02,261,"US"
27.5,2113,"US"
26.06,913,"US"
25.15,2097,"US"
4.71,1030,"GER"
25.58,299,"US"
5.7,789,"GER"
19.14,1380,"UK"
25.88,1923,"US"
24.77,1704,"US"
8.82,32,"GER"
25.39,721,"US"
24.63,63,"US"
5.92,1965,"GER"
24.8,86,"US"
26.11,2193,"US"
6.29,841,"GER"
8.73,1177,"GER"
14.51,757,"UK"
26.01,1504,"US"
3.95,271,"GER"
1.82,856,"GER"
18.89,1633,"UK"
9.51,1139,"GER"
16.17,184,"UK"
5.97,2075,"GER"
13.54,1569,"UK"
5.8,261,"GER"
5.07,1295,"GER"
26.94,451,"US"
6.51,1984,"GER"
6.02,1100,"GER"
26.76,1591,"US"
24.5,1374,"US"
25.44,1233,"US"
26.73,1103,"US"
25.79,291,"US"
21.92,1396,"UK"
6.73,1572,"GER"
20.47,1455,"UK"
26.37,1836,"US"
13.64,1974,"UK"
18.83,926,"UK"
6.14,715,"GER"
1.78,842,"GER"
5.21,755,"GER"
8.75,1030,"GER"
11.39,1344,"UK"
12.66,839,"UK"
27.06,1408,"US"
16.32,2177,"UK"
13.64,1693,"UK"
3.07,587,"GER"
13.25,2145,"UK"
11.68,1377,"UK"
5.7,789,"GER"
17.66,2063,"UK"
14.45,1943,"UK"
4.82,1070,"GER"
3.83,2078,"GER"
21.06,1473,"UK"
12.26,619,"UK"
27.54,264,"US"
5.46,1382,"GER"
26.68,1771,"US"
26.25,2105,"US"
10.03,31,"UK"
11.78,812,"UK"
25.98,1016,"US"
5.99,1221,"GER"
5.53,1548,"GER"
15.68,384,"UK"
25.14,1367,"US"
13.85,692,"UK"
25.25,523,"US"
27.52,1925,"US"
26.75,286,"US"
5.99,1349,"GER"
11.66,981,"UK"
13.39,1656,"UK"
6.49,1550,"GER"
5.19,1130,"GER"
12.66,1531,"UK"
10.38,2175,"UK"
6.16,1195,"GER"
8.99,2150,"GER"
4.98,1228,"GER"
12.92,415,"UK"
5.35,1048,"GER"
25.44,2267,"US"
26.78,1827,"US"
12.42,1720,"UK"
18.68,1770,"UK"
27.48,929,"US"
25.79,1232,"US"
10.69,2169,"UK"
24.92,174,"US"
9.4,1170,"GER"
27.33,479,"US"
26.73,1831,"US"
17.69,624,"UK"
27.22,1848,"US"
8.05,1171,"GER"
26.14,772,"US"
18.96,1135,"UK"
25.49,1259,"US"
6.59,1670,"GER"
8.95,1134,"GER"
8.17,1221,"GER"
5.39,1362,"GER"
25.1,1273,"US"
4.56,1912,"GER"
12.73,763,"UK"
5.84,1324,"GER"
24.74,743,"US"
10.82,1220,"UK"
26.38,1029,"US"
11.41,1310,"UK"
3.5,362,"GER"
7.21,1706,"GER"
5.62,918,"GER"
6.86,1614,"GER"
25.8,1253,"US"
14.29,2280,"UK"
26.66,1169,"US"
18.23,438,"UK"
27.33,2065,"US"
6.11,813,"GER"
17.42,2058,"UK"
9.54,10,"GER"
26.24,1775,"US"
8.76,1079,"GER"
7.57,1712,"GER"
27.07,1803,"US"
11.79,841,"UK"
19.04,834,"UK"
16.75,1495,"UK"
17.14,534,"UK"
12.15,782,"UK"
11.4,918,"UK"
25.99,598,"US"
27.31,369,"US"
12.28,1384,"UK"
11.43,718,"UK"
27.6,457,"US"
12.17,750,"UK"
25.52,908,"US"
12.59,1674,"UK"
26.55,1028,"US"
14.94,312,"UK"
5.59,1074,"GER"
27.06,673,"US"
12.02,2011,"UK"
2.15,1623,"GER"
27.3,1145,"US"
26.02,599,"US"
14.41,99,"UK"
18.36,1858,"UK"
11.18,37,"UK"
6.82,1582,"GER"
5.36,1051,"GER"
12.21,2345,"UK"
13.8,1525,"UK"
5.43,702,"GER"
25.18,1164,"US"
26.09,320,"US"
14.88,2086,"UK"
16.53,936,"UK"
24.63,1583,"US"
25.32,895,"US"
26.11,108,"US"
10.93,24,"UK"
6.45,699,"GER"
2.13,751,"GER"
26.75,1773,"US"
25.72,1073,"US"
26.81,1525,"US"
7.41,1758,"GER"
18.92,1621,"UK"
11.82,1422,"UK"
11.31,993,"UK"
11.32,891,"UK"
9.2,409,"GER"
7.19,1718,"GER"
25.87,2176,"US"
5.17,943,"GER"
11.85,688,"UK"
9.17,1141,"GER"
10,1064,"GER"
24.89,1008,"US"
14.69,1237,"UK"
14.92,2096,"UK"
5.33,941,"GER"
12.78,801,"UK"
1.75,932,"GER"
11.55,1359,"UK"
27.33,1142,"US"
24.86,1522,"US"
12.35,1605,"UK"
10.79,2163,"UK"
9.76,1156,"GER"
25.44,1705,"US"
25.27,1697,"US"
27.3,1130,"US"
6.47,2229,"GER"
14.26,2310,"UK"
11.15,2335,"UK"
26.95,1363,"US"
7.99,1018,"GER"
25.61,1258,"US"
25.79,1665,"US"
12.66,2165,"UK"
1.9,1435,"GER"
6.09,1195,"GER"
11.9,1325,"UK"
27.04,1367,"US"
14.86,313,"UK"
25.84,537,"US"
25.92,1779,"US"
26.28,126,"US"
26.56,773,"US"
5.97,852,"GER"
25.73,1669,"US"
16.62,1780,"UK"
12.57,1718,"UK"
5.39,1345,"GER"
27.28,242,"US"
26.26,407,"US"
18.72,568,"UK"
26.7,56,"US"
27.09,375,"US"
15.01,112,"UK"
1.74,883,"GER"
25.93,1508,"US"
2.31,649,"GER"
18.49,523,"UK"
20.19,1450,"UK"
19.04,1510,"UK"
5.3,830,"GER"
16.92,2139,"UK"
5.42,1498,"GER"
25.31,78,"US"
25.88,454,"US"
20.37,1450,"UK"
26.98,633,"US"
13.93,74,"UK"
27.03,1486,"US"
27.49,235,"US"
25.05,1685,"US"
1.66,1280,"GER"
27.34,2059,"US"
5.64,1209,"GER"
9.28,200,"GER"
27.05,773,"US"
5.68,1431,"GER"
5.35,710,"GER"
6.29,1413,"GER"
6.81,2261,"GER"
26.42,2179,"US"
4.27,799,"GER"
11.87,569,"UK"
4.74,1034,"GER"
15.87,1260,"UK"
2.22,693,"GER"
5.73,1096,"GER"
13.89,252,"UK"
25.45,40,"US"
12.14,1447,"UK"
1.87,1437,"GER"
27.66,1737,"US"
3.95,1315,"GER"
27.36,1667,"US"
26.61,386,"US"
6.41,582,"GER"
19.32,1073,"UK"
2.99,851,"GER"
8.44,2302,"GER"
8.87,1117,"GER"
7.77,1049,"GER"
12.47,773,"UK"
14.21,1638,"UK"
5.63,690,"GER"
25.62,1085,"US"
22.12,1368,"UK"
10.28,1156,"UK"
27.41,683,"US"
27.59,1843,"US"
15.21,333,"UK"
26.93,386,"US"
14.08,2305,"UK"
27.35,1587,"US"
18.6,1819,"UK"
8.64,1079,"GER"
26.09,2076,"US"
12.77,1678,"UK"
11.55,811,"UK"
26.84,2189,"US"
1.87,976,"GER"
8.69,1306,"GER"
25.12,1792,"US"
6.27,581,"GER"
15.95,413,"UK"
15.17,1896,"UK"
27.56,705,"US"
12.69,2314,"UK"
9.28,14,"GER"
26.3,2077,"US"
12.61,2004,"UK"
25,1066,"US"
26.13,949,"US"
26.66,1598,"US"
17.75,2053,"UK"
16.47,1261,"UK"
12.39,1716,"UK"
27.26,1925,"US"
16.76,1760,"UK"
10.52,1201,"UK"
26.07,971,"US"
5.59,688,"GER"
25.6,1609,"US"
15.97,195,"UK"
13.15,58,"UK"
21.74,1285,"UK"
14.45,93,"UK"
12.47,1395,"UK"
8.92,1076,"GER"
15.95,2018,"UK"
12.86,811,"UK"
5.07,296,"GER"
26.46,1813,"US"
26.19,1874,"US"
27.44,2216,"US"
27.42,1389,"US"
20.05,1188,"UK"
12.35,891,"UK"
27.3,592,"US"
12.12,1364,"UK"
27.17,2097,"US"
11.37,1307,"UK"
11.46,1157,"UK"
16.59,1763,"UK"
27.51,993,"US"
25.2,1406,"US"
15.32,2255,"UK"
25.74,1145,"US"
1.99,1451,"GER"
13.63,79,"UK"
27.09,391,"US"
11.3,1170,"UK"
12.43,1593,"UK"
18.6,1053,"UK"
11.25,1627,"UK"
8.78,1114,"GER"
26.18,2287,"US"
25.26,1000,"US"
5.57,1531,"GER"
27.63,1357,"US"
5.03,1446,"GER"
16.52,2164,"UK"
8.09,1361,"GER"
12.9,1486,"UK"
10.02,393,"UK"
13.13,780,"UK"
15.62,561,"UK"
24.56,562,"US"
6.48,551,"GER"
27.02,1382,"US"
26.98,1395,"US"
24.68,312,"US"
16.16,1819,"UK"
27.31,1243,"US"
9.32,408,"GER"
11.85,760,"UK"
25.41,149,"US"
27.55,1571,"US"
21.34,1203,"UK"
5.62,1407,"GER"
11.36,391,"UK"
14.12,724,"UK"
21.48,1215,"UK"
27.45,624,"US"
9.02,1131,"GER"
4.41,508,"GER"
24.81,2207,"US"
26.17,637,"US"
12.36,607,"UK"
11.63,960,"UK"
24.79,1981,"US"
11.7,1584,"UK"
11.31,783,"UK"
26.15,1179,"US"
1.72,903,"GER"
19.04,1514,"UK"
27.02,722,"US"
10.39,1216,"UK"
8.7,1090,"GER"
24.6,1177,"US"
26.41,1012,"US"
13.68,2134,"UK"
12.49,1721,"UK"
26.57,928,"US"
24.91,332,"US"
26.27,2267,"US"
14.88,137,"UK"
26.49,1262,"US"
12.74,1709,"UK"
16.55,1975,"UK"
16.44,1550,"UK"
2.04,1655,"GER"
4.04,2076,"GER"
7,592,"GER"
12.67,1560,"UK"
26.17,1802,"US"
11.64,707,"UK"
26.04,532,"US"
13.37,2155,"UK"
4.52,1921,"GER"
27.33,461,"US"
7.35,521,"GER"
12.1,1709,"UK"
13,1426,"UK"
26.8,1763,"US"
25.53,1765,"US"
19.16,1375,"UK"
12.75,752,"UK"
8.06,2307,"GER"
14.34,280,"UK"
9.52,1289,"GER"
19.61,1097,"UK"
14.27,781,"UK"
26.46,727,"US"
11.33,1491,"UK"
21.12,1468,"UK"
19.09,774,"UK"
26.66,1537,"US"
5.7,471,"GER"
26.57,1766,"US"
5.2,1353,"GER"
5.26,1538,"GER"
25.12,571,"US"
10.82,1118,"UK"
21.07,1466,"UK"
12.4,1377,"UK"
5.71,758,"GER"
5.05,978,"GER"
18.5,495,"UK"
7.34,423,"GER"
25.95,2181,"US"
27.58,997,"US"
7.4,553,"GER"
27.26,1135,"US"
11.36,925,"UK"
14.02,807,"UK"
6.52,1617,"GER"
10.3,27,"UK"
13.87,806,"UK"
12.49,31,"UK"
9.42,1105,"GER"
26.43,105,"US"
9.29,2307,"GER"
2.19,1699,"GER"
9.02,2152,"GER"
26.63,624,"US"
27.54,2115,"US"
21.55,1202,"UK"
11.81,845,"UK"
25.74,2030,"US"
26.68,78,"US"
11.79,1539,"UK"
25.38,1078,"US"
25.95,2246,"US"
13.04,1552,"UK"
12.24,919,"UK"
10.76,2018,"UK"
25.56,66,"US"
15.31,136,"UK"
7.96,961,"GER"
2.77,489,"GER"
5.99,1341,"GER"
6.51,600,"GER"
5.14,1194,"GER"
25.91,2062,"US"
27.36,1892,"US"
1.73,1066,"GER"
12.16,607,"UK"
19.87,1113,"UK"
14.25,2307,"UK"
9.31,1270,"GER"
25.99,1967,"US"
5.36,1958,"GER"
6.18,1436,"GER"
11.25,1349,"UK"
14.95,116,"UK"
26.19,741,"US"
26.5,464,"US"
17.85,391,"UK"
5.53,821,"GER"
5.05,1127,"GER"
25.97,1359,"US"
1.88,819,"GER"
26.55,67,"US"
14.23,2282,"UK"
7.4,40,"GER"
9.58,1081,"GER"
15.3,2247,"UK"
5.22,1451,"GER"
27.25,1591,"US"
24.91,1542,"US"
25.39,39,"US"
2.55,530,"GER"
6.97,584,"GER"
18.34,474,"UK"
6.81,1595,"GER"
27.07,2305,"US"
11.17,834,"UK"
10.26,2329,"UK"
11.5,953,"UK"
26.55,567,"US"
11.17,765,"UK"
20.15,1096,"UK"
26.33,314,"US"
5.72,1223,"GER"
17.69,2007,"UK"
2.08,762,"GER"
13.09,1545,"UK"
5.48,960,"GER"
10.18,1149,"UK"
27.33,1551,"US"
8.6,2302,"GER"
10.84,2337,"UK"
6.41,2227,"GER"
25.98,976,"US"
25.02,1233,"US"
12.14,407,"UK"
5.04,490,"GER"
25.33,321,"US"
18.77,1385,"UK"
4.25,368,"GER"
20.18,1204,"UK"
8,1117,"GER"
5.34,844,"GER"
5.36,1157,"GER"
24.74,1011,"US"
26.37,1114,"US"
26.11,1954,"US"
27.56,135,"US"
26.3,269,"US"
11.38,681,"UK"
6.96,1988,"GER"
18.85,864,"UK"
26.3,1171,"US"
6.96,1705,"GER"
11.79,812,"UK"
5.75,887,"GER"
8.77,200,"GER"
25.74,1829,"US"
2.32,673,"GER"
26.24,1527,"US"
11.43,808,"UK"
11.46,1666,"UK"
6.75,529,"GER"
9.74,1067,"GER"
18.83,1456,"UK"
5.89,799,"GER"
27.19,1902,"US"
11.47,1477,"UK"
25.89,1899,"US"
25.92,742,"US"
26.68,1505,"US"
26.19,1259,"US"
7.79,2007,"GER"
4.93,966,"GER"
10.62,27,"UK"
5.7,745,"GER"
5.23,759,"GER"
27.52,710,"US"
8.87,1204,"GER"
21.87,1255,"UK"
13.04,1674,"UK"
26.28,2281,"US"
5.61,707,"GER"
24.92,1983,"US"
2.68,1799,"GER"
7.96,944,"GER"
9.71,15,"GER"
12.34,1508,"UK"
13.91,2139,"UK"
26.76,1136,"US"
4.61,2131,"GER"
2.57,1786,"GER"
11.67,390,"UK"
10.62,12,"UK"
11.98,205,"UK"
12.01,857,"UK"
26.65,72,"US"
9.53,1071,"GER"
13.83,2134,"UK"
3.26,840,"GER"
16.7,1502,"UK"
11.26,2024,"UK"
3.79,819,"GER"
12.8,39,"UK"
27.6,1013,"US"
12.01,1399,"UK"
25.69,267,"US"
5.68,1095,"GER"
16.92,514,"UK"
12.62,1491,"UK"
5.99,1383,"GER"
17.87,2001,"UK"
1.81,1275,"GER"
6.58,1547,"GER"
25.93,1083,"US"
25.01,570,"US"
4.25,1659,"GER"
24.71,2165,"US"
17.08,293,"UK"
6.48,861,"GER"
19.3,1068,"UK"
9.67,1118,"GER"
7.07,46,"GER"
6.41,566,"GER"
4.25,221,"GER"
26.39,1130,"US"
14.42,734,"UK"
25.81,2177,"US"
25.52,1373,"US"
18.85,1206,"UK"
5.68,1137,"GER"
10.38,2162,"UK"
10.77,1140,"UK"
15.94,2217,"UK"
6.86,1673,"GER"
10.9,198,"UK"
25.48,2187,"US"
27.6,577,"US"
26.43,1134,"US"
8.44,1025,"GER"
26.36,2291,"US"
13.19,69,"UK"
5.1,971,"GER"
8.41,1059,"GER"
10.24,1076,"UK"
26.82,765,"US"
12.23,796,"UK"
24.96,320,"US"
6.2,951,"GER"
5.23,131,"GER"
26.18,2115,"US"
21.13,1174,"UK"
19.11,1371,"UK"
25.27,1104,"US"
25.05,129,"US"
7.93,2300,"GER"
25.04,947,"US"
27.2,1591,"US"
17.04,1697,"UK"
11.82,1524,"UK"
26.63,459,"US"
6.99,492,"GER"
18.39,533,"UK"
17.69,635,"UK"
25.35,314,"US"
12.95,38,"UK"
14.42,90,"UK"
12.08,801,"UK"
5.82,1426,"GER"
6.16,1195,"GER"
19.24,1401,"UK"
26.02,1706,"US"
25.25,1234,"US"
5.22,837,"GER"
5.62,2220,"GER"
24.98,1280,"US"
14.74,128,"UK"
12.01,702,"UK"
25.05,299,"US"
8.14,971,"GER"
5.54,1171,"GER"
6.47,654,"GER"
26.48,1482,"US"
2.82,871,"GER"
6.76,2264,"GER"
6.13,597,"GER"
27.28,2091,"US"
6.96,2109,"GER"
14.64,1237,"UK"
26.94,1840,"US"
12.16,1716,"UK"
26.32,2038,"US"
11.31,729,"UK"
9.17,1045,"GER"
27.5,1264,"US"
12.36,869,"UK"
25.15,998,"US"
24.84,1368,"US"
5.84,1331,"GER"
26.13,620,"US"
7.41,2268,"GER"
26.44,2099,"US"
26.38,1581,"US"
18.99,1079,"UK"
5.65,1131,"GER"
10.34,1226,"UK"
26.39,278,"US"
25.55,1805,"US"
8.97,981,"GER"
6.35,635,"GER"
13.77,84,"UK"
4.62,1337,"GER"
13.04,853,"UK"
26.09,2032,"US"
26.89,2312,"US"
5.59,814,"GER"
27.24,603,"US"
9.69,402,"GER"
11.61,1345,"UK"
26.55,78,"US"
14.43,742,"UK"
6.79,1711,"GER"
26.49,1487,"US"
27.58,1657,"US"
25.43,77,"US"
25.57,2282,"US"
26.3,384,"US"
18.29,1945,"UK"
12.2,1732,"UK"
3.01,592,"GER"
18.73,1350,"UK"
21.77,1452,"UK"
13.99,1529,"UK"
14.25,817,"UK"
25.45,1358,"US"
12.72,1716,"UK"
16.81,2155,"UK"
27.36,249,"US"
25.47,751,"US"
25.52,1155,"US"
26.05,235,"US"
5.26,1139,"GER"
27.09,460,"US"
19.93,1287,"UK"
11.56,589,"UK"
26.19,744,"US"
26.77,792,"US"
6.11,869,"GER"
10.21,1079,"UK"
25.58,2309,"US"
12.89,1532,"UK"
10.66,2320,"UK"
24.91,559,"US"
27.29,1669,"US"
11.51,1540,"UK"
2.18,1507,"GER"
26.1,1713,"US"
27.36,1760,"US"
25.81,1137,"US"
25.45,1883,"US"
2.71,481,"GER"
15.97,2198,"UK"
14.27,2290,"UK"
20.02,1387,"UK"
8.08,1367,"GER"
26.18,1973,"US"
17.63,331,"UK"
26.22,1725,"US"
3.75,2061,"GER"
4.71,1215,"GER"
11.19,764,"UK"
8.29,1129,"GER"
14.16,91,"UK"
13.38,55,"UK"
8.93,1025,"GER"
26.32,969,"US"
27.17,1603,"US"
8.68,1239,"GER"
5.45,1454,"GER"
9.22,2325,"GER"
27.36,1117,"US"
18.73,655,"UK"
22,1379,"UK"
6.31,1353,"GER"
18.91,643,"UK"
12.39,1542,"UK"
5.68,1346,"GER"
11.65,802,"UK"
24.89,1738,"US"
26.79,712,"US"
6.3,858,"GER"
7.22,2123,"GER"
9.16,400,"GER"
1.98,1412,"GER"
13.87,811,"UK"
9.18,2332,"GER"
6.1,960,"GER"
15.72,1858,"UK"
26.28,2233,"US"
26.94,1373,"US"
6.69,1718,"GER"
7.07,610,"GER"
17.8,669,"UK"
15.23,1240,"UK"
27.47,2274,"US"
26.95,1740,"US"
25.57,1018,"US"
9.19,1008,"GER"
26.08,2231,"US"
6.83,2262,"GER"
26.64,2289,"US"
26.34,2096,"US"
11.71,1611,"UK"
26.52,1735,"US"
26.6,892,"US"
19.01,748,"UK"
25.62,1899,"US"
12.31,588,"UK"
7.33,527,"GER"
1.91,1544,"GER"
8.34,1233,"GER"
26.12,606,"US"
21.44,1212,"UK"
10.02,2027,"UK"
25.86,97,"US"
26.14,539,"US"
27.5,2083,"US"
26.88,122,"US"
6.44,84,"GER"
26.21,233,"US"
13.5,1564,"UK"
9.07,190,"GER"
24.97,233,"US"
6.25,1663,"GER"
25.3,220,"US"
2.36,1707,"GER"
9.6,2314,"GER"
8.22,1290,"GER"
14.31,2121,"UK"
17.85,411,"UK"
25.87,1716,"US"
26.15,603,"US"
6.18,702,"GER"
26.86,948,"US"
27.3,1010,"US"
13.31,239,"UK"
27.2,2298,"US"
26.9,1251,"US"
26.28,1873,"US"
12.66,2005,"UK"
5.01,2164,"GER"
26.42,1687,"US"
12.07,745,"UK"
27.3,590,"US"
12.83,39,"UK"
4.48,1045,"GER"
27.46,1844,"US"
2.66,1282,"GER"
7.03,1671,"GER"
2.72,525,"GER"
17.38,1882,"UK"
4.71,1683,"GER"
12.25,204,"UK"
15.98,1841,"UK"
12.18,1519,"UK"
18.65,567,"UK"
1.57,996,"GER"
5.67,1202,"GER"
11.99,711,"UK"
26.1,100,"US"
6.72,1712,"GER"
25.78,2247,"US"
9.6,1270,"GER"
5.82,686,"GER"
11.98,923,"UK"
3.54,315,"GER"
11.1,1429,"UK"
25.85,1774,"US"
27.32,2181,"US"
5.68,778,"GER"
11.21,1280,"UK"
26.64,648,"US"
6.06,691,"GER"
27.48,1970,"US"
13.18,1461,"UK"
26.24,1844,"US"
26.38,1152,"US"
5.22,1479,"GER"
5.42,1193,"GER"
6.59,656,"GER"
6.31,918,"GER"
3.02,449,"GER"
26.95,2285,"US"
17.95,419,"UK"
17.13,550,"UK"
27.2,1988,"US"
11.86,1421,"UK"
27.38,928,"US"
13.74,439,"UK"
11.61,1457,"UK"
1.52,1059,"GER"
27.6,770,"US"
26.06,1170,"US"
26.06,406,"US"
11.61,979,"UK"
5.37,1200,"GER"
9.32,1276,"GER"
26.54,1169,"US"
15.92,2217,"UK"
17.85,667,"UK"
3.3,1952,"GER"
21.42,1224,"UK"
7.44,47,"GER"
5.19,1065,"GER"
1.99,1580,"GER"
10.18,1245,"UK"
13.4,2301,"UK"
6.37,250,"GER"
15.89,907,"UK"
21.83,1232,"UK"
25.47,1099,"US"
3.09,1900,"GER"
10.31,1069,"UK"
25.37,1225,"US"
26.01,2183,"US"
25.15,1544,"US"
12.47,1481,"UK"
9.9,18,"GER"
8.47,1236,"GER"
17.5,1242,"UK"
3.76,813,"GER"
5.88,1718,"GER"
25.47,1701,"US"
1.51,1159,"GER"
27.08,1375,"US"
12.97,220,"UK"
14.05,748,"UK"
27.46,2105,"US"
10.11,26,"UK"
4.39,2092,"GER"
12.96,660,"UK"
13.48,2303,"UK"
27.59,2030,"US"
9.28,2163,"GER"
2,1524,"GER"
5.66,1534,"GER"
27.5,1246,"US"
26.75,620,"US"
4.74,1347,"GER"
13.18,69,"UK"
18.03,1952,"UK"
25.66,216,"US"
8.8,1330,"GER"
6.08,898,"GER"
11.01,18,"UK"
13.46,815,"UK"
24.81,2059,"US"
4.56,1278,"GER"
9.58,1091,"GER"
15.81,384,"UK"
8,1132,"GER"
4.82,1223,"GER"
24.95,70,"US"
13.46,779,"UK"
13.04,682,"UK"
18.88,1651,"UK"
27.36,1828,"US"
6.42,682,"GER"
2.23,1702,"GER"
10.64,1203,"UK"
24.92,1337,"US"
7.29,2264,"GER"
25.98,1906,"US"
16.81,2167,"UK"
10.33,1237,"UK"
4.67,1078,"GER"
5.37,781,"GER"
5.14,1059,"GER"
13.9,452,"UK"
15.48,163,"UK"
27.43,2174,"US"
25.15,1224,"US"
6.88,542,"GER"
9.78,1148,"GER"
16.22,223,"UK"
18.11,444,"UK"
24.97,1503,"US"
25.16,1986,"US"
2.38,593,"GER"
1.88,804,"GER"
5.58,712,"GER"
10.16,1120,"UK"
9.78,189,"GER"
27.16,2059,"US"
11.32,750,"UK"
5.95,868,"GER"
26.92,629,"US"
24.86,2205,"US"
27.32,2291,"US"
2.16,1663,"GER"
27.34,1246,"US"
7.56,33,"GER"
14.61,2269,"UK"
3.93,2072,"GER"
9.83,17,"GER"
10.14,2175,"UK"
5.05,174,"GER"
2.66,504,"GER"
6.09,2086,"GER"
12.02,1517,"UK"
24.71,533,"US"
26.19,1731,"US"
18.7,1718,"UK"
11.82,943,"UK"
4.82,927,"GER"
11.97,199,"UK"
14.43,811,"UK"
22.09,1378,"UK"
25.88,295,"US"
11.57,2345,"UK"
13.99,1588,"UK"
1.9,872,"GER"
15.58,571,"UK"
2.15,1487,"GER"
10.46,1115,"UK"
14.31,92,"UK"
26.07,422,"US"
11.48,1753,"UK"
1.46,1078,"GER"
10.8,1092,"UK"
16.18,437,"UK"
12.53,1406,"UK"
11.52,1502,"UK"
25.77,723,"US"
5.49,2052,"GER"
11.26,1626,"UK"
24.85,1702,"US"
5.23,2035,"GER"
26.81,2287,"US"
27.6,1006,"US"
26.77,1500,"US"
25.28,535,"US"
16.59,1274,"UK"
24.8,1925,"US"
3.6,341,"GER"
13,2309,"UK"
2.35,715,"GER"
15.16,2244,"UK"
27.05,2137,"US"
9.14,2161,"GER"
12.79,2160,"UK"
5.39,137,"GER"
25.93,461,"US"
24.8,1006,"US"
25.32,67,"US"
17.39,1660,"UK"
11.8,395,"UK"
26.48,1970,"US"
24.6,716,"US"
27.07,1750,"US"
2.34,664,"GER"
26.45,1085,"US"
12.88,1573,"UK"
10.84,1184,"UK"
9.77,1098,"GER"
11.72,2027,"UK"
8.65,1349,"GER"
10.16,2171,"UK"
2.69,552,"GER"
12.52,1515,"UK"
26.56,1083,"US"
25.48,258,"US"
12.54,1468,"UK"
24.62,1572,"US"
6.55,561,"GER"
13.24,640,"UK"
7.03,443,"GER"
15.75,1251,"UK"
11.16,1024,"UK"
25.33,717,"US"
27.45,1235,"US"
12.68,2006,"UK"
5.26,1110,"GER"
17.42,1408,"UK"
16.8,952,"UK"
19.14,1062,"UK"
8.91,1079,"GER"
3.86,2052,"GER"
7.03,442,"GER"
12.21,1397,"UK"
21.18,1287,"UK"
2.38,1744,"GER"
11.36,1633,"UK"
6.57,632,"GER"
26.5,1264,"US"
27.13,465,"US"
24.77,1279,"US"
11.66,1478,"UK"
18.81,712,"UK"
11.11,804,"UK"
11.98,1410,"UK"
8.11,2307,"GER"
5.65,129,"GER"
14.7,1569,"UK"
26.74,1621,"US"
26.66,608,"US"
12.22,1617,"UK"
17.38,586,"UK"
19.66,1070,"UK"
6.38,1599,"GER"
6.34,888,"GER"
21.86,1249,"UK"
2.7,1831,"GER"
25.59,1903,"US"
26.28,1912,"US"
9.21,1268,"GER"
25.84,75,"US"
5.19,954,"GER"
24.42,744,"US"
17.72,343,"UK"
5.17,1500,"GER"
11.9,899,"UK"
18.49,1882,"UK"
3.76,549,"GER"
16.97,962,"UK"
13.39,668,"UK"
12.38,607,"UK"
11.23,1351,"UK"
14.48,770,"UK"
9.67,16,"GER"
6.72,643,"GER"
14.35,1554,"UK"
16.43,1782,"UK"
6.66,238,"GER"
1.48,1056,"GER"
24.67,1540,"US"
26.56,2294,"US"
17.26,2093,"UK"
24.66,1549,"US"
12.77,803,"UK"
4.91,1471,"GER"
25.21,1575,"US"
13.68,245,"UK"
27.55,921,"US"
25.17,203,"US"
5.79,960,"GER"
24.59,1432,"US"
25.55,381,"US"
13.62,1522,"UK"
26.71,1846,"US"
24.67,299,"US"
15.61,2058,"UK"
25.81,1084,"US"
26.98,300,"US"
11.74,1604,"UK"
18.84,778,"UK"
25.68,899,"US"
26.66,1597,"US"
5.21,2163,"GER"
27.29,77,"US"
9.13,1009,"GER"
11.74,1497,"UK"
26.2,54,"US"
4.62,1202,"GER"
14.07,84,"UK"
27.18,1109,"US"
26.5,797,"US"
12.8,1579,"UK"
11.47,916,"UK"
25.96,730,"US"
26.22,601,"US"
19.79,1415,"UK"
5.63,890,"GER"
6.56,1570,"GER"
9.55,1152,"GER"
1.57,1212,"GER"
5.51,2184,"GER"
11.21,784,"UK"
10.63,200,"UK"
4.69,1267,"GER"
27.01,1162,"US"
25.91,282,"US"
14.25,280,"UK"
14.89,122,"UK"
12.42,780,"UK"
16.76,269,"UK"
24.83,1458,"US"
15.55,355,"UK"
6.85,681,"GER"
26.76,996,"US"
5.18,943,"GER"
13.53,801,"UK"
4.02,533,"GER"
8.47,194,"GER"
27.57,2022,"US"
25.5,1790,"US"
20.73,1463,"UK"
26.87,1006,"US"
7.94,968,"GER"
27.14,399,"US"
6.9,1739,"GER"
26.09,1947,"US"
26.22,1520,"US"
9.69,2024,"GER"
1.95,1403,"GER"
13.99,1656,"UK"
12.09,1369,"UK"
20.01,1088,"UK"
26.26,2277,"US"
4.53,340,"GER"
25.99,916,"US"
12.65,1696,"UK"
19.04,1513,"UK"
25.55,2032,"US"
4.2,2081,"GER"
7.21,1634,"GER"
27.21,1241,"US"
8.11,1105,"GER"
26.28,392,"US"
25.75,1149,"US"
27.63,1105,"US"
9.22,1072,"GER"
25.13,2067,"US"
11.41,1489,"UK"
25.03,1577,"US"
14.84,304,"UK"
27.1,1379,"US"
12.44,46,"UK"
12.5,1415,"UK"
24.8,566,"US"
4.95,2166,"GER"
13.86,732,"UK"
17.19,1452,"UK"
27.02,1486,"US"
11.61,2172,"UK"
11.22,1557,"UK"
7.44,563,"GER"
11.67,1693,"UK"
4.54,1031,"GER"
25.68,918,"US"
16.31,2171,"UK"
8.15,961,"GER"
8.33,2307,"GER"
24.92,904,"US"
25.3,1364,"US"
8.09,1291,"GER"
17.07,1268,"UK"
27.61,767,"US"
14.77,1925,"UK"
13.18,1651,"UK"
4.67,1264,"GER"
27.27,1514,"US"
6.15,860,"GER"
26.45,1003,"US"
18.96,1010,"UK"
11.68,733,"UK"
12.53,788,"UK"
13.61,1647,"UK"
26,2056,"US"
2.47,556,"GER"
6.41,824,"GER"
25.63,274,"US"
3.72,824,"GER"
5.88,943,"GER"
27,1723,"US"
27.13,1751,"US"
24.77,2192,"US"
25.57,1706,"US"
6.2,690,"GER"
18.77,617,"UK"
13.87,2308,"UK"
12.42,1732,"UK"
15.08,115,"UK"
7.81,1067,"GER"
6.06,1138,"GER"
12.47,879,"UK"
9.67,1089,"GER"
12.05,1489,"UK"
5.03,1224,"GER"
11.19,1279,"UK"
26.06,601,"US"
9.1,1047,"GER"
18.82,981,"UK"
27.08,1581,"US"
1.55,1024,"GER"
11.98,705,"UK"
14.55,1936,"UK"
8.63,1024,"GER"
11.97,923,"UK"
9.19,996,"GER"
5.22,1441,"GER"
16.14,194,"UK"
9.13,2320,"GER"
8.48,992,"GER"
26.6,304,"US"
16.64,1969,"UK"
1.75,1128,"GER"
13.54,1526,"UK"
25.19,713,"US"
26.81,1597,"US"
5.21,1319,"GER"
1.75,1057,"GER"
12.87,1537,"UK"
13.54,804,"UK"
5.69,1122,"GER"
19.92,1184,"UK"
24.94,1777,"US"
15.61,366,"UK"
19.02,967,"UK"
13.97,1533,"UK"
15.05,1247,"UK"
6.24,660,"GER"
13.44,1676,"UK"
17.55,327,"UK"
26,735,"US"
5.14,1942,"GER"
10.05,1221,"UK"
26.76,2243,"US"
20.78,1451,"UK"
26.79,1166,"US"
6.09,1974,"GER"
18.82,988,"UK"
26.02,968,"US"
11.49,1306,"UK"
11.92,590,"UK"
27.55,268,"US"
19.95,1444,"UK"
11.39,1522,"UK"
27.43,664,"US"
6.24,956,"GER"
17.19,563,"UK"
26.27,1767,"US"
24.49,1922,"US"
25.03,1430,"US"
4.02,252,"GER"
7.3,55,"GER"
12.54,609,"UK"
9.98,1064,"GER"
4.66,926,"GER"
13.18,225,"UK"
11.77,754,"UK"
9.22,1204,"GER"
11.41,2327,"UK"
27.23,1978,"US"
3.3,371,"GER"
25.05,720,"US"
18.86,1707,"UK"
24.79,1012,"US"
11.67,1362,"UK"
11.22,1159,"UK"
1.87,1210,"GER"
15.97,403,"UK"
5.71,477,"GER"
12.25,1353,"UK"
8.62,1208,"GER"
21.92,1291,"UK"
4.44,216,"GER"
26.75,2191,"US"
5.6,1164,"GER"
8.27,1185,"GER"
6.96,495,"GER"
9.39,1274,"GER"
4.41,1663,"GER"
18.8,952,"UK"
11.79,197,"UK"
11.14,1452,"UK"
17.46,582,"UK"
11.79,703,"UK"
15.18,2081,"UK"
25.02,1180,"US"
2.8,506,"GER"
15.89,2231,"UK"
15.17,2074,"UK"
5.13,1111,"GER"
6.15,1219,"GER"
12,1334,"UK"
25.51,2203,"US"
24.75,1957,"US"
27.56,1517,"US"
11.82,887,"UK"
3.54,1994,"GER"
26.18,1792,"US"
25.47,75,"US"
24.88,2174,"US"
11.89,701,"UK"
17.17,1447,"UK"
10.16,397,"UK"
25.57,69,"US"
26.24,2216,"US"
6.24,1201,"GER"
8.55,1022,"GER"
12.7,894,"UK"
25.96,1029,"US"
13.61,2312,"UK"
25.37,1901,"US"
8.4,410,"GER"
26.78,1910,"US"
9.54,1073,"GER"
10.75,1103,"UK"
12.27,1572,"UK"
26.16,2086,"US"
9.05,1068,"GER"
19.36,1143,"UK"
25.22,1007,"US"
26.32,2051,"US"
9.63,1242,"GER"
6.13,461,"GER"
19.15,1299,"UK"
26.74,2205,"US"
5.23,2037,"GER"
17.68,627,"UK"
25.73,241,"US"
20.05,1191,"UK"
25.74,1968,"US"
9.04,1281,"GER"
6.97,1584,"GER"
14.7,98,"UK"
7.38,42,"GER"
1.92,977,"GER"
13.25,777,"UK"
25.66,1721,"US"
9.19,1065,"GER"
25.94,953,"US"
15.76,2039,"UK"
25.03,2037,"US"
7.41,1728,"GER"
5.49,273,"GER"
6.27,639,"GER"
12.78,873,"UK"
27.18,1947,"US"
1.54,1193,"GER"
4.72,1067,"GER"
4.48,1261,"GER"
13.91,1659,"UK"
26.74,675,"US"
16.16,1273,"UK"
25.16,1463,"US"
13.23,2150,"UK"
14.04,1555,"UK"
26.76,280,"US"
26.73,541,"US"
24.99,1071,"US"
24.74,902,"US"
25.76,310,"US"
25,2048,"US"
9.96,1078,"GER"
10.35,1243,"UK"
5.47,1404,"GER"
11.91,754,"UK"
25.51,1795,"US"
12.64,1579,"UK"
25.8,1685,"US"
25.61,2281,"US"
13.26,1682,"UK"
5.95,1541,"GER"
24.52,1579,"US"
25.97,2045,"US"
15.95,611,"UK"
13.97,780,"UK"
13.28,424,"UK"
16.68,485,"UK"
17.59,607,"UK"
10.91,1098,"UK"
27.02,1597,"US"
26.4,1172,"US"
8.48,1330,"GER"
15.75,1851,"UK"
1.55,1144,"GER"
8.99,1305,"GER"
12.17,1592,"UK"
27.36,772,"US"
12.01,875,"UK"
1.77,1308,"GER"
8.61,1211,"GER"
26.93,633,"US"
12.88,50,"UK"
6.51,1982,"GER"
14.29,1541,"UK"
1.62,1294,"GER"
12.79,630,"UK"
12.5,1387,"UK"
18.25,494,"UK"
7.81,2299,"GER"
11.68,556,"UK"
25.79,2278,"US"
26.52,1362,"US"
25.5,297,"US"
4.17,2081,"GER"
15.9,595,"UK"
20.35,1468,"UK"
6.91,687,"GER"
14.18,763,"UK"
4.2,212,"GER"
8.46,1159,"GER"
8.51,1079,"GER"
26.66,1154,"US"
18.91,837,"UK"
26.16,1946,"US"
8.18,2283,"GER"
18.97,762,"UK"
11.47,1635,"UK"
6.62,1546,"GER"
8.21,1255,"GER"
27.57,558,"US"
4.77,2159,"GER"
12.84,1556,"UK"
11.25,1483,"UK"
6.68,1612,"GER"
7.98,418,"GER"
17.34,312,"UK"
1.92,924,"GER"
26.7,155,"US"
26.07,742,"US"
19.14,1380,"UK"
2.43,633,"GER"
19.1,819,"UK"
18.85,637,"UK"
18.72,975,"UK"
24.84,919,"US"
26.81,121,"US"
25.96,386,"US"
12.18,1500,"UK"
26.96,1003,"US"
25.89,1263,"US"
15.41,2261,"UK"
25.47,1384,"US"
25.65,133,"US"
25.5,1087,"US"
13.06,656,"UK"
2.28,1698,"GER"
8.17,1323,"GER"
10.91,2317,"UK"
11.56,1503,"UK"
24.91,1603,"US"
6.09,1346,"GER"
11.38,392,"UK"
25.23,1275,"US"
25.82,49,"US"
25.84,282,"US"
10.83,391,"UK"
25.99,1082,"US"
12.46,1703,"UK"
24.76,1269,"US"
11.73,1503,"UK"
4.7,322,"GER"
13.65,1635,"UK"
6.09,1435,"GER"
20.13,1191,"UK"
9.4,1298,"GER"
21.18,1480,"UK"
26.45,934,"US"
6,1207,"GER"
5.22,1057,"GER"
5.35,1174,"GER"
11.92,2019,"UK"
13.16,869,"UK"
27.04,279,"US"
26.91,2294,"US"
15.6,370,"UK"
26.73,1803,"US"
24.96,561,"US"
11.67,1543,"UK"
26.95,605,"US"
18.76,1684,"UK"
25.81,1237,"US"
12.84,768,"UK"
26.13,229,"US"
14.4,91,"UK"
7.16,1736,"GER"
27.48,1368,"US"
26.89,453,"US"
18.85,728,"UK"
10.6,1172,"UK"
11.94,850,"UK"
15.5,162,"UK"
26.43,2277,"US"
5.72,1330,"GER"
19.3,1077,"UK"
17.87,1808,"UK"
9.22,188,"GER"
5.65,890,"GER"
25,2062,"US"
25.07,731,"US"
26.63,412,"US"
27.45,1805,"US"
11.22,729,"UK"
11.73,701,"UK"
11.19,907,"UK"
1.79,1238,"GER"
8.36,965,"GER"
25.94,532,"US"
10.6,189,"UK"
26.81,496,"US"
14.02,1639,"UK"
17.36,305,"UK"
25.28,1929,"US"
25.25,537,"US"
25.24,1401,"US"
25.25,1370,"US"
12.81,54,"UK"
5.98,803,"GER"
3.21,1986,"GER"
26.52,79,"US"
13.54,1537,"UK"
27.06,1493,"US"
27.47,424,"US"
24.83,78,"US"
18.36,484,"UK"
8.66,1028,"GER"
12.89,1709,"UK"
26.82,51,"US"
7.97,2133,"GER"
11.14,191,"UK"
27.3,2070,"US"
7.17,2120,"GER"
5.77,832,"GER"
6.9,611,"GER"
14.28,1580,"UK"
12.02,1589,"UK"
9.62,194,"GER"
26.85,2193,"US"
3.62,1619,"GER"
25.77,254,"US"
14.92,2278,"UK"
17.7,1576,"UK"
13.88,2291,"UK"
26.62,1380,"US"
15.71,577,"UK"
25.01,1556,"US"
8.77,1181,"GER"
11.69,1712,"UK"
5.09,1187,"GER"
6.15,661,"GER"
5.88,930,"GER"
6.63,1664,"GER"
25.94,149,"US"
27.41,285,"US"
7.99,2010,"GER"
26.72,612,"US"
26.49,989,"US"
27.43,2286,"US"
11.74,1337,"UK"
8.35,1249,"GER"
7.18,1708,"GER"
25.99,1226,"US"
9.7,1023,"GER"
12.13,868,"UK"
24.43,1580,"US"
13.72,690,"UK"
5.71,1523,"GER"
12.97,1453,"UK"
27.43,164,"US"
27.17,53,"US"
20.11,1186,"UK"
10.87,2335,"UK"
24.23,740,"US"
24.82,1314,"US"
26.85,684,"US"
11.94,43,"UK"
8.53,1084,"GER"
11.24,2349,"UK"
6.99,1631,"GER"
26.91,1271,"US"
11.76,1642,"UK"
26.83,413,"US"
13.18,1503,"UK"
5.32,292,"GER"
24.93,1192,"US"
14.41,739,"UK"
7.35,540,"GER"
26.19,1597,"US"
5.88,1417,"GER"
15.81,1854,"UK"
1.92,1455,"GER"
25.02,1372,"US"
25.8,1795,"US"
16.62,1958,"UK"
3.54,320,"GER"
16.7,2150,"UK"
11.76,922,"UK"
26.32,968,"US"
9.5,1273,"GER"
26.31,762,"US"
5.47,1374,"GER"
17.69,1594,"UK"
25.14,733,"US"
25.26,1654,"US"
11.4,1305,"UK"
5.6,1329,"GER"
18.91,691,"UK"
10.15,2324,"UK"
27.49,575,"US"
12.01,795,"UK"
26.41,1229,"US"
26.23,1604,"US"
9.34,1159,"GER"
11.02,962,"UK"
4.94,835,"GER"
13.87,264,"UK"
9.17,1127,"GER"
11.08,860,"UK"
25.84,151,"US"
26.03,393,"US"
25.99,1801,"US"
25.71,1178,"US"
4.84,169,"GER"
27.12,1758,"US"
14.12,785,"UK"
11.34,1462,"UK"
12.79,750,"UK"
7.22,1746,"GER"
26.61,711,"US"
11.28,1554,"UK"
26.03,2225,"US"
1.79,1360,"GER"
4.26,1897,"GER"
26.01,1258,"US"
13.1,639,"UK"
11.71,1751,"UK"
2.76,1816,"GER"
7.29,510,"GER"
27.43,690,"US"
27,649,"US"
18.06,425,"UK"
5.41,1546,"GER"
26.85,1109,"US"
4.37,239,"GER"
25.67,1589,"US"
11.94,794,"UK"
18.94,846,"UK"
11.69,1698,"UK"
17.03,535,"UK"
26.09,749,"US"
11.54,942,"UK"
25.93,1895,"US"
17.86,2007,"UK"
16.15,1563,"UK"
21.57,1237,"UK"
2.36,583,"GER"
4.32,1908,"GER"
17.78,651,"UK"
25.46,2067,"US"
14.52,1599,"UK"
26.89,673,"US"
5.03,1265,"GER"
18.92,972,"UK"
25.7,1578,"US"
15.53,2238,"UK"
27.03,1249,"US"
18.4,1867,"UK"
24.82,2038,"US"
6.12,1435,"GER"
12.6,1437,"UK"
25.6,1660,"US"
15.82,156,"UK"
2.74,1281,"GER"
4.97,840,"GER"
26.44,645,"US"
25.2,1005,"US"
7.27,225,"GER"
17.03,529,"UK"
11.94,1335,"UK"
3.23,1954,"GER"
8.78,1198,"GER"
3.93,2074,"GER"
27.19,1558,"US"
3.96,532,"GER"
3.54,2018,"GER"
25.39,2193,"US"
1.55,1154,"GER"
25.79,321,"US"
11.14,776,"UK"
5.6,122,"GER"
26,1005,"US"
5.98,1127,"GER"
18.91,977,"UK"
11.75,906,"UK"
4.11,1887,"GER"
5.75,785,"GER"
9.29,1110,"GER"
8.54,1144,"GER"
6.33,575,"GER"
11.14,1531,"UK"
14.11,471,"UK"
27.52,939,"US"
25.99,734,"US"
8.43,2143,"GER"
27.43,630,"US"
25.95,537,"US"
11.7,1486,"UK"
11.53,1586,"UK"
5.29,1221,"GER"
5.53,849,"GER"
6.67,1688,"GER"
10.3,22,"UK"
26.17,766,"US"
12.39,758,"UK"
6.69,539,"GER"
12.98,797,"UK"
9.29,1018,"GER"
26.03,2277,"US"
17.03,1928,"UK"
26.61,400,"US"
9.99,1249,"GER"
25.34,1165,"US"
20.34,1207,"UK"
7.35,530,"GER"
16.32,2207,"UK"
26.33,1721,"US"
13.47,244,"UK"
18.94,658,"UK"
18.68,1035,"UK"
25.64,1074,"US"
1.88,1581,"GER"
25.16,2085,"US"
2.4,630,"GER"
21.35,1474,"UK"
6.66,2095,"GER"
27.22,155,"US"
3.23,1981,"GER"
6.78,2241,"GER"
8.59,1036,"GER"
5.88,800,"GER"
1.91,838,"GER"
13.11,750,"UK"
9.37,1014,"GER"
2.5,1781,"GER"
11.93,782,"UK"
26.59,689,"US"
25.02,2059,"US"
26.76,1818,"US"
18.89,846,"UK"
26.18,1129,"US"
13.49,1505,"UK"
27.11,1816,"US"
26.86,1763,"US"
25.48,1382,"US"
10.68,1211,"UK"
6.01,1715,"GER"
1.74,966,"GER"
24.9,1432,"US"
9.2,1135,"GER"
26.31,1106,"US"
13.55,1494,"UK"
7.38,526,"GER"
12.12,770,"UK"
26.7,547,"US"
19.37,1237,"UK"
12.02,783,"UK"
18.4,1903,"UK"
18.77,1645,"UK"
7.07,1742,"GER"
13.02,1582,"UK"
18.72,594,"UK"
14.71,1937,"UK"
26.26,1580,"US"
27.19,1680,"US"
27.32,134,"US"
11.12,1428,"UK"
16,594,"UK"
17.9,667,"UK"
4.72,1288,"GER"
6.03,1151,"GER"
8.12,1190,"GER"
12.32,2322,"UK"
8.18,2017,"GER"
5.27,144,"GER"
7.12,555,"GER"
18.93,1747,"UK"
12.39,777,"UK"
12.76,830,"UK"
5.57,1171,"GER"
20.5,1147,"UK"
8.64,975,"GER"
18.81,719,"UK"
5.63,808,"GER"
13.34,1999,"UK"
1.56,1199,"GER"
10.79,1165,"UK"
16.96,716,"UK"
24.33,398,"US"
25.92,2259,"US"
11.86,2020,"UK"
27.47,1772,"US"
11.9,734,"UK"
24.92,236,"US"
1.62,1228,"GER"
18.51,569,"UK"
2.27,1685,"GER"
7.66,423,"GER"
27.39,1132,"US"
25.15,1604,"US"
18.39,554,"UK"
24.83,1237,"US"
26.96,2207,"US"
25.74,149,"US"
17.22,1450,"UK"
25.65,279,"US"
13.06,790,"UK"
14.74,767,"UK"
25.6,1533,"US"
4.81,1088,"GER"
16.17,1823,"UK"
13.52,1637,"UK"
25.48,1146,"US"
21.48,1458,"UK"
5.62,1392,"GER"
25.54,2067,"US"
13,1670,"UK"
25.77,1087,"US"
17.71,1593,"UK"
25.74,314,"US"
11.97,920,"UK"
26.37,2281,"US"
6.36,690,"GER"
15.4,1251,"UK"
5.04,842,"GER"
25.03,1175,"US"
27.68,1772,"US"
11.88,952,"UK"
7.21,501,"GER"
13.88,808,"UK"
25.26,2250,"US"
8.58,1067,"GER"
9.64,1077,"GER"
11.1,888,"UK"
12.86,1567,"UK"
11.05,2347,"UK"
26.94,123,"US"
4.64,499,"GER"
25.11,1922,"US"
2.83,486,"GER"
27.2,1146,"US"
12.53,1732,"UK"
16.54,940,"UK"
25.23,1094,"US"
16.18,620,"UK"
11.16,1469,"UK"
25.46,1121,"US"
26.37,1378,"US"
8.32,2306,"GER"
25.01,1784,"US"
12.75,1693,"UK"
26.58,124,"US"
17.14,733,"UK"
12.35,1436,"UK"
25.52,918,"US"
2.05,1553,"GER"
7.96,2295,"GER"
6.85,1685,"GER"
25.35,2293,"US"
26.35,717,"US"
26.15,2244,"US"
27.45,76,"US"
12.01,32,"UK"
7.2,537,"GER"
18.85,1460,"UK"
26.48,1805,"US"
18.62,1071,"UK"
26.95,772,"US"
24.64,2197,"US"
5.74,915,"GER"
18.09,438,"UK"
5.7,1527,"GER"
26.98,1030,"US"
12.48,1682,"UK"
7.57,218,"GER"
1.7,1286,"GER"
12.51,823,"UK"
26.93,447,"US"
26.09,416,"US"
26.76,695,"US"
1.57,1126,"GER"
25.31,740,"US"
5.2,814,"GER"
24.96,2277,"US"
25.17,562,"US"
12.03,400,"UK"
8.67,2314,"GER"
5.72,829,"GER"
25.37,1525,"US"
11.24,850,"UK"
27.07,443,"US"
18.87,763,"UK"
9,2150,"GER"
26.4,1844,"US"
5.21,1100,"GER"
26.35,1097,"US"
27.54,2027,"US"
27.16,158,"US"
25.38,1065,"US"
14.17,1640,"UK"
4.81,1210,"GER"
25.98,303,"US"
2.42,628,"GER"
9.21,1133,"GER"
18.7,1270,"UK"
6.23,1655,"GER"
16.59,480,"UK"
13.24,1474,"UK"
5.39,1367,"GER"
26.74,1584,"US"
9.08,988,"GER"
25.13,2072,"US"
5.68,1563,"GER"
26.61,645,"US"
26.46,304,"US"
8.51,1068,"GER"
14.15,2290,"UK"
5.31,1518,"GER"
12.2,623,"UK"
25.76,560,"US"
11.92,785,"UK"
2.44,691,"GER"
11.23,911,"UK"
13.31,1564,"UK"
13.14,53,"UK"
14.15,1599,"UK"
5.53,1453,"GER"
8.66,202,"GER"
24.88,378,"US"
26.7,615,"US"
27.35,265,"US"
27.26,2220,"US"
4.68,1244,"GER"
26.4,1725,"US"
27.21,1383,"US"
27.18,1932,"US"
20.08,1388,"UK"
5.71,851,"GER"
8.94,1319,"GER"
17.38,312,"UK"
1.77,1033,"GER"
1.98,940,"GER"
9.66,1053,"GER"
25.88,299,"US"
7.08,1764,"GER"
12,925,"UK"
5.27,2042,"GER"
16.84,1951,"UK"
12.84,1997,"UK"
1.93,810,"GER"
10.02,1066,"UK"
12.63,1495,"UK"
2.1,701,"GER"
5.2,1053,"GER"
2.66,1786,"GER"
6.72,232,"GER"
27.04,1555,"US"
18.91,795,"UK"
9.76,1130,"GER"
24.86,1032,"US"
13.61,1655,"UK"
17.39,1436,"UK"
5.8,1485,"GER"
5.34,1958,"GER"
13.62,807,"UK"
25.57,239,"US"
25.5,937,"US"
5.9,1338,"GER"
11.57,1498,"UK"
27.31,405,"US"
19.16,1295,"UK"
27.08,533,"US"
2.28,736,"GER"
9.74,1139,"GER"
15.81,165,"UK"
9.29,1069,"GER"
25.46,1178,"US"
5.62,275,"GER"
17.46,1016,"UK"
9.7,1288,"GER"
24.96,238,"US"
25.33,1618,"US"
6.74,1701,"GER"
4,1645,"GER"
7.31,2270,"GER"
24.81,2302,"US"
25.74,725,"US"
4.65,326,"GER"
17.66,345,"UK"
25.49,745,"US"
3.73,2059,"GER"
7.42,522,"GER"
26.56,489,"US"
25.61,1234,"US"
5.35,1555,"GER"
25.43,1256,"US"
24.89,1426,"US"
24.83,1799,"US"
2.51,1748,"GER"
25.64,144,"US"
25.7,271,"US"
9.26,1187,"GER"
14.79,307,"UK"
15.83,2027,"UK"
27.31,589,"US"
8.42,979,"GER"
26.29,400,"US"
27.36,990,"US"
25.82,379,"US"
5.48,702,"GER"
12.24,1608,"UK"
25.65,411,"US"
21.95,1362,"UK"
4.47,346,"GER"
5.59,1393,"GER"
25.06,572,"US"
24.84,315,"US"
26.71,2276,"US"
26.84,682,"US"
11.38,2165,"UK"
12.15,566,"UK"
27.32,1503,"US"
9.13,2165,"GER"
16.85,498,"UK"
5.55,1108,"GER"
26.96,1504,"US"
17.05,1264,"UK"
26.17,1784,"US"
7.02,605,"GER"
18.97,1628,"UK"
5.62,725,"GER"
15.65,890,"UK"
7.29,2257,"GER"
26.64,383,"US"
5.17,1948,"GER"
21.91,1318,"UK"
26.53,368,"US"
26.15,131,"US"
25.85,939,"US"
17.4,1646,"UK"
12.84,1521,"UK"
8.19,2012,"GER"
27.44,1676,"US"
5.15,1362,"GER"
8.17,1168,"GER"
18.75,1739,"UK"
24.79,1732,"US"
16.83,2155,"UK"
9.85,1075,"GER"
27.18,2308,"US"
18.45,1863,"UK"
11.56,904,"UK"
5.63,136,"GER"
12.23,1744,"UK"
7.87,2277,"GER"
5.51,473,"GER"
6.07,1175,"GER"
5.02,1232,"GER"
15.03,328,"UK"
12.94,1570,"UK"
9.33,1087,"GER"
20.62,1133,"UK"
25.13,1792,"US"
4.12,2063,"GER"
8.54,14,"GER"
11.59,1401,"UK"
24.93,2020,"US"
3.87,1864,"GER"
26.97,1520,"US"
18.61,645,"UK"
25.44,930,"US"
27.4,603,"US"
27.18,526,"US"
17.22,2088,"UK"
11.23,683,"UK"
7.82,2138,"GER"
11.14,25,"UK"
26.9,1614,"US"
7.13,632,"GER"
7.88,1118,"GER"
26.49,972,"US"
3.81,1315,"GER"
21.94,1388,"UK"
27.58,1271,"US"
17.78,668,"UK"
25.85,312,"US"
5.01,307,"GER"
11.95,718,"UK"
5.5,1474,"GER"
26.9,2053,"US"
8.27,999,"GER"
27.61,1742,"US"
25.59,1374,"US"
8.71,2293,"GER"
27.53,1027,"US"
11.3,1585,"UK"
2.99,419,"GER"
10.79,1112,"UK"
24.91,1254,"US"
13.34,841,"UK"
2.3,1504,"GER"
11.77,946,"UK"
25.21,2078,"US"
5.24,920,"GER"
11.39,2022,"UK"
8.98,1138,"GER"
5.8,802,"GER"
8.46,985,"GER"
9.08,2023,"GER"
26.5,627,"US"
24.89,1024,"US"
13.12,1521,"UK"
6.33,2225,"GER"
12.41,1378,"UK"
6.2,679,"GER"
13,877,"UK"
25.4,309,"US"
12.21,1338,"UK"
16.64,2184,"UK"
25.36,1263,"US"
26.94,2273,"US"
2.05,718,"GER"
3.41,829,"GER"
24.86,2207,"US"
12.93,1547,"UK"
5.2,1112,"GER"
17.03,1721,"UK"
17.07,1719,"UK"
12.65,1670,"UK"
25.15,1576,"US"
14.45,1586,"UK"
26.94,2052,"US"
25.04,299,"US"
11.56,903,"UK"
26.03,46,"US"
8.19,1317,"GER"
25.73,1574,"US"
27.64,2297,"US"
3.81,2026,"GER"
12.06,391,"UK"
3.63,298,"GER"
6.03,1541,"GER"
11.98,590,"UK"
8.86,2310,"GER"
25.82,2259,"US"
6.68,596,"GER"
5.8,1178,"GER"
25.26,1693,"US"
1.92,1294,"GER"
8.72,1174,"GER"
24.94,1200,"US"
26.68,1609,"US"
9.02,195,"GER"
4.34,521,"GER"
25.98,1887,"US"
12.21,1701,"UK"
11.89,713,"UK"
21.69,1452,"UK"
25.57,1486,"US"
2.96,1892,"GER"
12.91,66,"UK"
12,2024,"UK"
3.61,1846,"GER"
26.2,2189,"US"
26.91,1983,"US"
12.8,1677,"UK"
1.79,846,"GER"
27.15,1561,"US"
16.61,1259,"UK"
11.45,783,"UK"
25.75,42,"US"
3.62,1298,"GER"
18.92,1217,"UK"
8.78,1189,"GER"
26.85,149,"US"
12.88,2163,"UK"
8.92,1305,"GER"
6.56,78,"GER"
27.22,1399,"US"
10.94,1144,"UK"
6.17,1208,"GER"
4.65,331,"GER"
18.76,1675,"UK"
7.29,1997,"GER"
27.05,560,"US"
5.12,1018,"GER"
6.11,609,"GER"
16.17,185,"UK"
9.05,1068,"GER"
11.41,2325,"UK"
18.68,679,"UK"
13.02,1655,"UK"
26.1,1601,"US"
13.54,1519,"UK"
1.67,887,"GER"
18.6,1812,"UK"
10.32,2017,"UK"
3.8,2057,"GER"
24.8,1306,"US"
19.01,925,"UK"
5.03,140,"GER"
25.19,1302,"US"
8.51,1238,"GER"
26.05,246,"US"
26.09,295,"US"
11.48,1660,"UK"
5.82,1587,"GER"
13.3,1551,"UK"
17.74,2035,"UK"
27.55,908,"US"
13.11,1520,"UK"
18.61,533,"UK"
26.03,314,"US"
27.1,55,"US"
9.04,998,"GER"
27.26,2073,"US"
14.04,273,"UK"
25.68,394,"US"
26.41,374,"US"
11.98,1462,"UK"
27.57,1675,"US"
2.94,854,"GER"
9.99,2029,"GER"
25.84,1177,"US"
8.09,2296,"GER"
11.78,1574,"UK"
16.93,1475,"UK"
25.57,327,"US"
16.39,2186,"UK"
26.54,2067,"US"
11.77,1694,"UK"
13.5,1581,"UK"
26.15,434,"US"
24.71,1734,"US"
26.25,2047,"US"
1.57,1201,"GER"
25.89,1380,"US"
11.4,967,"UK"
26.47,50,"US"
27.07,1607,"US"
24.79,926,"US"
25.37,399,"US"
7.88,966,"GER"
26.4,439,"US"
11.33,392,"UK"
26.99,479,"US"
12.17,582,"UK"
16.86,2138,"UK"
17.45,318,"UK"
14.93,510,"UK"
11.81,890,"UK"
24.98,2272,"US"
26.32,118,"US"
9.58,1012,"GER"
7.8,423,"GER"
11.34,636,"UK"
4.68,2010,"GER"
25.78,1259,"US"
5.93,1115,"GER"
9.72,1030,"GER"
25.15,545,"US"
26.73,697,"US"
1.61,1139,"GER"
26.92,137,"US"
25.88,1757,"US"
18.77,1046,"UK"
26.86,776,"US"
26.1,409,"US"
18.98,1389,"UK"
6.08,1436,"GER"
11.54,1654,"UK"
20.45,1441,"UK"
27.39,1368,"US"
6.25,1335,"GER"
16.38,218,"UK"
19.91,1434,"UK"
24.61,1781,"US"
26.08,1656,"US"
11.72,1699,"UK"
7.5,54,"GER"
26.05,293,"US"
25.03,1442,"US"
25.77,1806,"US"
8.51,1159,"GER"
18.89,926,"UK"
27.11,1096,"US"
11.77,943,"UK"
25.14,2091,"US"
12.84,645,"UK"
2.43,658,"GER"
11.61,1752,"UK"
11.2,1375,"UK"
26.29,1229,"US"
7.36,1732,"GER"
18,1769,"UK"
12.55,214,"UK"
27.35,1771,"US"
8.47,972,"GER"
7.01,2266,"GER"
24.78,2296,"US"
8.13,956,"GER"
7.25,2264,"GER"
9.25,1199,"GER"
17.06,715,"UK"
15.95,897,"UK"
19.54,1420,"UK"
6.23,94,"GER"
25.91,2108,"US"
11.94,869,"UK"
7.35,567,"GER"
8.99,1054,"GER"
26.42,2120,"US"
25.32,1732,"US"
17.51,367,"UK"
9.93,1076,"GER"
8.55,1353,"GER"
6.76,520,"GER"
4.92,2165,"GER"
7.31,517,"GER"
25.61,66,"US"
6.28,824,"GER"
2.07,731,"GER"
14.21,799,"UK"
4.99,1180,"GER"
5.3,2174,"GER"
5.88,861,"GER"
13.97,1525,"UK"
4.94,164,"GER"
27.16,679,"US"
5.71,695,"GER"
12.93,1450,"UK"
26.19,631,"US"
6.12,1401,"GER"
20.41,1467,"UK"
6.23,715,"GER"
11.11,1349,"UK"
13.21,764,"UK"
12.41,868,"UK"
25.25,2276,"US"
10.19,184,"UK"
2.45,642,"GER"
16.78,1271,"UK"
19.08,865,"UK"
25.24,1608,"US"
6.23,690,"GER"
25.86,2187,"US"
7.86,2003,"GER"
12.45,42,"UK"
11.57,1477,"UK"
25.19,1878,"US"
17.77,1829,"UK"
5.77,125,"GER"
11.81,1644,"UK"
25.84,382,"US"
6.46,1637,"GER"
11.86,1700,"UK"
24.79,1785,"US"
26.26,1742,"US"
27.5,1232,"US"
26.65,49,"US"
25.46,1400,"US"
11.28,1280,"UK"
19.07,936,"UK"
11.81,970,"UK"
12.07,2021,"UK"
5.44,2188,"GER"
26.2,2062,"US"
17.08,1477,"UK"
6.5,708,"GER"
27.17,2300,"US"
14.44,2115,"UK"
16.97,716,"UK"
26.74,2218,"US"
26.79,1261,"US"
18.85,744,"UK"
15.91,906,"UK"
1.46,1062,"GER"
8.9,401,"GER"
11.44,702,"UK"
21.95,1317,"UK"
17.22,1442,"UK"
6.82,632,"GER"
13.65,2134,"UK"
15.84,163,"UK"
5.69,2202,"GER"
18.3,490,"UK"
27.04,2223,"US"
26.64,702,"US"
25.65,68,"US"
15.72,889,"UK"
27.24,64,"US"
11.67,1666,"UK"
24.36,557,"US"
5.01,937,"GER"
4.83,1679,"GER"
5.89,1972,"GER"
16.1,413,"UK"
6.33,608,"GER"
18.92,1681,"UK"
11.55,564,"UK"
11.95,736,"UK"
27.39,1650,"US"
19.05,732,"UK"
11.58,925,"UK"
5.07,1058,"GER"
9.83,1285,"GER"
8.43,1198,"GER"
13.77,67,"UK"
12.6,652,"UK"
6.65,657,"GER"
6.64,629,"GER"
19.03,1429,"UK"
26.88,1520,"US"
24.64,1813,"US"
24.76,1677,"US"
13.27,1526,"UK"
27.01,1742,"US"
17.13,736,"UK"
15.19,2248,"UK"
3.17,1962,"GER"
17.34,590,"UK"
13.53,1677,"UK"
26.46,461,"US"
5.8,918,"GER"
11.78,1471,"UK"
11.11,958,"UK"
5.53,1484,"GER"
18.94,1618,"UK"
9.9,1114,"GER"
11.53,805,"UK"
12.6,1431,"UK"
19.69,1422,"UK"
3,405,"GER"
12.09,764,"UK"
12.35,1493,"UK"
8.27,1011,"GER"
26.25,2294,"US"
18.93,1069,"UK"
8.96,2164,"GER"
8.4,1138,"GER"
8.4,406,"GER"
17.99,1763,"UK"
25.02,1267,"US"
8.26,1356,"GER"
12.14,1570,"UK"
1.54,1138,"GER"
16.27,196,"UK"
18.95,990,"UK"
6.25,643,"GER"
26.94,1882,"US"
24.86,314,"US"
26.58,743,"US"
16.45,1785,"UK"
11.08,1195,"UK"
14.3,1598,"UK"
4.85,1932,"GER"
24.72,202,"US"
9.93,1045,"GER"
11.4,2163,"UK"
6.37,657,"GER"
18.93,659,"UK"
25.34,1754,"US"
12.34,1409,"UK"
25.66,1124,"US"
25.33,1248,"US"
18.74,687,"UK"
13.65,1547,"UK"
25.05,1897,"US"
17.71,1836,"UK"
6.45,451,"GER"
4.79,167,"GER"
5.66,1428,"GER"
26.15,1900,"US"
9.19,1282,"GER"
25.22,2116,"US"
5.65,690,"GER"
7.92,2140,"GER"
16.3,917,"UK"
7.86,1055,"GER"
11.85,1444,"UK"
11.47,991,"UK"
10.59,15,"UK"
24.8,2167,"US"
11.17,894,"UK"
16.79,958,"UK"
25.32,710,"US"
26.29,388,"US"
6.52,632,"GER"
11.54,648,"UK"
5.32,1532,"GER"
12.92,1494,"UK"
2.11,1467,"GER"
13.25,825,"UK"
8.47,1270,"GER"
25.35,1903,"US"
25.59,2168,"US"
27.46,642,"US"
4.96,965,"GER"
7.33,518,"GER"
26.27,2105,"US"
2.86,861,"GER"
10.16,1154,"UK"
27.65,1531,"US"
11.46,620,"UK"
6.66,572,"GER"
9.77,397,"GER"
6,1714,"GER"
3.92,541,"GER"
25.14,744,"US"
27.04,58,"US"
11.78,1398,"UK"
2.26,674,"GER"
13.14,808,"UK"
6.85,1634,"GER"
9.3,1077,"GER"
3.62,2009,"GER"
12.57,1604,"UK"
12.71,841,"UK"
27.06,1122,"US"
5.02,1007,"GER"
11.67,1704,"UK"
6.99,1759,"GER"
18.9,1133,"UK"
26.64,989,"US"
27,912,"US"
3.16,404,"GER"
26.31,376,"US"
25.47,1654,"US"
6.73,610,"GER"
12.21,404,"UK"
4.7,949,"GER"
13.24,240,"UK"
24.6,1084,"US"
12.5,855,"UK"
12.66,884,"UK"
14.23,1642,"UK"
2.64,532,"GER"
2.01,1563,"GER"
4.77,1018,"GER"
5.67,1383,"GER"
17.8,2048,"UK"
14.8,1243,"UK"
2.25,1674,"GER"
17.97,1977,"UK"
6.24,1418,"GER"
3.12,1954,"GER"
2.15,731,"GER"
8.38,1316,"GER"
26.72,666,"US"
5.16,1473,"GER"
11.15,1275,"UK"
26.65,151,"US"
10.3,1111,"UK"
25.67,1778,"US"
19.5,1395,"UK"
25.54,229,"US"
5.16,915,"GER"
26.24,313,"US"
4.75,1333,"GER"
8.33,1166,"GER"
8.89,987,"GER"
5.36,1087,"GER"
9.78,1061,"GER"
6.47,866,"GER"
4.96,916,"GER"
4.59,1281,"GER"
9.85,1044,"GER"
27.44,556,"US"
4.62,1057,"GER"
2.46,682,"GER"
24.79,220,"US"
5.35,1453,"GER"
11.78,1601,"UK"
26.88,658,"US"
5.8,1401,"GER"
25.59,2253,"US"
18.56,579,"UK"
14.48,1564,"UK"
27.49,2191,"US"
17.73,364,"UK"
6.31,670,"GER"
11.95,2171,"UK"
25.92,527,"US"
12.64,837,"UK"
25.16,2160,"US"
25.64,1732,"US"
8.91,1095,"GER"
7.03,1767,"GER"
5.31,1517,"GER"
12.66,1443,"UK"
27.24,1808,"US"
13.44,847,"UK"
10.74,2341,"UK"
26.54,1684,"US"
27.32,914,"US"
26.98,2112,"US"
25.31,2253,"US"
26.89,691,"US"
25.88,720,"US"
9.04,1113,"GER"
26.61,1252,"US"
18.74,1387,"UK"
8.36,22,"GER"
11.87,786,"UK"
20.06,1265,"UK"
16.67,222,"UK"
14.51,492,"UK"
9.51,1040,"GER"
24.9,1065,"US"
27.33,1394,"US"
16.89,1496,"UK"
10.72,2337,"UK"
6.25,1978,"GER"
11.75,1667,"UK"
17.21,744,"UK"
7.32,540,"GER"
12.2,1372,"UK"
18.93,992,"UK"
15.94,1837,"UK"
26.99,2172,"US"
27.1,1242,"US"
8.47,1172,"GER"
24.68,1529,"US"
24.78,371,"US"
16.08,2210,"UK"
18.03,2002,"UK"
7.02,43,"GER"
19.01,748,"UK"
8.5,194,"GER"
25.71,165,"US"
2.63,573,"GER"
6.37,1668,"GER"
26.4,2115,"US"
7.26,33,"GER"
10.5,1166,"UK"
4.6,1328,"GER"
25.43,1272,"US"
3.57,1299,"GER"
11.51,616,"UK"
6.01,260,"GER"
5.47,1083,"GER"
11.77,1411,"UK"
2.12,1633,"GER"
25.86,1950,"US"
26.73,2312,"US"
25.77,1030,"US"
12.55,210,"UK"
11.75,2320,"UK"
3.33,1301,"GER"
24.99,740,"US"
8.37,419,"GER"
4.28,364,"GER"
27.08,1819,"US"
24.78,1240,"US"
5.73,1351,"GER"
6.73,546,"GER"
26,1678,"US"
2.01,1586,"GER"
10.8,17,"UK"
12.54,1726,"UK"
6.7,697,"GER"
11.49,1384,"UK"
27.17,687,"US"
19.8,1440,"UK"
5.58,815,"GER"
12.01,1395,"UK"
13.13,818,"UK"
20.49,1130,"UK"
25.19,1937,"US"
1.8,1165,"GER"
24.92,2263,"US"
25,1814,"US"
16.15,422,"UK"
27.58,1005,"US"
24.59,399,"US"
4.43,1032,"GER"
14.27,759,"UK"
5.51,1526,"GER"
6.53,1979,"GER"
25.23,1951,"US"
5.45,1151,"GER"
5.59,806,"GER"
3.25,386,"GER"
11.79,2346,"UK"
26.38,1159,"US"
11.43,724,"UK"
25.76,1766,"US"
11.91,902,"UK"
25.13,923,"US"
3.58,316,"GER"
2.78,1787,"GER"
15.53,163,"UK"
19.87,1419,"UK"
26.4,1813,"US"
6.34,1667,"GER"
26.74,393,"US"
17.68,2053,"UK"
5.99,1166,"GER"
4.75,1924,"GER"
6.59,2096,"GER"
4.29,212,"GER"
5.1,1475,"GER"
26.64,1673,"US"
8.55,1065,"GER"
27.28,773,"US"
27.15,1551,"US"
25.99,971,"US"
14.13,2305,"UK"
27.69,1651,"US"
24.93,1437,"US"
26.07,1831,"US"
2.28,654,"GER"
25.61,1264,"US"
9.15,408,"GER"
11.45,1399,"UK"
25.12,568,"US"
25.85,1151,"US"
18.4,502,"UK"
2.75,884,"GER"
26.79,1135,"US"
25.39,2288,"US"
26.1,477,"US"
26.6,303,"US"
10.62,1213,"UK"
5.31,1042,"GER"
2.78,465,"GER"
13.41,703,"UK"
6.91,619,"GER"
2.49,593,"GER"
25.62,1078,"US"
11.98,1483,"UK"
26.23,1398,"US"
1.44,1058,"GER"
10.08,1222,"UK"
11.72,1739,"UK"
11.59,1703,"UK"
25.72,1718,"US"
26.54,245,"US"
4.77,1328,"GER"
15.89,2034,"UK"
26.45,645,"US"
18.86,1742,"UK"
11.27,712,"UK"
11.73,1705,"UK"
25.97,529,"US"
7.17,215,"GER"
26.44,790,"US"
24.58,66,"US"
5.11,1353,"GER"
12.28,618,"UK"
27.17,1845,"US"
15.74,380,"UK"
26.14,541,"US"
26.32,1157,"US"
1.78,1328,"GER"
26.31,393,"US"
24.63,1950,"US"
5.14,1105,"GER"
6.46,1635,"GER"
17.58,2039,"UK"
12.38,783,"UK"
9.36,1039,"GER"
27.13,1740,"US"
1.79,1159,"GER"
8.16,1194,"GER"
25.14,940,"US"
27.37,2103,"US"
26.01,746,"US"
2.07,1543,"GER"
6.23,591,"GER"
12.26,604,"UK"
4.98,1040,"GER"
25.64,82,"US"
1.91,1238,"GER"
2.72,521,"GER"
14.79,2101,"UK"
27.53,2308,"US"
26.46,272,"US"
6.28,1375,"GER"
13.31,704,"UK"
4.52,1020,"GER"
13.81,801,"UK"
25.52,1174,"US"
5.83,736,"GER"
27.17,1498,"US"
2.13,748,"GER"
3.83,2043,"GER"
7.54,511,"GER"
11.11,880,"UK"
7.06,527,"GER"
2.34,1700,"GER"
16.41,1262,"UK"
15.29,2257,"UK"
27.63,1553,"US"
25.29,1885,"US"
26.6,2045,"US"
2.52,1788,"GER"
1.68,1337,"GER"
13.46,1664,"UK"
26.68,2313,"US"
27.14,1546,"US"
25.85,1161,"US"
3.38,1305,"GER"
18.87,1684,"UK"
24.73,1911,"US"
3.27,1932,"GER"
2.89,1887,"GER"
2.17,1614,"GER"
13.82,709,"UK"
12.01,1506,"UK"
16.53,1780,"UK"
25.38,1701,"US"
5.54,1952,"GER"
26.69,305,"US"
27.07,949,"US"
14.88,785,"UK"
13.62,1624,"UK"
12.22,2315,"UK"
12.68,2317,"UK"
26.17,1898,"US"
4.92,149,"GER"
12.66,1681,"UK"
13.43,436,"UK"
13.29,812,"UK"
8.44,971,"GER"
25.02,2179,"US"
27.46,1817,"US"
25.12,1719,"US"
11.35,1624,"UK"
26.69,307,"US"
24.67,1373,"US"
8.52,2154,"GER"
27.26,267,"US"
26.15,1012,"US"
7.93,959,"GER"
18.01,1951,"UK"
5.6,877,"GER"
13.83,1505,"UK"
6.13,1173,"GER"
15,314,"UK"
12.41,2015,"UK"
24.82,1694,"US"
11.33,1010,"UK"
12.22,2163,"UK"
12.22,1410,"UK"
2.09,1506,"GER"
25.55,2183,"US"
15.66,373,"UK"
12.52,1532,"UK"
8.65,1069,"GER"
14.03,755,"UK"
26.23,749,"US"
24.94,50,"US"
26.31,439,"US"
14.69,498,"UK"
9.31,1175,"GER"
24.92,2290,"US"
26.77,131,"US"
8.26,410,"GER"
25.64,277,"US"
7.55,47,"GER"
18.2,484,"UK"
5.56,806,"GER"
24.91,1604,"US"
5.28,288,"GER"
12,778,"UK"
2.7,487,"GER"
26.1,2225,"US"
26.46,134,"US"
5.78,715,"GER"
26.13,430,"US"
24.97,1238,"US"
21.49,1191,"UK"
7.16,1703,"GER"
13,1560,"UK"
25.03,1227,"US"
20.9,1469,"UK"
2.14,1717,"GER"
10.36,8,"UK"
5.59,2196,"GER"
7.23,41,"GER"
4.78,506,"GER"
13.66,794,"UK"
25.12,1971,"US"
18.81,1746,"UK"
16.36,637,"UK"
12.38,1545,"UK"
26.88,2169,"US"
1.96,1640,"GER"
3.5,2013,"GER"
18.96,1684,"UK"
24.78,2167,"US"
26.97,121,"US"
13.64,802,"UK"
14.81,105,"UK"
14.93,1925,"UK"
27.41,1032,"US"
27.54,792,"US"
4.44,1216,"GER"
17.01,702,"UK"
24.79,137,"US"
10.38,1098,"UK"
27.47,1672,"US"
26.3,1368,"US"
27.05,245,"US"
27.05,140,"US"
27.14,1229,"US"
26.89,1607,"US"
27,1381,"US"
18.85,1058,"UK"
5.45,1225,"GER"
15.15,342,"UK"
26.81,677,"US"
11.55,863,"UK"
13.65,697,"UK"
6.29,606,"GER"
11.18,1350,"UK"
25.67,999,"US"
13.89,833,"UK"
16.04,601,"UK"
25.05,204,"US"
6.55,694,"GER"
27.42,373,"US"
27.06,1231,"US"
3.98,819,"GER"
6.14,952,"GER"
9.2,1077,"GER"
17.55,1610,"UK"
24.61,1321,"US"
16.74,265,"UK"
18.59,602,"UK"
14.71,1227,"UK"
10.91,2178,"UK"
14.9,2094,"UK"
5.69,718,"GER"
18.53,1860,"UK"
3.8,2035,"GER"
22.04,1278,"UK"
3.66,2009,"GER"
27.36,1509,"US"
10.43,19,"UK"
5.46,1490,"GER"
1.94,816,"GER"
5.37,779,"GER"
14.2,107,"UK"
12.09,1568,"UK"
1.7,1386,"GER"
26.09,43,"US"
18.68,1830,"UK"
9.44,1179,"GER"
12.86,1437,"UK"
12.82,814,"UK"
11.99,2160,"UK"
5.41,832,"GER"
26.46,743,"US"
26.54,1139,"US"
6.03,1532,"GER"
27.51,166,"US"
3.24,381,"GER"
13.14,2307,"UK"
25.1,1300,"US"
11.27,2324,"UK"
12.99,824,"UK"
6.18,1344,"GER"
6.65,229,"GER"
6.1,695,"GER"
5.84,1205,"GER"
21,1462,"UK"
27.58,2063,"US"
3.75,286,"GER"
27.28,2097,"US"
3.07,1912,"GER"
27.59,1928,"US"
1.75,1169,"GER"
13.27,2326,"UK"
25.03,41,"US"
24.62,149,"US"
25.81,2029,"US"
25.47,135,"US"
5.44,1572,"GER"
25.69,1375,"US"
24.87,1542,"US"
13.26,2305,"UK"
3.08,386,"GER"
12.49,1370,"UK"
25.97,2301,"US"
13.14,43,"UK"
11.31,698,"UK"
26.33,2115,"US"
12.23,1577,"UK"
25.59,214,"US"
4.92,1434,"GER"
8.59,1121,"GER"
27.37,1232,"US"
5.07,790,"GER"
11.45,1496,"UK"
15.79,156,"UK"
26.36,639,"US"
14.08,800,"UK"
25.79,272,"US"
10.29,2028,"UK"
11.23,1555,"UK"
6.53,1679,"GER"
12.09,1391,"UK"
8.83,1296,"GER"
25.59,293,"US"
6.52,589,"GER"
1.78,942,"GER"
19.09,843,"UK"
2.07,725,"GER"
1.96,1549,"GER"
12.75,1480,"UK"
25.66,554,"US"
10.13,401,"UK"
12.21,731,"UK"
13.08,2146,"UK"
3.5,1307,"GER"
26.07,1540,"US"
24.77,2159,"US"
6.1,578,"GER"
9.29,1300,"GER"
2,1588,"GER"
6.47,1579,"GER"
15.96,590,"UK"
5.9,861,"GER"
25.58,1782,"US"
8.08,1349,"GER"
26.3,2270,"US"
2.78,1784,"GER"
5.5,1707,"GER"
26,121,"US"
5.91,1446,"GER"
25.95,2102,"US"
8.72,19,"GER"
25.32,169,"US"
21.55,1206,"UK"
21.53,1469,"UK"
21.3,1463,"UK"
25.74,45,"US"
12.54,858,"UK"
12.17,570,"UK"
16.63,231,"UK"
26.85,257,"US"
10.81,1198,"UK"
26.39,2062,"US"
7.16,2270,"GER"
7.73,422,"GER"
27.56,469,"US"
26.79,1516,"US"
27.19,1396,"US"
5.4,698,"GER"
6.85,566,"GER"
14.11,1582,"UK"
8.93,977,"GER"
21,1267,"UK"
27.05,1395,"US"
18.65,667,"UK"
11.53,755,"UK"
12.8,828,"UK"
26.35,105,"US"
15.53,364,"UK"
25.92,1793,"US"
5.11,1938,"GER"
12.66,1541,"UK"
26.81,1089,"US"
24.97,2158,"US"
4.54,985,"GER"
5.97,835,"GER"
26.62,1726,"US"
1.89,1229,"GER"
12.83,613,"UK"
11.31,688,"UK"
26.49,1161,"US"
18.97,847,"UK"
27.08,2177,"US"
9.96,2027,"GER"
18.81,1799,"UK"
25.57,227,"US"
10.77,1090,"UK"
8.51,19,"GER"
18.89,774,"UK"
19.29,1090,"UK"
12.01,1472,"UK"
6.12,870,"GER"
13.14,686,"UK"
7.84,2005,"GER"
19.13,1077,"UK"
27.43,1547,"US"
11.64,626,"UK"
16.71,495,"UK"
26.44,1765,"US"
18.82,664,"UK"
26.84,2235,"US"
1.8,1413,"GER"
14.33,1588,"UK"
26.8,1276,"US"
6.77,593,"GER"
3.76,541,"GER"
5.63,846,"GER"
11.47,670,"UK"
25.96,1017,"US"
17.3,1258,"UK"
12.91,787,"UK"
1.66,1190,"GER"
5.47,1440,"GER"
14.43,2121,"UK"
26.75,485,"US"
3.87,282,"GER"
5.15,956,"GER"
26.32,1014,"US"
27.51,2104,"US"
9.51,2319,"GER"
25.81,1700,"US"
24.81,1031,"US"
26.25,1961,"US"
12.8,1604,"UK"
27.05,534,"US"
5.58,1171,"GER"
12.63,1398,"UK"
26.58,1135,"US"
27.53,239,"US"
4.98,301,"GER"
18.85,1706,"UK"
26.35,58,"US"
13.7,437,"UK"
8.83,1093,"GER"
18.16,447,"UK"
25.52,943,"US"
19.22,1380,"UK"
13.77,1617,"UK"
26.43,2073,"US"
26.85,986,"US"
27.18,472,"US"
5.72,1966,"GER"
26.19,2051,"US"
26.16,134,"US"
18.6,585,"UK"
27.05,70,"US"
11.2,999,"UK"
27.49,1581,"US"
18.68,617,"UK"
26.72,1408,"US"
26.86,1895,"US"
27.28,1760,"US"
25.67,1003,"US"
5.06,1274,"GER"
26.51,1165,"US"
25.05,59,"US"
6.33,2235,"GER"
26.07,1914,"US"
27.21,688,"US"
9.98,1258,"GER"
12.3,1584,"UK"
4.79,2155,"GER"
8.05,1211,"GER"
24.34,1581,"US"
2.61,576,"GER"
6.76,1553,"GER"
7.59,1743,"GER"
21.55,1446,"UK"
24.97,945,"US"
11.71,199,"UK"
27.64,920,"US"
25.89,2295,"US"
14.83,501,"UK"
18.83,729,"UK"
26.04,455,"US"
11.95,205,"UK"
16.33,1799,"UK"
12.33,1567,"UK"
14.42,732,"UK"
25.89,170,"US"
27.44,704,"US"
26.9,2280,"US"
26.31,371,"US"
25.31,2295,"US"
4.78,1196,"GER"
3.72,272,"GER"
16.06,1268,"UK"
26.83,1836,"US"
2.39,576,"GER"
2,927,"GER"
5.23,477,"GER"
26.57,1012,"US"
27.06,2196,"US"
18.99,1432,"UK"
27.24,61,"US"
26.49,1610,"US"
27.14,174,"US"
7.42,1757,"GER"
11.58,949,"UK"
5.43,739,"GER"
12.51,1554,"UK"
13.6,672,"UK"
15.56,2231,"UK"
7.35,1735,"GER"
14.48,482,"UK"
26.64,168,"US"
5.76,1130,"GER"
26.22,1766,"US"
24.91,1948,"US"
26.73,164,"US"
3.19,411,"GER"
18.89,1722,"UK"
25.92,1182,"US"
9.65,2166,"GER"
12.87,1510,"UK"
24.6,223,"US"
11.81,1499,"UK"
25.73,1682,"US"
25.7,269,"US"
17.97,1960,"UK"
26.13,1669,"US"
13.76,1972,"UK"
3.36,1995,"GER"
3.75,2024,"GER"
4.93,1288,"GER"
7.53,534,"GER"
24.82,1242,"US"
8.29,1186,"GER"
26.01,394,"US"
25.88,2304,"US"
25.34,125,"US"
25.41,1102,"US"
27.25,1987,"US"
3.75,1870,"GER"
15.79,182,"UK"
5.64,806,"GER"
25.33,1755,"US"
26.63,693,"US"
14.46,280,"UK"
11.49,1450,"UK"
1.65,1220,"GER"
26.22,1374,"US"
26.83,764,"US"
6.67,1689,"GER"
27.15,136,"US"
12.46,778,"UK"
9.44,1075,"GER"
27.31,1958,"US"
7.81,1033,"GER"
25.88,1909,"US"
1.98,740,"GER"
9.82,11,"GER"
5.31,1070,"GER"
26.24,431,"US"
26.24,2021,"US"
26.67,234,"US"
4.76,1342,"GER"
26.09,311,"US"
25.09,1702,"US"
19.02,1545,"UK"
25.95,921,"US"
17.74,402,"UK"
26.36,1877,"US"
26.96,1811,"US"
27.44,693,"US"
26.9,656,"US"
26.6,1007,"US"
7.53,1739,"GER"
7.19,567,"GER"
17.34,1883,"UK"
11.56,1567,"UK"
8.31,1203,"GER"
25.59,2282,"US"
14.23,768,"UK"
6.87,570,"GER"
27.17,1490,"US"
26.95,1609,"US"
13.85,1512,"UK"
25.11,1362,"US"
25.45,1224,"US"
18.91,636,"UK"
25.28,2041,"US"
26.25,1735,"US"
10.09,1222,"UK"
4.62,1213,"GER"
13.83,705,"UK"
11.45,653,"UK"
6.94,2260,"GER"
26.24,468,"US"
26.79,60,"US"
27.1,2194,"US"
2.48,555,"GER"
18.88,1648,"UK"
5.84,931,"GER"
26.56,1019,"US"
9.57,2309,"GER"
11.38,1366,"UK"
26.15,1364,"US"
11.45,759,"UK"
27.23,1395,"US"
19.76,1321,"UK"
21.96,1298,"UK"
9.96,2167,"GER"
7.91,1111,"GER"
3.04,429,"GER"
4.64,942,"GER"
8.58,1063,"GER"
8.77,1085,"GER"
5.14,1472,"GER"
12.9,1520,"UK"
25.9,2113,"US"
15.51,170,"UK"
24.68,1565,"US"
6.99,1630,"GER"
27.22,2211,"US"
6.54,1618,"GER"
26.53,146,"US"
9.71,197,"GER"
10.97,10,"UK"
26.8,724,"US"
26.98,2032,"US"
18.56,1872,"UK"
21.68,1443,"UK"
13.29,428,"UK"
10.68,2336,"UK"
1.67,1318,"GER"
27.46,2096,"US"
3.47,342,"GER"
9.2,1299,"GER"
25.21,1471,"US"
26.58,1084,"US"
13,1689,"UK"
9.53,193,"GER"
14.75,1576,"UK"
6.3,951,"GER"
3.62,821,"GER"
5.4,909,"GER"
11.72,607,"UK"
5.27,1365,"GER"
14.37,1628,"UK"
26.01,462,"US"
24.9,1896,"US"
11.58,1284,"UK"
26.53,134,"US"
13.34,2000,"UK"
5.58,1453,"GER"
12.97,1516,"UK"
3.14,423,"GER"
27.04,1510,"US"
11.45,1446,"UK"
19.02,869,"UK"
10.53,390,"UK"
6.51,601,"GER"
2.3,694,"GER"
12.61,1725,"UK"
25.85,1880,"US"
6.58,1597,"GER"
5.02,1113,"GER"
8.52,1224,"GER"
16.32,2171,"UK"
6.87,1720,"GER"
27.49,278,"US"
9.97,1164,"GER"
27.11,944,"US"
5.93,906,"GER"
24.99,1460,"US"
27.2,1979,"US"
18.67,608,"UK"
11.27,1518,"UK"
9.91,1254,"GER"
5.55,729,"GER"
15.69,152,"UK"
2.04,1695,"GER"
26.34,971,"US"
12.46,841,"UK"
10.52,2032,"UK"
25.26,1158,"US"
17.37,314,"UK"
8.84,8,"GER"
6.8,667,"GER"
8.68,1296,"GER"
17.3,313,"UK"
11.42,1532,"UK"
15.2,128,"UK"
27.24,1495,"US"
24.82,1606,"US"
8.12,1158,"GER"
18.82,590,"UK"
25.89,1614,"US"
13.92,2296,"UK"
13.73,693,"UK"
10.5,2027,"UK"
17.34,2074,"UK"
7.08,612,"GER"
18.65,1852,"UK"
26.18,449,"US"
1.51,1040,"GER"
5.69,848,"GER"
8.44,965,"GER"
25.71,2182,"US"
26.6,1169,"US"
13.56,696,"UK"
13.09,1717,"UK"
16.06,2199,"UK"
26.98,1388,"US"
6.17,2226,"GER"
5.58,1339,"GER"
1.81,956,"GER"
27.07,1493,"US"
26.96,384,"US"
13.93,76,"UK"
27.44,445,"US"
19.86,1330,"UK"
13.04,60,"UK"
12.39,1692,"UK"
24.8,1730,"US"
8.44,1257,"GER"
17.63,1838,"UK"
24.95,909,"US"
16.32,649,"UK"
15.32,2064,"UK"
3.42,831,"GER"
7.47,1716,"GER"
5.64,1371,"GER"
13.21,1466,"UK"
26.48,2306,"US"
3.59,343,"GER"
14.5,488,"UK"
1.75,825,"GER"
26.16,630,"US"
3.34,332,"GER"
5.39,850,"GER"
3.3,844,"GER"
7.51,2265,"GER"
5.47,1383,"GER"
18.48,583,"UK"
17.52,2076,"UK"
12.05,799,"UK"
6.85,505,"GER"
26.58,1368,"US"
12.35,849,"UK"
26.19,743,"US"
13.91,799,"UK"
17.34,2073,"UK"
11.94,862,"UK"
18.64,1729,"UK"
18.59,1849,"UK"
9.49,1141,"GER"
11.66,1481,"UK"
14.11,785,"UK"
11.82,1506,"UK"
9.27,1073,"GER"
9.31,1285,"GER"
26.68,1778,"US"
13.11,754,"UK"
26.31,1882,"US"
4.71,1276,"GER"
9,1220,"GER"
13.64,1688,"UK"
7.01,532,"GER"
26.99,245,"US"
25.72,57,"US"
1.79,1372,"GER"
5.88,469,"GER"
8.84,18,"GER"
4.19,2099,"GER"
14.44,1639,"UK"
27.21,2080,"US"
15.52,2229,"UK"
11.47,590,"UK"
13.64,1670,"UK"
8.54,1191,"GER"
25.9,725,"US"
5.96,1214,"GER"
24.75,1449,"US"
26.43,89,"US"
13.72,1686,"UK"
13.01,47,"UK"
8.22,1074,"GER"
26.37,1481,"US"
11.84,749,"UK"
14,1653,"UK"
27.02,2128,"US"
6.38,81,"GER"
26.27,750,"US"
10.06,1111,"UK"
12.61,727,"UK"
25.87,2190,"US"
8.65,1295,"GER"
5.49,904,"GER"
25.58,1015,"US"
18.92,1017,"UK"
19.87,1180,"UK"
1.74,1254,"GER"
24.92,1390,"US"
25.49,930,"US"
26.16,1772,"US"
17.45,590,"UK"
14.9,2255,"UK"
5.91,1552,"GER"
14.02,2127,"UK"
11.9,883,"UK"
5.72,97,"GER"
25.68,241,"US"
11.78,1420,"UK"
27.63,1014,"US"
25.37,366,"US"
11.58,1451,"UK"
5.23,2184,"GER"
18.63,527,"UK"
10.97,1123,"UK"
11.7,1372,"UK"
24.69,2192,"US"
9.48,1285,"GER"
2.61,598,"GER"
27.12,1231,"US"
26.64,85,"US"
6.8,525,"GER"
4.75,1261,"GER"
16.55,251,"UK"
24.94,1427,"US"
27.39,81,"US"
27.34,1145,"US"
4.76,2129,"GER"
1.82,1302,"GER"
7.53,2008,"GER"
4.81,1355,"GER"
18.44,498,"UK"
26.58,287,"US"
8.81,1233,"GER"
26,285,"US"
6.35,554,"GER"
27.59,1639,"US"
26.69,2203,"US"
6.28,673,"GER"
15.37,2260,"UK"
20.21,1190,"UK"
15.69,1864,"UK"
25,1381,"US"
11.52,931,"UK"
27.05,2225,"US"
27.35,1247,"US"
5.61,1507,"GER"
4.96,1185,"GER"
11.36,1723,"UK"
24.57,1572,"US"
2.37,1712,"GER"
26.59,1390,"US"
13.17,1989,"UK"
14.21,1636,"UK"
11.27,785,"UK"
11.58,534,"UK"
5.29,2178,"GER"
12.4,740,"UK"
26.41,1581,"US"
4.89,1687,"GER"
25.3,1652,"US"
25.07,751,"US"
25.33,1781,"US"
25.16,2273,"US"
26.37,1677,"US"
27.54,1101,"US"
11.26,2323,"UK"
6.91,654,"GER"
5.48,1091,"GER"
5.37,1497,"GER"
10.69,1134,"UK"
11.39,1449,"UK"
25.94,1764,"US"
7.76,44,"GER"
25.85,751,"US"
5.44,1207,"GER"
13.29,1533,"UK"
25.88,936,"US"
11.28,1554,"UK"
26.81,279,"US"
14.94,110,"UK"
11.74,755,"UK"
26.12,398,"US"
18.62,1870,"UK"
27.55,269,"US"
24.37,1707,"US"
18.62,1070,"UK"
25.36,947,"US"
7.21,569,"GER"
25.26,403,"US"
6.02,880,"GER"
11.5,586,"UK"
25.68,256,"US"
4.51,1067,"GER"
25.82,1891,"US"
5.84,1147,"GER"
11.66,1454,"UK"
12.18,718,"UK"
25.9,1498,"US"
26.43,2115,"US"
24.56,1316,"US"
27.51,1135,"US"
9.29,2308,"GER"
24.73,1238,"US"
25.89,1900,"US"
18.89,1655,"UK"
24.8,1919,"US"
6.36,674,"GER"
8.35,1093,"GER"
26.44,1789,"US"
14.25,99,"UK"
4.88,1199,"GER"
25.46,1901,"US"
19.88,1417,"UK"
18.37,1935,"UK"
18.78,1017,"UK"
26.7,1743,"US"
25.16,1964,"US"
26.23,2205,"US"
25.44,738,"US"
12.26,1513,"UK"
25.81,934,"US"
8.73,1293,"GER"
21.75,1418,"UK"
24.93,2082,"US"
5.44,1191,"GER"
26.53,634,"US"
5.14,784,"GER"
12.55,1536,"UK"
11.31,917,"UK"
11.12,1190,"UK"
6.15,935,"GER"
26.3,391,"US"
4.48,2121,"GER"
12.58,220,"UK"
12.55,1693,"UK"
27.13,86,"US"
24.92,943,"US"
6.53,2236,"GER"
13.37,659,"UK"
13,846,"UK"
6.12,1136,"GER"
24.85,2102,"US"
26.28,67,"US"
7.08,1610,"GER"
12.08,594,"UK"
6.99,2114,"GER"
5.19,1316,"GER"
5.5,2056,"GER"
25.35,1256,"US"
27.5,1032,"US"
25.98,1719,"US"
25.99,84,"US"
2.89,1279,"GER"
16.42,211,"UK"
2.89,1863,"GER"
27.52,2099,"US"
27.23,1138,"US"
10.91,185,"UK"
18.67,1025,"UK"
13.6,1543,"UK"
1.49,1122,"GER"
11.41,1417,"UK"
1.96,1562,"GER"
5.53,764,"GER"
17.8,2042,"UK"
12.23,817,"UK"
13.02,1695,"UK"
26.74,748,"US"
4.25,517,"GER"
16.1,1823,"UK"
3.6,1632,"GER"
5.3,949,"GER"
18.88,1009,"UK"
25.87,1794,"US"
11.75,1687,"UK"
12.15,587,"UK"
2.26,649,"GER"
8.38,1212,"GER"
25.23,1060,"US"
25.46,2202,"US"
14.61,300,"UK"
25.07,1565,"US"
26.37,723,"US"
5.8,840,"GER"
12.92,39,"UK"
25.78,1805,"US"
13.77,721,"UK"
11.29,1361,"UK"
11.32,187,"UK"
12.28,868,"UK"
11.61,603,"UK"
17.39,2077,"UK"
4.61,1061,"GER"
6.78,1646,"GER"
26.24,1606,"US"
16.56,2161,"UK"
26.12,387,"US"
26.76,1113,"US"
18.05,1942,"UK"
25.81,1102,"US"
1.81,841,"GER"
18.76,1449,"UK"
5.27,829,"GER"
12.1,1600,"UK"
24.92,1704,"US"
5.84,1157,"GER"
26.96,393,"US"
11.3,683,"UK"
26.55,278,"US"
14.03,807,"UK"
15.75,182,"UK"
9.02,1135,"GER"
26.6,1263,"US"
1.86,1386,"GER"
17.68,646,"UK"
13.83,1641,"UK"
21.09,1478,"UK"
11.16,1529,"UK"
8.49,1010,"GER"
4.84,1349,"GER"
27.38,2091,"US"
11.87,1610,"UK"
6.98,1669,"GER"
26.36,1494,"US"
27.5,1572,"US"
26.07,1173,"US"
25.52,1377,"US"
13.48,1483,"UK"
8.77,1048,"GER"
4.51,2144,"GER"
18.76,1213,"UK"
7.43,563,"GER"
25.93,294,"US"
4.28,1657,"GER"
27.19,129,"US"
17.3,304,"UK"
9.4,1189,"GER"
17.56,1621,"UK"
4.45,2134,"GER"
15.26,132,"UK"
7.88,1033,"GER"
26.55,1795,"US"
26.17,1381,"US"
27.09,1271,"US"
5.14,769,"GER"
14.12,823,"UK"
27.11,923,"US"
13.1,1442,"UK"
8.2,952,"GER"
24.69,1912,"US"
7.06,2254,"GER"
25.92,408,"US"
26.11,2018,"US"
12.57,1720,"UK"
5.97,1440,"GER"
