"area_name","region","year","activities_in_life_are_worthwhile","early_years_development","feelings_of_anxiety","happiness","healthy_eating","high_blood_pressure","household_overcrowding","life_expectancy","life_satisfaction","low_level_crime","mental_health_conditions","overweight_and_obesity_in_adults","overweight_and_obesity_in_children","physical_activity","rough_sleeping","smoking","unemployment","young_ppl_edu_empl_appren"
"Hartlepool","North East England",2021,7.75,72.32876712,3.3,7.54,49.25492347,24.48630888,3.567512182,78.81,7.42,8.930474445,16.4314883,74.57660827,34.68429625,51.25073696,4.321007659,17.3,6.80749172,93.9481268
"Middlesbrough","North East England",2021,7.65,63.81679389,3.02,7.41,47.53646877,17.26114941,4.997961808,77.63,7.5,8.719963195,13.02847294,70.76404121,35.50632911,56.89418338,2.782918447,17.9,7.25302295,88.8381201
"Redcar and Cleveland","North East England",2021,7.74,70.59936909,2.73,7.46,44.09497542,18.20087052,5.40388876,79.48,7.5,7.556766841,14.12750756,68.49471714,34.58311711,61.81960867,0,13.3,5.86992867,91.5
"Stockton-on-Tees","North East England",2021,7.45,73.54784789,3.18,7.23,54.66315321,20.79853599,5.886988803,79.7,7.3,5.516186385,21.12478933,75.79037035,28.20763088,65.87336472,1.52261077,12.5,5.579293,91.68307087
"Darlington","North East England",2021,7.8,71.97664721,3.29,7.35,50.73368833,17.77126868,3.901408866,79.685,7.37,5.726150351,15.67755288,72.5304907,33.71212121,60.96587438,1.848053076,10.6,5.29948108,93.76068376
"Halton","North West England",2021,7.68,66.44908616,3.24,7.36,45.02311315,19.73774302,8.270298484,79.375,7.34,5.171124932,15.29782666,65.04049192,36.24638531,65.51675472,0,13.2,3.93981499,94.33701657
"Warrington","North West England",2021,7.78,73.74842238,3.04,7.38,54.19393006,15.97444464,4.284393995,80.62,7.43,4.952315458,11.14909895,64.17706919,27.4914202,68.00868776,4.734243255,10,3.50714216,94.9752883
"Blackburn with Darwen","North West England",2021,7.76,68.74702239,3.2,7.36,42.84771449,18.93479988,5.023087342,78.315,7.42,5.025661534,12.83840571,63.61849987,33.10451837,57.84333677,7.100347272,15.5,6.04372042,92.4796748
"Blackpool","North West England",2021,7.7,67.46776084,3.27,7.43,44.65588051,21.85207185,2.924517955,76.535,7.44,6.677217248,16.50415729,70.45797122,41.75250709,55.93209278,9.932318345,20.6,6.05647109,86.70338316
"Kingston upon Hull, City of","Yorkshire and the Humber",2021,7.42,67.883645,3.27,7.38,44.38848108,27.61606568,2.560655439,77.8,7.25,11.69315314,26.64266579,70.7091709,32.98817084,55.1999591,4.128152877,22,4.8590931,91.45841104
"East Riding of Yorkshire","Yorkshire and the Humber",2021,7.89,73.4939759,3.04,7.74,60.85186808,27.04007625,2.542749616,81.79,7.69,3.604301852,18.54715596,67.62999593,26.08679037,64.36009134,2.039965845,10.2,3.49255474,95.01084599
"North East Lincolnshire","Yorkshire and the Humber",2021,7.9,71.118177,3.49,7.54,48.93357726,19.96112084,2.80194896,80.105,7.38,8.784920057,10.808254,67.63600112,31.51017576,63.67533009,6.361444557,16.5,3.98418241,93.45579793
"North Lincolnshire","Yorkshire and the Humber",2021,7.89,71.73913043,2.82,7.57,56.2421331,21.21692382,6.068905141,80.71,7.77,5.655637113,14.77901972,67.62153569,33.36180934,58.30531414,3.530657879,12.3,3.69787825,92.72727273
"York","Yorkshire and the Humber",2021,7.81,75.69659443,3.33,7.34,58.25515631,53.63785653,9.127343986,81.76,7.65,7.241294334,49.7849713,63.59347005,27.61083744,69.29183993,1.98341862,9.2,2.87795292,95.84045584
"Derby","East Midlands",2021,7.77,70.2062173,3.15,7.39,55.03668626,18.18990265,2.997420404,79.595,7.35,7.032326898,22.49384667,65.42269953,30.2279434,59.02225181,4.212364438,13.2,5.61444329,91.53279786
"Leicester","East Midlands",2021,7.84,67.69610871,3.48,7.41,50.9061893,19.85332576,2.861751188,79.165,7.57,5.06163215,20.82533318,60.22124618,28.88515299,55.41163222,2.185684857,12.8,6.82787845,90.32841996
"Rutland","East Midlands",2021,8.12,77.80898876,3.43,7.78,64.89304775,13.92021631,3.966715374,84.07,7.76,1.507065916,11.01407727,59.52598708,24.81971154,74.03798589,4.83313598,13,3.57071449,93.76257545
"Nottingham","East Midlands",2021,7.81,66.62387677,3.16,7.2,50.13288382,15.81623909,4.455625936,78.8,7.25,10.23737904,53.04766867,66.92275483,33.00244584,64.05252577,7.197261286,16.5,6.13679004,88.44667697
"Herefordshire, County of","West Midlands",2021,7.82,75.39988969,3.19,7.44,62.74956051,28.25946609,6.038897717,81.815,7.55,2.494641428,17.3418636,66.95076728,32.77081491,71.51781521,6.398054991,11.9,3.39542465,94.07783418
"Telford and Wrekin","West Midlands",2021,7.64,71.36404697,3.19,7.31,51.07144683,38.24020377,2.777988352,80.085,7.49,5.879043911,28.79529282,70.63545525,33.06122449,60.98006014,1.614274491,13.7,3.86977319,94.24670892
"Stoke-on-Trent","West Midlands",2021,7.76,67.66685362,3.24,7.59,41.41582277,17.01228952,2.357737473,77.78,7.52,6.499832438,11.90885761,68.72946981,34.06577901,57.46955246,8.138367753,16.5,4.31798653,90.1326053
"Bath and North East Somerset","South West England",2021,7.77,73.95604396,3.38,7.43,65.83576289,12.73138284,2.55544501,82.91,7.54,4.486725709,20.12780403,56.27500971,22.3840387,70.44649726,7.275637528,9.7,2.9868284,95.01385042
"Bristol, City of","South West England",2021,7.49,71.00316397,3.38,7.25,61.8165808,20.23903647,3.433125183,80.59,7.37,8.644116549,30.15735113,55.72755031,28.46198692,73.19889221,14.43378184,16.4,3.950187,91.86851211
"North Somerset","South West England",2021,7.94,74.70093044,3.14,7.53,57.48453074,32.62945989,2.653403713,82.55,7.59,3.261061167,25.70252493,64.210384,28.36909152,71.1801373,8.739690615,12.9,2.96407709,96.36363636
"South Gloucestershire","South West England",2021,7.68,76.45801527,3,7.42,60.97290155,19.76928021,2.223009707,82.995,7.52,4.687022264,15.44389398,62.57226168,24.3220339,66.94556112,1.375818612,12.2,2.60659366,94.28123776
"Plymouth","South West England",2021,7.6,68.95622896,2.88,7.53,52.00333942,27.79120165,3.661794411,80.64,7.4,3.789391985,18.07214916,68.79930044,30.59521513,68.83845305,8.688195764,15.5,3.88704645,94.05261151
"Torbay","South West England",2021,7.7,70.53270398,3.07,7.42,61.70254685,30.83868404,3.284175942,80.53,7.39,5.638021407,23.65241638,59.4335762,30.16868445,65.20333712,12.19109906,15.4,3.91418257,94.18676562
"Swindon","South West England",2021,7.85,71.09243697,3.25,7.5,53.10919246,20.28024483,3.328655811,81.685,7.6,5.608373975,13.37554602,64.9871028,30.3674787,70.05254033,4.278752145,12.5,3.76180294,93.68131868
"Peterborough","East of England",2021,7.67,66.97490092,3.12,7.26,47.20006146,56.84518917,2.289043829,80.545,7.27,7.896321301,59.63097845,60.69873529,30.56029406,57.4389317,16.63978109,14.4,4.6997136,93.01686936
"Luton","East of England",2021,7.91,68.32620648,2.75,7.74,48.7781475,19.36520169,7.418047494,80.235,7.67,5.277996328,10.34445535,67.51032445,32.49306434,56.78528204,3.113518899,14.1,6.04237626,93.97240378
"Southend-on-Sea","East of England",2021,7.84,73.81170018,3.15,7.52,54.61575337,16.73843565,4.046524968,80.575,7.55,5.427497497,11.05367769,68.83133465,27.91041522,65.44150638,5.537067901,12.9,4.61867242,93.21125502
"Thurrock","East of England",2021,7.77,73.86914378,2.96,7.5,50.62080778,12.32771762,3.853271701,80.445,7.61,5.896394369,8.03253529,76.34524493,32.30932203,60.29471525,1.136996737,12.6,4.7065192,93.02575107
"Medway","South East England",2021,7.66,73.96566282,3.33,7.37,56.74991745,19.55114643,3.138134624,80.335,7.38,6.34444118,12.63423896,69.37409965,37.86185263,60.83964716,3.931000225,14.5,4.08973716,94.82368166
"Bracknell Forest","South East England",2021,7.66,75.84187408,3.48,7.37,57.50418322,21.92650282,4.07129455,83.55,7.47,4.912817622,12.9882623,63.50335249,26.08251634,65.45944031,1.597775896,10.8,3.49778996,96.55455291
"West Berkshire","South East England",2021,7.73,74.91638796,3.18,7.47,57.69811404,17.770659,7.556669616,83.265,7.5,3.792635598,9.998643986,61.49926099,24.47363786,67.48087321,0.617798783,13.4,2.98640744,96.26315789
"Reading","South East England",2021,7.54,69.96684036,3.42,7.41,56.82165009,18.96893556,3.389702973,80.635,7.3,9.504980136,18.63284976,63.51179234,29.03896104,69.14432277,12.70427903,15.8,4.06181156,93.89705882
"Slough","South East England",2021,7.49,73.82220401,3.14,7.41,49.74927042,17.25482207,6.756855148,80.45,7.25,6.545123916,8.876539333,61.94903767,31.91874234,48.79179646,12.00336094,14.9,6.1531804,94.92490937
"Windsor and Maidenhead","South East England",2021,7.56,75.09727626,3.45,7.37,60.63824428,14.12024029,8.15552438,83.26,7.65,4.614174373,10.38209464,56.98291902,22.58592753,70.77124372,1.949051786,11.9,3.65291395,95.28301887
"Wokingham","South East England",2021,7.76,77.40686986,3.4,7.44,57.24213406,24.24475244,6.961357571,83.96,7.47,3.115927448,13.06947408,60.15552082,25.17640628,68.39193371,2.245059466,6.7,2.82281118,95.27744982
"Milton Keynes","South East England",2021,7.71,73.4522844,3.27,7.4,56.81349298,20.9391899,6.596337216,81.245,7.43,5.677213058,13.14928885,69.34447432,27.19279685,66.83471717,6.245641063,14.9,3.78465076,93.82992327
"Brighton and Hove","South East England",2021,7.71,71.73228346,3.71,7.26,65.28689973,12.88981671,20.19704065,81.25,7.57,8.147721586,38.06585615,58.80947713,27.58842415,69.03710831,13.38959375,13.7,4.7680765,94.56378781
"Portsmouth","South East England",2021,7.69,69.40639269,3.22,7.33,49.65841298,33.72420294,19.525785,80.42,7.36,14.18776666,37.38643821,65.43824825,34.4990271,61.19601972,11.60384474,13.6,4.74423946,91.95214791
"Southampton","South East England",2021,7.62,71.43826323,3.2,7.4,54.11769768,21.3044143,7.613341324,80.39,7.44,8.466734158,20.45102375,64.99492504,30.82898335,64.77971156,3.639952114,12.5,5.24095208,91.52305543
"Isle of Wight","South East England",2021,7.63,71.45015106,3.34,7.34,64.02095892,27.28020054,3.091077573,81.515,7.27,2.129364142,21.65098736,61.72617248,28.57356459,70.23178532,3.5488931,13.1,4.91281496,95.63758389
"County Durham","North East England",2021,7.68,71.89961531,2.9,7.39,57.77594353,21.6600846,6.603450911,79.485,7.54,5.491898137,20.30325887,70.81948784,31.24858247,63.52826557,2.10992316,16.2,5.3,91.42914092
"Cheshire East","North West England",2021,7.88,73.03703704,3.14,7.47,53.47853424,23.47917428,6.138260707,82.045,7.76,3.674996832,14.65257703,68.30427375,27.54173228,70.57993736,0.99868174,13.5,3.7,96.21351565
"Cheshire West and Chester","North West England",2021,7.83,71.64299116,2.93,7.4,54.96237357,17.19143185,4.53480963,81.505,7.47,4.868784229,13.26067347,60.24013271,28.82264063,73.40023953,2.236517295,8.8,3.6,93.12869614
"Shropshire","West Midlands",2021,7.84,72.71169009,3.01,7.4,62.20108474,16.8589952,7.207513222,81.945,7.56,3.497072968,9.434999248,67.96253674,26.14691615,72.88171156,6.46718979,13.2,3.7,91.8556701
"Cornwall","South West England",2021,7.77,70.29581656,3.14,7.47,59.45223596,21.362652,10.34090407,81.74,7.58,2.086171439,15.90859475,62.70671883,28.47679564,71.69227052,4.895019318,11.5,3.5,93.40722339
"Wiltshire","South West England",2021,7.74,72.39431487,3.12,7.51,58.58002976,21.53599816,9.689732395,82.725,7.44,2.735731148,16.44275411,61.78710804,26.49037927,72.87794568,2.14253298,11.7,2.7,94.58856911
"Bedford","East of England",2021,8.05,68.82378662,3.28,7.5,51.26222178,29.82349097,3.17154735,81.235,7.89,7.029716006,15.94628408,63.29331444,29.28950472,68.14092923,1.076652257,9.9,4.46412789,94.18425116
"Central Bedfordshire","East of England",2021,7.79,72.53722795,2.77,7.64,58.04472092,19.97748625,3.55313948,82.32,7.72,4.019095805,14.27978023,65.83704788,25.33936652,68.92334407,1.015087585,11.5,3.052035024,94.03367496
"Northumberland","North East England",2021,7.91,74.52208306,3.06,7.48,57.61601047,21.21979106,1.999850476,81.075,7.68,3.931196344,17.94106789,65.88752586,33.42013889,70.1253437,1.24394355,11.8,5.2,93.51557533
"Bournemouth, Christchurch and Poole","South West England",2021,7.66,73.95104895,3.19,7.49,57.84841006,21.24712244,2.642194096,82.025,7.5,7.113547227,16.20325412,63.88700438,25.44467932,69.96137113,7.248024913,11.4,3.9,94.53277545
"Dorset","South West England",2021,7.9,71.48797149,2.91,7.65,64.81903905,21.66456764,2.565182244,83.045,7.69,2.043229039,11.4010569,59.04029956,26.54944946,68.08016136,3.409460466,9.4,3.1,94.43663951
"Buckinghamshire","South East England",2021,8,74.32698621,2.99,7.51,58.37695333,20.84347837,2.46692653,83.305,7.79,3.081928856,11.16512366,60.95461862,24.60714908,71.87792161,0.540290352,10.5,3.6,95.87217044
"North Northamptonshire","East Midlands",2021,7.67,70.0978109,2.66,7.62,52.7467541,29.88796021,3.572153948,80.815,7.5,4.771035931,18.05266788,69.60060282,28.81458233,62.5882155,3.329809285,16.17951993,3.6,94.17555373
"West Northamptonshire","East Midlands",2021,7.76,72.11859415,2.92,7.51,51.45340841,20.85256013,2.747143147,81.26,7.66,3.587119806,13.8727869,68.91660823,25.83760246,63.29214492,3.517312211,11.70708548,3.6,94.38639125
"Cambridge","East of England",2021,7.64,70.30042918,3.54,7.45,56.85447357,11.87131838,5.647752725,82.93,7.46,20.77353014,18.13118618,49.59876247,20.82829312,76.10168879,9.674254046,14.3,3.43457252,92.93478261
"East Cambridgeshire","East of England",2021,7.89,72.22222222,2.7,7.75,61.86786809,19.15371576,4.470305794,82.89,7.71,3.216075944,12.74060673,63.35672292,22.52326218,67.56222285,3.403482897,5.5,2.89127189,96.34955752
"Fenland","East of England",2021,7.64,67.69825919,2.66,7.6,52.53744737,24.62711488,7.836220766,80.36,7.62,3.242554859,12.8575155,67.13047739,30.46251994,55.81300698,8.759806116,27.8,4.29559538,92.68585132
"Huntingdonshire","East of England",2021,8.01,70.77077077,2.74,7.53,51.18362271,24.30219355,5.327923431,82.56,7.78,3.072883203,15.33626262,65.32691405,26.38662707,68.59512454,3.850300323,12.7,3.41841288,93.49593496
"South Cambridgeshire","East of England",2021,7.8,74.21790723,3.39,7.47,61.9171808,21.66261448,5.061103771,84.49,7.63,1.901755084,20.686613,58.32088805,22.46419695,73.41352677,1.22697881,6.3,2.9156791,96.15839243
"Allerdale","North West England",2021,7.66,68.0293501,3.07,7.37,56.90592768,16.77629249,4.624212932,80.715,7.47,2.412323292,7.900687663,57.79719723,33.9031339,73.19757213,0,15.5,3.51889354,94.61187215
"Barrow-in-Furness","North West England",2021,6.91,70.52932761,3.57,7.4,53.18120649,12.20379888,2.531799833,78.855,7.28,4.825705122,9.183234251,63.92067669,34.77350794,61.57979021,0,19,4.09406056,92.92168675
"Carlisle","North West England",2021,7.7,70.40322581,3.52,7.52,59.55218497,28.62835968,2.228331365,80.2,7.45,5.353654491,25.33432159,70.34480146,27.96123125,64.48204655,0,14.7,3.28621203,94.36090226
"Copeland","North West England",2021,7.75,68.34319527,2.67,7.76,53.80199536,26.29627655,2.228879797,79.815,7.67,2.292735263,15.27555861,65.58632054,33.50174216,72.85562912,0,17.8,2.73137621,95.32062392
"Eden","North West England",2021,7.63,71.82448037,2.56,7.42,57.26417874,10.28923058,5.190976977,83.96,7.8,2.437027942,5.349226504,66.82576751,26.62957075,75.80320638,0,8.2,2.86088373,96.31675875
"South Lakeland","North West England",2021,8.07,74.76415094,2.83,7.88,64.27882892,11.60452934,3.810020606,82.56,7.86,1.60144893,7.54388294,57.50468885,27.9743029,73.598003,8.597959418,10.4,2.81931607,97.51286449
"Amber Valley","East Midlands",2021,8.1,71.92156863,2.68,7.59,54.96925889,16.260935,2.418472201,81.36,7.79,3.795729222,12.69159279,62.61780139,28.18825911,69.94869943,0.79058258,15.9,3.38328904,93.67588933
"Bolsover","East Midlands",2021,7.66,68.21983274,3.07,7.25,49.22399061,18.83995966,3.380255959,79.72,7.48,3.025644179,13.40218907,68.85987206,29.46170592,58.46328069,0,15.9,3.28656627,90.40333797
"Chesterfield","East Midlands",2021,7.73,68.87298748,3.71,7.2,56.19522019,28.83775796,2.35748338,79.8,7.33,5.861050224,24.03550646,70.08051214,28.50730371,66.77813324,4.822903002,11.4,4.16485414,92.82094595
"Derbyshire Dales","East Midlands",2021,7.72,72.60504202,3.05,7.26,67.54152595,12.08008143,4.333645177,82.935,7.62,2.098809754,6.718078114,59.60132842,26.66666667,75.98927593,2.790139646,13.3,3.44018596,95.71045576
"Erewash","East Midlands",2021,7.79,68.91151135,2.93,7.38,56.97097461,14.6138327,3.764485774,80.89,7.65,5.297749107,13.64124347,72.15601173,26.34085213,61.46226802,0,18.6,3.45993793,90.17013233
"High Peak","East Midlands",2021,8.49,73.17880795,2.36,7.91,60.85959829,13.78923958,2.262856324,80.83,8.34,2.450530588,10.51450435,66.96247641,24.84942085,72.63707682,2.195293291,15.3,3.91283222,95.13574661
"North East Derbyshire","East Midlands",2021,7.65,71.9,2.89,7.58,58.02157219,15.45427946,3.838256676,81.07,7.53,0.997886828,8.584006201,73.76521356,27.29924502,68.60393994,0,9.9,2.80773048,93.89736477
"South Derbyshire","East Midlands",2021,7.72,72.35142119,3.23,7.57,49.26150042,16.37089853,3.273527862,81.235,7.76,1.762299573,10.5092884,70.43507504,28.77941802,69.99456404,0.925386117,11.9,3.7626054,93.4751773
"East Devon","South West England",2021,7.75,73.6422882,3.06,7.25,67.6720753,19.05406235,3.491985916,83.455,7.48,1.073743922,9.490638246,65.17154286,26.41804964,69.08124034,5.259006048,11.1,2.9138026,94.81245012
"Exeter","South West England",2021,7.59,71.78257394,3.64,7.17,62.66439495,30.29185255,3.711739018,81.57,7.31,3.547508869,22.39986392,61.26332727,24.24731183,74.61518021,10.82694672,12.2,3.24949741,92.6780341
"Mid Devon","South West England",2021,7.94,70.46263345,2.41,7.57,61.11669957,13.98829643,3.51402181,82.78,7.75,1.068555649,9.254386503,63.12425585,18.39339339,66.65964565,6.010626788,10.8,2.98819337,91.88829787
"North Devon","South West England",2021,7.97,72.40704501,2.86,7.64,61.89991604,16.45058982,2.927992259,82.17,8,1.976163797,15.19584437,64.12322821,24.22851956,71.170141,7.039774727,10.3,2.92427324,95.92417062
"South Hams","South West England",2021,8.02,76.6798419,2.62,7.65,67.48212628,9.887874264,3.567466836,83.64,7.71,1.307620585,9.918287041,50.81753227,24.04869067,76.25081897,2.241825743,5.1,2.74679883,95.57739558
"Teignbridge","South West England",2021,7.92,73.10398749,2.69,7.61,64.22459093,18.20250608,3.60593679,82.59,7.8,1.310732455,8.961970155,64.26935955,24.91071429,71.65266604,3.697787244,19,3.07047947,94.37788018
"Torridge","South West England",2021,8.25,68.98148148,2.4,8.16,54.20749268,20.72686994,21.00964999,81.74,8.25,1.979074201,14.1635456,65.7223635,31.8974359,70.32424893,10.22270902,6.4,2.78996723,93.8976378
"West Devon","South West England",2021,7.84,74.09638554,2.84,7.83,66.94913732,19.03895232,20.98022227,82.315,7.87,1.30034379,13.9541932,62.95303109,27.06801471,75.52797768,0,13.9,2.95682231,94.05034325
"Eastbourne","South East England",2021,7.71,75.13661202,3.32,7.56,64.91723287,18.2908887,9.441354105,81.25,7.46,5.555340482,14.63572139,60.90669061,27.26986129,66.09261685,9.843197858,13,4.82809632,91.15853659
"Hastings","South East England",2021,7.9,75.58685446,3.19,7.9,45.66528803,22.10514284,20.5211162,79.875,7.69,5.099725566,15.95620228,63.730062,29.03837573,70.70767161,25.28611792,25.8,5.49784007,91.56626506
"Lewes","South East England",2021,8.09,73.7654321,3.79,7.81,61.35623917,20.21395322,4.846404958,82.665,7.64,2.395556629,14.37705355,61.57125256,26.95461557,73.01542578,10.97870132,12.4,3.880087,92.92828685
"Rother","South East England",2021,8.17,75.33333333,3.63,7.68,63.13648413,21.46891693,4.232214579,82.325,7.82,2.564208611,9.0171373,66.78558113,27.45098039,69.95645443,3.210994445,16.7,3.64228864,92.92134831
"Wealden","South East England",2021,7.97,78.02929427,3,7.66,65.42087224,14.59203431,13.51301396,83.315,7.77,1.966411238,9.872428604,68.65331842,26.08217562,69.0311666,1.866263554,12,3.47576834,93.61525705
"Basildon","East of England",2021,7.83,73.97260274,2.7,7.83,49.79726059,15.20594637,8.272232524,80.96,7.66,5.491634588,10.49557016,69.67811269,29.40676568,63.06394849,1.0657629,13.3,4.2621512,94.18537709
"Braintree","East of England",2021,8.13,74.03787416,3.01,7.67,57.02003004,17.79689866,13.44600523,81.76,7.8,3.174582438,13.33703765,68.26062187,27.33158388,61.17892029,3.211097553,9.5,3.14740689,93.1598513
"Brentwood","East of England",2021,7.73,77.09563164,3.15,7.31,57.86727662,14.1125945,17.79269076,82.685,7.58,4.958442298,8.407729951,61.29766867,22.17281577,68.41526286,0,14.1,3.68162437,95.64846416
"Castle Point","East of England",2021,8.16,73.73417722,2.7,7.65,54.60978373,16.49257631,3.570575917,81.285,7.9,3.148336353,6.73186347,70.45094551,27.77362919,64.42222236,3.34418335,12.6,3.90939955,93.85321101
"Chelmsford","East of England",2021,7.88,73.30960854,3.12,7.63,60.55002354,23.30586406,5.580598963,82.96,7.69,5.836846766,14.36515674,58.14518841,25.88616744,67.41908152,7.152170684,7.3,3.59412021,95.22872602
"Colchester","East of England",2021,7.58,73.95696091,3.24,6.76,55.34205541,28.4709576,4.8345716,81.95,7.35,5.030425963,23.7256246,66.21064263,26.06756832,64.12383394,1.039371388,12.7,3.60427112,95.3257086
"Epping Forest","East of England",2021,7.87,74.9628529,3.19,7.39,61.74181302,19.58709763,2.575626797,82.18,7.73,5.053905807,9.539969477,57.45089896,26.63860446,67.84120624,1.482480783,14.4,3.80981198,94.35483871
"Harlow","East of England",2021,7.75,72.2392638,2.84,7.79,51.44039686,26.74607215,3.052601263,80.52,7.48,7.115032081,17.93333358,73.49641059,32.36845371,60.42478514,0,20.5,4.40982606,91.17647059
"Maldon","East of England",2021,7.76,75.16025641,3.39,7.21,61.39574268,17.34636925,5.213964863,82.19,7.43,1.865414902,12.81920235,69.08921412,29.09647171,72.18207181,3.001786063,14.5,3.36243077,92.60969977
"Rochford","East of England",2021,8.15,79.23913043,2.34,7.97,55.05168696,21.89547059,6.428831305,82.64,7.96,1.620505095,13.08254415,67.24697794,25.90361446,68.25472608,1.160281252,8.5,3.06519812,96.21513944
"Tendring","East of England",2021,7.78,70.92245989,3.02,7.52,50.34454534,22.65508972,4.472300265,80.095,7.63,3.379639369,13.48747453,67.84244959,32.10526316,61.04906431,1.34287671,15.2,4.82678143,90.99933819
"Uttlesford","East of England",2021,7.97,78.03921569,3.02,7.61,59.53129666,17.01546748,2.922437508,83.965,7.9,1.800364385,9.392062621,64.33683329,20.72422259,71.18284003,1.087571236,8.1,3.00430017,96.96169089
"Cheltenham","South West England",2021,7.33,72.15397215,2.72,7.27,52.41638873,10.5724021,2.552739622,81.69,7.58,6.540678886,11.0522161,59.03252101,24.89983974,71.57893005,6.730267696,8.7,2.94453824,94.24379233
"Cotswold","South West England",2021,7.98,75.30120482,2.64,7.77,63.04750057,21.71433331,2.401628686,83.46,7.82,1.695027918,10.09597345,60.74808171,25.86236194,71.42075301,1.09739369,6.6,2.36905699,96.07438017
"Forest of Dean","South West England",2021,7.64,69.57055215,3.35,7.28,60.67748124,10.89431281,4.376546644,82.265,7.21,1.033212027,7.246223204,70.34125705,29.26208651,69.46543562,0,15.3,3.16953179,93.67741935
"Gloucester","South West England",2021,7.63,68.90965732,2.46,7.58,50.4642751,31.29902703,7.046659772,80.37,7.39,7.817499171,26.07731668,72.06430957,32.53132721,68.66495428,5.281504172,19.4,3.2978593,94.35650379
"Stroud","South West England",2021,7.75,73.63481229,3.09,7.57,61.97307338,11.06398683,5.450243561,81.88,7.6,2.150484273,7.471050368,62.21871144,25.3968254,69.66796449,1.645697735,13,3.05964205,96.93094629
"Tewkesbury","South West England",2021,7.5,73.8407699,3,7.56,60.18151165,16.53688132,3.262073799,83.05,7.46,2.163023679,11.20680665,67.58361826,29.62148962,70.61063963,1.047899485,12.7,3.11430064,94.57013575
"Basingstoke and Deane","South East England",2021,7.86,79.64388835,2.9,7.41,60.1391378,33.38464542,2.125544733,82.06,7.61,2.897164716,25.28267157,59.97239335,27.88511776,72.02749167,1.077261171,14.7,3.57268001,94.8852459
"East Hampshire","South East England",2021,7.73,76.09561753,2.95,7.72,59.04944729,15.28611213,3.49835982,83.235,7.4,1.8895654,10.09710941,60.73301454,24.67095147,76.857132,0.792399306,10.1,3.33282329,95.5039884
"Eastleigh","South East England",2021,7.87,77.8313253,2.9,7.71,57.75053287,17.88229203,1.534620782,83.215,7.72,3.534533648,12.49504817,65.90580892,24.75236167,69.3165541,2.19019668,10.1,3.22925669,94.05331511
"Fareham","South East England",2021,7.94,78.46283784,3.07,7.56,58.19363594,21.81679926,1.804600553,83.19,7.83,2.999879661,11.71604469,62.4717288,24.83501553,68.5853145,6.087327055,11.1,3.46405846,95.30364372
"Gosport","South East England",2021,8.03,75.11061947,3,7.23,59.24656402,53.6545914,2.139208073,80.64,7.69,4.428488763,30.5476953,70.96086398,34.0450379,66.43065906,3.650612086,11.1,4.18781119,93.86861314
"Hart","South East England",2021,7.81,80.65915004,3.3,7.22,58.64956351,24.35083801,1.786637592,84.55,7.68,2.899352512,12.85455992,63.1020261,20.81740277,73.79918693,0.99707856,8.7,3.39122017,96.59090909
"Havant","South East England",2021,8.1,71.01238165,3.35,7.6,56.70495487,28.80836579,3.088570687,82.1,7.71,4.487925344,16.84238528,63.898039,30.11319784,69.20214011,2.41021933,11.4,3.44091846,91.96750903
"New Forest","South East England",2021,7.9,74.96924969,2.93,7.62,60.32924709,29.80409254,2.363168934,83.97,7.72,2.966896559,14.84573017,65.46708524,25.20254974,67.79981498,3.404023556,11.4,3.53408591,94.48275862
"Rushmoor","South East England",2021,7.66,72.92020374,3.21,7.52,54.99331017,22.61479657,4.913125349,81.88,7.76,2.892347463,18.72394838,64.66501564,29.06531657,61.60428292,1.998640924,12.9,3.13190467,94.06392694
"Test Valley","South East England",2021,8.05,78.76664331,3.15,7.69,59.87870271,20.86972991,3.896394208,83.125,7.77,2.406360341,13.19085464,62.51971662,25.88740815,70.28426053,2.286759662,9.5,2.9136306,94.46529081
"Winchester","South East England",2021,8.11,78.36990596,3.08,7.69,63.52000803,20.31556634,3.65139351,83.83,7.87,2.517371451,16.99897722,57.34786393,21.84330629,76.36373825,2.345289096,6,2.68769888,95.30744337
"Broxbourne","East of England",2021,7.66,73.17473339,2.3,7.81,52.65549985,13.65918571,5.65880499,81.79,7.46,6.434953685,7.357709914,66.16914535,29.22589816,58.85070091,1.00869495,13.5,4.06298886,95.98930481
"Dacorum","East of England",2021,7.63,70.53241961,3.2,7.19,62.61418159,21.64975916,4.513795549,82.53,7.43,6.606328438,15.71052304,61.82569789,25.69970693,69.32113831,3.221296636,14.3,3.51913656,95.0435365
"Hertsmere","East of England",2021,7.6,73.53171496,2.92,7.64,61.06082705,22.69371529,6.205966421,81.735,7.08,7.528135696,9.898410058,62.758477,26.42005158,62.44732461,2.775079784,13.9,3.64898392,95.02133713
"North Hertfordshire","East of England",2021,8.09,75.89905363,2.95,7.8,62.25075123,15.8093526,4.924941184,82.63,7.9,4.248368462,10.39836962,55.51007264,22.6530083,70.68685877,0.748665504,9.5,3.34990416,95.46279492
"Three Rivers","East of England",2021,8.09,73.07307307,2.58,7.64,57.46028194,15.71394487,2.552145969,82.76,7.93,3.256497031,8.75475225,62.85779899,22.78244631,69.60303262,1.064373297,11,3.3744938,97.12543554
"Watford","East of England",2021,7.74,66.33587786,3.26,7.55,56.20574349,23.20748693,3.283013787,80.985,7.62,8.269252662,11.41739477,67.34513302,28.35904628,59.17822403,5.856458209,9.4,4.33486234,96.79572764
"Ashford","South East England",2021,7.99,72.8515625,3.05,7.71,53.22233495,28.61010407,5.733754113,81.645,7.68,4.350547253,28.06935381,63.52679961,30.62373013,66.86872284,0,17.1,4.62541961,95.13274336
"Canterbury","South East England",2021,7.81,74.16201117,3.32,7.39,56.82791334,35.44669387,3.815979396,81.43,7.91,5.630779194,28.26504045,59.16031813,27.28239638,71.50671653,11.49763021,18.2,3.84758795,95.06849315
"Dartford","South East England",2021,8.6,73.55163728,1.7,7.93,52.37719761,25.9522607,12.78890324,80.71,8.05,6.584773479,14.9424218,70.37273909,31.43805696,63.47100995,5.137998065,5.1,4.6399652,94.56521739
"Dover","South East England",2021,7.99,75.63667233,3.4,7.47,56.73569321,15.76787651,13.84800636,81.11,7.52,3.172620956,9.038690898,64.26893394,32.05084196,68.89006673,4.288348557,23.4,4.66186752,92.37079573
"Gravesham","South East England",2021,7.49,75.77854671,2.46,7.3,51.44897221,23.48758661,16.90162469,81.2,6.81,6.586210123,12.61258096,65.24037008,34.03636364,68.71779651,4.679982778,16.7,4.28976285,95.27930763
"Maidstone","South East England",2021,7.75,73.03424988,3.23,7.35,52.67215409,17.67789875,8.576539615,81.765,7.41,4.279971351,10.97007862,61.03382679,28.47753567,68.19251713,1.697677577,10.8,3.57287894,95.23565574
"Sevenoaks","South East England",2021,8.18,77.2797527,2.49,7.92,64.84482495,16.45556048,2.396513204,83.145,7.72,5.536012917,8.139457559,55.31759152,25.97602161,70.38585551,0.827533701,4.8,4.17926971,94.83101392
"Folkestone and Hythe","South East England",2021,7.72,75.38860104,3.39,7.61,57.88913461,18.47018828,4.918484174,80.845,7.53,6.000705965,10.86360923,66.74895705,30.95556404,64.54538175,7.269026677,11.5,4.28725628,93.62119725
"Swale","South East England",2021,7.69,74.11699779,2.71,7.37,47.19618402,19.67012321,1.433766421,80.51,7.49,6.502665298,10.52197695,70.62638049,31.49309551,64.86215845,3.9415857,13,3.99487113,93.42537804
"Thanet","South East England",2021,7.73,64.70588235,3.9,7.25,58.10592173,22.88077974,2.63656177,79.845,7.33,6.044196864,17.0279578,65.08161061,31.35099173,65.29342608,9.951804831,16.9,5.95335941,91.22807018
"Tonbridge and Malling","South East England",2021,7.51,76.73521851,2.95,7.61,58.73586659,18.75243205,5.826449151,82.405,7.43,3.718762022,9.889280338,57.36372181,27.74615109,74.16487034,1.510733763,11.5,3.00552304,94.77513228
"Tunbridge Wells","South East England",2021,7.82,77.59197324,3.57,6.94,67.6875046,13.45224541,4.385534185,82.92,7.56,3.833898049,9.06434813,58.67852168,26.86138164,72.15531104,1.728892385,13.3,3.77782294,95.94072165
"Burnley","North West England",2021,7.03,63.55140187,2.47,7.22,51.67438358,19.6554054,2.166258058,77.98,7.17,6.469376791,21.25532771,73.39144096,30.23375799,62.0605315,6.334392585,21.2,6.07080022,88.18088386
"Chorley","North West England",2021,8.16,70.89494163,2.57,7.54,58.74243991,15.88135817,3.017541432,80.4,7.79,3.322957853,9.302210396,65.78404084,30.32164113,69.23795225,4.239551625,17.6,3.84767136,93.75438596
"Fylde","North West England",2021,7.93,76.14942529,2.49,7.89,59.85152834,19.79461314,7.358842271,81.39,7.88,2.167194099,12.20447632,67.77786487,23.18481848,60.97225015,2.443643472,9.3,4.12898699,95.25267994
"Hyndburn","North West England",2021,7.73,67.20686368,2.5,7.58,45.22612676,17.71140498,2.299861623,78.685,7.29,5.386217692,13.19209835,71.12031051,32.48156623,62.78343347,2.431285785,19.5,5.18222622,92.39250276
"Lancaster","North West England",2021,7.92,70.13513514,3.27,7.55,53.14999034,96.03787549,1.659168766,80.345,7.91,4.46937935,132.5747555,66.10083065,29.91387928,68.82372121,2.110268567,13.6,4.86549395,94.09862571
"Pendle","North West England",2021,8.17,62.37234878,2.28,8.1,48.66104615,18.74920877,2.573527455,79.765,7.98,3.896033426,11.16610049,68.70128771,31.55144033,63.36615541,0,11.8,5.67624748,93.83634431
"Preston","North West England",2021,7.24,68.33872708,3.71,7.52,51.44728099,17.95749609,5.522351077,78.605,7.33,5.369518616,18.01024226,62.76866845,29.26264912,63.66519666,4.064572509,12.2,4.94089189,91.70542636
"Ribble Valley","North West England",2021,7.93,73.8267148,3.38,7.62,57.40690632,21.62505337,3.238412176,82.385,7.73,1.660593944,16.84643631,60.68436262,26.79689186,74.19912862,0,17.8,3.05835655,94.41277081
"Rossendale","North West England",2021,8.02,70.74829932,3.22,7.22,48.7687946,17.28571043,3.240680566,79.54,7.69,3.933811177,16.29673907,67.89251583,33.36247086,67.15356797,2.816504718,20.9,3.64774131,95.03631961
"South Ribble","North West England",2021,7.3,71.39442231,3.62,7.45,54.24481137,16.05445165,2.138943298,81.8,7.36,3.879876852,15.63411031,61.54348788,28.94979697,68.31330193,1.798496457,14.4,3.46670338,94.09814324
"West Lancashire","North West England",2021,8.13,70.92013889,3.15,7.61,51.73330545,17.47884837,4.045528173,80.585,7.57,1.860326998,12.45124334,65.12065106,32.97330523,65.00400026,0,12.4,3.92353572,93.25210872
"Wyre","North West England",2021,8.03,71.38728324,3.41,7.55,52.2291085,18.90532222,6.146523118,80.055,7.72,3.856120707,11.50487132,64.23254279,28.69004178,65.48308526,2.667686316,11.4,3.91003558,92.89795918
"Blaby","East Midlands",2021,8.33,73.99665552,2.87,8.03,57.35420941,15.42919467,4.009077499,83.145,8.1,2.609122119,11.51120727,71.40471816,25.00217372,65.08561831,0.968326055,11.7,4.10331112,92.57503949
"Charnwood","East Midlands",2021,8.03,70.77185017,3.1,7.71,56.66220107,13.74667105,3.18880479,81.925,7.91,4.702360734,12.81165415,62.61423234,26.73893883,73.00871147,1.093990165,15.4,3.66724359,93.70709382
"Harborough","East Midlands",2021,8.16,71.82952183,3.39,7.33,66.49204753,22.66223265,5.965221375,82.765,7.57,2.250437003,18.52229341,59.67908866,22.24791859,69.01087256,4.069714204,10,3.22420191,94.92537313
"Hinckley and Bosworth","East Midlands",2021,8.07,70.6122449,2.7,7.8,52.08378217,17.47536018,2.139274686,82.005,8.01,2.190628684,12.52072049,68.50711912,23.85717878,61.46904384,4.39908499,7.4,3.78202746,94.99060739
"Melton","East Midlands",2021,7.63,75.2851711,2.13,7.22,60.60839643,56.42364264,4.849745515,82.395,7.03,2.62676577,17.99162414,58.35214208,27.05504587,70.04414623,3.863017403,11,4.03141224,94.08033827
"North West Leicestershire","East Midlands",2021,8.27,72.36723672,3.2,7.48,51.88326502,15.14076204,2.816163036,81.585,8.02,2.871890773,12.96814537,70.93480558,24.53922864,62.58169094,0.95228119,13.1,3.38034205,93.47389558
"Oadby and Wigston","East Midlands",2021,8.13,72.39819005,2.72,7.01,57.33878837,16.8518218,1.864077695,82.03,7.21,4.222427721,9.851682053,66.28463903,23.7804878,59.0103117,1.731511783,3.2,3.78907701,93.75
"Boston","East Midlands",2021,7.57,65.32258065,3.17,7.62,53.82667451,19.6976626,2.755187414,79.875,7.7,10.44651806,10.04269993,73.39595728,36.16950561,56.72593784,8.474815673,12,5.3953175,94.66666667
"East Lindsey","East Midlands",2021,7.96,69.07378336,3.3,7.84,57.02511923,23.1584302,3.629869937,79.92,7.67,4.287826516,12.65232587,62.35011011,30.74479966,62.47673742,2.098621206,12.5,6.27028276,93.84372534
"Lincoln","East Midlands",2021,7.73,67.26415094,3.52,7.59,50.10148971,12.76227102,2.614616594,78.46,7.35,14.93268299,18.81021378,67.4951408,31.86020218,72.45165351,13.6812274,14.7,5.25066801,91.91616766
"North Kesteven","East Midlands",2021,7.91,75.02014504,2.61,7.63,59.21775663,20.36413332,1.946127228,81.73,7.55,2.742299977,12.91974222,63.34313756,26.81902985,65.05594471,0,16,3.17875607,95.75471698
"South Holland","East Midlands",2021,7.5,65.66731141,2.95,7.33,53.99435401,26.98037205,4.262069202,81.7,7.48,4.496280918,10.58176528,72.93290387,32.42743035,54.01622184,5.236424569,19.4,3.97903224,94.30449069
"South Kesteven","East Midlands",2021,7.68,71.93548387,2.79,7.51,55.58473266,30.06542483,2.754338844,82.365,7.71,4.279979054,20.89402447,68.92965911,30.16646139,60.91119567,1.39094633,6.6,3.52306781,94.99702204
"West Lindsey","East Midlands",2021,7.95,70.23474178,3.27,7.73,60.90114643,18.07976068,3.800536023,81.485,8.07,3.389266629,13.93465158,67.28285831,30.48245614,67.07612947,2.092706916,14.8,4.24868415,95.45454545
"Breckland","East of England",2021,7.77,71.75414365,2.82,7.77,57.08004449,19.16236709,1.878215868,81.9,7.62,2.293724116,12.63881722,62.00871732,31.27362056,66.21786406,5.627303677,15.1,3.70698313,93.73913043
"Broadland","East of England",2021,7.86,78.30820771,2.86,7.58,61.31341717,16.74697366,5.615145373,83.215,7.66,1.78123413,11.48066106,61.23239858,24.78102969,68.03072663,1.512321641,14.9,3.13569327,94.31818182
"Great Yarmouth","East of England",2021,8.32,72.86384977,2.64,7.6,50.43121598,36.97108686,4.267739311,80.56,8,4.536381782,32.85042357,68.70002245,31.90711928,60.22656062,8.986879156,13.8,4.69754141,94.75847893
"King's Lynn and West Norfolk","East of England",2021,8,72.07379135,2.6,7.57,57.11824722,22.40444789,3.698774904,80.97,7.5,3.398459453,18.30307956,68.26916593,30.19083407,57.5289285,0.645536118,19.3,4.00213069,92.54317111
"North Norfolk","East of England",2021,7.93,70.28639618,2.96,7.35,61.03160941,17.79815552,2.720204976,82.7,7.62,1.369250811,12.31081201,69.3291972,26.69699367,74.09345872,2.905372033,13.2,3.55247758,93.42604298
"Norwich","East of England",2021,7.83,67.51507033,4.04,6.88,52.31135298,13.1525332,3.298855314,80.38,7.5,11.30281269,39.21841552,61.76020394,28.44902198,70.37918488,6.987241297,20.2,4.19539363,93.27102804
"South Norfolk","East of England",2021,7.55,74.66666667,3.25,7.36,60.86189198,15.4395413,6.462445661,83.215,7.36,1.670557645,10.90792528,59.75912189,24.1907141,65.81317734,0.701621447,11.9,3.32656874,94.64831804
"Craven","Yorkshire and the Humber",2021,7.33,71.57676349,3.87,7.03,57.26897215,19.46287501,18.48969646,82.88,7.43,2.877672748,11.95104302,54.95695757,25.77849117,72.13638607,5.254860746,9.4,2.41438807,97.39368999
"Hambleton","Yorkshire and the Humber",2021,8.35,74.78368356,2.17,8.05,63.21314799,16.14021207,16.31617555,83.02,8.09,2.89344298,11.87209755,64.05364961,26.50252661,69.45128279,1.098454475,10.7,3.1540503,94.23076923
"Harrogate","Yorkshire and the Humber",2021,8,74.51984635,2.57,7.83,62.69325889,14.57221901,6.445190134,82.96,7.86,2.890835371,9.6155429,59.40961414,25.04784689,73.87984646,1.828097864,9,2.92549071,96.46266143
"Richmondshire","Yorkshire and the Humber",2021,8.26,69.55719557,2.22,7.99,56.00281977,8.12700354,14.63178081,82.305,8.16,2.884686965,4.690304533,64.39319941,29.16666667,72.78970663,0,10.2,2.80422502,94.87704918
"Ryedale","Yorkshire and the Humber",2021,7.7,71.37176938,3.35,8.03,62.23591253,13.31857569,21.54854581,83.315,7.72,2.876197667,11.40538302,62.26840441,27.23684211,65.85898078,3.643186331,14,3.39822926,95.56737589
"Scarborough","Yorkshire and the Humber",2021,7.92,69.20792079,2.83,7.28,55.92424868,25.45018729,2.510105791,80.275,7.63,2.887701518,14.95373982,59.30794872,32.09594183,67.34189761,13.76664617,15.5,3.61587744,94.21661409
"Selby","Yorkshire and the Humber",2021,7.7,76.47637795,3.2,7.63,55.43853581,15.17798636,1.624707536,82.055,7.57,2.889952779,13.39648446,66.25011952,29.38086304,66.08765144,0,8.9,3.44081093,94.60674157
"Ashfield","East Midlands",2021,7.65,67.69230769,2.67,7.49,49.31546685,15.08685634,7.354859088,79.86,7.23,6.779027093,12.27561398,70.99522833,29.76718404,65.16353892,4.74788719,10.4,3.55391694,93.89426657
"Bassetlaw","East Midlands",2021,7.68,72.41100324,3.5,7.34,52.5604679,35.1866093,2.710223371,80.47,7.21,8.006425431,25.60736464,67.40648495,32.19191919,61.7012483,14.36405269,12.4,3.64227423,94.21052632
"Broxtowe","East Midlands",2021,7.99,72.25583405,3.06,7.49,56.8188829,17.76306055,7.244380794,81.38,7.73,5.783977597,13.74350533,63.48938205,26.42270237,73.17380158,0.902421196,18,4.09017746,94.10526316
"Gedling","East Midlands",2021,7.91,72.49809015,3.25,7.37,58.72833758,15.37680086,2.335477579,81.61,7.55,5.784893309,11.3772043,62.88876756,27.17249417,67.54951352,0,9.8,5.11937673,94.1543258
"Mansfield","East Midlands",2021,7.64,66.07142857,3.06,7.01,50.4625321,22.4108574,1.935563867,79.725,7.18,6.063044691,13.04694618,67.59465629,27.93280741,60.45530377,9.041427822,24.8,5.69249029,92.97520661
"Newark and Sherwood","East Midlands",2021,7.56,68.18181818,3.62,7.23,61.33752167,19.96686624,1.731392679,81.235,7.14,8.36534635,15.61365583,66.87527028,30.53454715,72.46858158,5.673390986,11.1,4.74959544,93.95348837
"Rushcliffe","East Midlands",2021,7.72,77.9342723,3.69,7.52,64.62483966,23.46111099,2.195995345,83.37,7.42,5.781775054,15.63365339,56.35372887,22.71628499,70.17148714,3.349017901,8.2,3.14327664,95.33742331
"Cherwell","South East England",2021,7.83,72.01599086,2.59,8,50.90868961,26.94785826,1.608982511,82.505,7.83,5.169711418,12.99603679,65.81376722,26.27023514,68.17445652,3.707434023,12.5,3.09722559,94.56434852
"Oxford","South East England",2021,8.16,71.95290859,3.6,7.71,63.245735,19.16353767,2.195930217,82.28,7.68,16.71020688,23.31388719,48.4397982,24.40344675,76.22905832,14.99803151,12.1,4.43304451,89.89710009
"South Oxfordshire","South East England",2021,7.82,75.47169811,3.52,7.5,60.65232365,13.2272216,2.202542733,83.83,7.83,3.17842289,12.67563539,59.80044464,23.55790813,72.42827154,1.333120034,9.2,3.0843876,93.8317757
"Vale of White Horse","South East England",2021,7.74,71.72638436,3.2,7.43,66.62223907,20.03153411,3.110822827,83.79,7.72,2.646653615,13.1001127,57.25969406,23.42162375,70.77062408,1.433825374,12.8,3.4277295,93.12714777
"West Oxfordshire","South East England",2021,7.97,76.85185185,2.51,7.63,60.15678121,16.65717603,3.288811895,83.325,7.71,2.43383024,11.1360515,61.01115942,22.47595244,75.28122573,4.34174764,3.7,3.15140656,93.31184529
"Mendip","South West England",2021,7.83,71.06227106,2.71,7.51,67.52207401,19.22197517,1.959149156,82.56,7.62,3.39673913,18.24105241,63.21084514,30.30072473,72.49091446,8.599561422,9.4,3.35876705,93.41126461
"Sedgemoor","South West England",2021,7.74,71.10460863,3.23,7.6,58.7245883,17.54429987,3.130529286,81.695,7.62,3.394196653,14.15046503,62.65176948,27.88261962,65.11469318,8.747375787,17.3,3.14248069,95.40607055
"South Somerset","South West England",2021,7.72,72.13872832,3.33,7.47,61.27861366,15.21361361,2.253695993,82.69,7.61,3.396642481,11.37599735,60.52775929,27.07848513,68.7706655,2.309828899,13.6,3.26744153,94.8840382
"Cannock Chase","West Midlands",2021,7.77,74.0969163,2.93,7.26,45.47177159,14.50254789,2.911527134,80.495,7.35,3.76414016,8.87547209,73.74739883,29.80832241,63.54474363,3.976538423,14.9,3.73775569,93.72781065
"East Staffordshire","West Midlands",2021,7.77,71.80527383,3.23,7.45,54.65720139,13.56110498,6.551220066,80.355,7.71,3.895040646,9.236249273,70.61350138,31.57335223,59.81903758,0,11.6,3.30967781,95.75221239
"Lichfield","West Midlands",2021,8.17,73.33333333,2.34,8.1,51.33793604,31.19303935,4.011849253,81.88,8.06,2.366595038,22.50147639,64.88528314,26.74319728,72.18991296,3.74149978,7.1,3.9904353,96.28349179
"Newcastle-under-Lyme","West Midlands",2021,7.96,73.81316998,3.11,7.87,53.97828683,14.620127,4.670624414,80.41,7.59,2.931872541,11.1329554,69.18152449,31.63431835,64.39207155,5.689900427,11.4,3.52686961,93.39464883
"South Staffordshire","West Midlands",2021,7.97,75.9047619,2.57,7.51,51.70423313,12.71314949,2.865128938,82.13,7.65,1.503973516,6.708234726,68.35143981,29.39189189,64.31074006,0.902584098,7.7,3.49599296,93.75
"Stafford","West Midlands",2021,7.33,76.89581857,3.2,7.24,56.2349489,18.19596773,2.124594467,81.98,7.1,3.27148225,9.827946974,61.69967147,28.48489971,70.84950673,5.829586609,6.9,3.37973449,94.72222222
"Staffordshire Moorlands","West Midlands",2021,8.26,75.82417582,3.1,7.72,57.91404079,12.16944844,1.251966211,81.655,7.94,1.635730033,10.5823678,68.82774696,28.94295302,68.42437429,2.083485254,8.5,3.05817841,96.05988968
"Tamworth","West Midlands",2021,7.85,71.62790698,2.63,7.33,52.96358853,21.07024029,1.272992594,80.495,7.43,4.189217319,16.38244375,74.94458664,28.65797587,62.40165775,1.268423857,12.3,4.04229218,90.83601286
"Babergh","East of England",2021,8.18,73.24766355,3.26,7.84,59.97431062,25.36806912,2.063305397,83.41,7.8,2.189033267,15.77142089,63.83898994,22.38722331,73.62688328,4.313924269,9.8,3.43402638,94.86581097
"Ipswich","East of England",2021,7.9,66.79797411,3.22,7.21,51.89337916,20.3446764,7.782665896,81.205,7.71,8.449834166,15.90761748,68.23762791,31.23156342,54.07074722,2.148781641,22,3.71058669,93.04347826
"Mid Suffolk","East of England",2021,8.09,75.09920635,2.95,7.76,60.25382303,20.17060854,2.699619314,83.115,7.99,0.991826964,9.862523896,60.43500402,25.76760792,68.67655987,0.966959011,11.7,3.22309887,95.3180212
"Elmbridge","South East England",2021,7.8,80.23917995,3.25,7.49,59.70775585,12.65204337,2.868069685,84.145,7.58,2.339394381,9.078446202,50.83361209,18.55736856,72.67415109,3.58759839,8.3,3.12009413,95.20467836
"Epsom and Ewell","South East England",2021,7.52,78.5,3.2,7.05,51.51704909,20.93105138,3.171366408,83.875,7.14,3.345555103,10.80484893,58.62331461,21.53679654,72.12456774,4.938393541,5.5,3.11901748,94.80401094
"Guildford","South East England",2021,7.63,77.23749119,2.88,7.18,57.78774248,15.65773164,5.188503535,83.965,7.39,5.054804725,11.04873107,59.81786475,21.07438017,71.05748286,5.558296104,5.9,2.77857872,94.70404984
"Mole Valley","South East England",2021,8.06,81.44078144,3.02,7.85,57.91324773,18.49731747,3.726284938,83.86,7.87,2.387289113,7.795237126,54.54457011,20.59268873,74.76917962,3.424344809,12.4,3.10530333,96.38069705
"Reigate and Banstead","South East England",2021,8.02,78.99945025,2.63,7.18,56.07997924,18.94840054,1.770378246,82.75,7.56,2.914709568,7.342490537,60.95211171,22.70264011,71.59422286,1.981204969,8.8,2.94262926,95.0115119
"Runnymede","South East England",2021,7.51,76.06557377,3.19,7.46,57.52657066,22.90677674,3.246043816,82.595,7.37,4.018731941,11.62765801,62.09676574,28.20512821,68.04120249,2.279488027,9,3.76103189,94.15137615
"Spelthorne","South East England",2021,7.68,74.89643745,3.63,7.4,53.08242389,17.59128087,9.60166295,82.19,7.27,3.464399788,9.687693829,64.36181099,24.99377645,64.12342324,1.941841837,9.9,4.01355222,95.03042596
"Surrey Heath","South East England",2021,8,81.61530287,1.91,7.82,55.38798098,22.00080285,2.793187132,83.375,8.01,3.744226716,14.39697649,62.32984685,22.79139685,75.12815783,5.51602405,5.7,2.77496926,95.0295858
"Tandridge","South East England",2021,8.14,81.15015974,2.61,7.44,59.48017497,17.76204643,2.862935701,82.955,7.91,2.032933523,10.51078782,56.68393973,21.98399085,76.56926503,2.269040083,11.7,2.74003273,93.68421053
"Waverley","South East England",2021,8.04,77.44186047,2.75,7.32,63.37954061,16.56587101,9.965958251,83.865,7.6,2.773475774,9.802411203,56.69470182,17.48213731,78.35324919,0.775927621,4.4,3.10336768,94.77379095
"Woking","South East England",2021,7.92,74.34514638,3.31,7.3,57.21651281,15.40772788,6.315215407,82.955,7.8,4.559635229,9.708138869,56.69941224,23.05944056,69.66628869,1.925131631,6.1,3.68680437,95.56494192
"North Warwickshire","West Midlands",2021,7.87,73.0994152,3.24,7.62,47.03756445,19.20558375,11.1062521,80.33,7.55,2.9945609,10.40218565,69.38524987,30.44134984,65.72248434,0,14.8,3.2362891,94.19978518
"Nuneaton and Bedworth","West Midlands",2021,7.84,68.55733662,3.24,7.4,50.95061012,17.28767455,14.00219023,79.46,7.69,6.090218067,8.884156588,69.14298968,30.69339089,57.89907244,2.978606161,15.2,3.30145168,91.36807818
"Rugby","West Midlands",2021,7.73,71.33382461,3.27,7.39,58.24345906,17.4649516,12.24527702,81.64,7.56,4.482602802,15.18097998,68.46857596,26.43541429,67.06349103,2.612580446,15.7,3.60639625,94.80642115
"Stratford-on-Avon","West Midlands",2021,7.84,73.56042174,2.91,7.61,63.21491977,15.05560648,10.73433126,83.19,7.86,4.592075648,9.318672041,64.19138474,25.31808962,70.28735111,2.206466418,9,3.48722779,95.3163017
"Warwick","West Midlands",2021,7.33,74.76759628,2.34,7.29,60.83323145,15.20046135,15.39074644,82.555,7.45,4.589086944,11.26048191,62.33664768,23.33552241,74.02694502,4.034182977,16.1,3.59756088,94.35273675
"Adur","South East England",2021,7.79,70.69199457,3.39,7.4,59.34989047,25.23385282,2.289441972,82.48,7.35,5.811145559,19.98551534,69.93403875,26.05377907,66.13018605,1.547364838,10.8,3.77254708,95.10022272
"Arun","South East England",2021,8.04,70.25745257,2.81,7.76,59.51294048,20.17743739,2.014983098,81.64,7.83,5.604414019,10.82093716,66.66717442,25.91318591,66.40774169,10.28899985,9.8,3.75092294,92.77777778
"Chichester","South East England",2021,7.85,73.53735374,3.45,7.26,64.63912577,17.7622245,2.124317849,82.58,7.4,4.090265662,11.57253903,59.39709679,25.32679739,75.58135775,2.409038713,12.8,3.9034317,92.20512821
"Crawley","South East England",2021,7.89,69.28020566,3.62,7.08,54.43748321,15.2887124,3.250672545,81.855,7.55,6.579298327,9.844804082,66.52316345,28.18267125,61.9133807,6.746500253,19.2,4.0165586,93.99849962
"Horsham","South East England",2021,7.83,73.62637363,3.18,7.54,61.72404655,19.19113766,4.814940616,83.69,8.03,2.880239768,8.427304887,63.23217592,20.44202533,73.79801047,4.746181019,8.4,3.53978894,95.11201629
"Mid Sussex","South East England",2021,7.87,73.02709069,3.67,7,62.30360286,15.84510061,5.825197906,83.23,7.41,2.116443849,9.701619049,65.30971403,20.29122754,74.46104804,3.922876253,9.3,2.66827346,94.57714655
"Worthing","South East England",2021,8.03,73.36769759,3.71,7.48,60.16330535,33.68765077,1.922288559,81.3,8.05,8.272598373,24.20023187,58.60713946,23.6205074,69.33918773,13.43399876,18.6,4.42331811,94.54855196
"Bromsgrove","West Midlands",2021,8.03,74.63837994,2.81,7.98,52.96975817,13.45402391,4.076963423,82.51,7.8,5.061201762,11.22963043,59.02527237,23.43662758,72.69746701,0,11.1,3.40076125,94.59247649
"Malvern Hills","West Midlands",2021,7.72,75.53956835,3.15,7.13,59.69811828,14.68241253,3.182497441,82.48,7.28,5.311850966,8.207756332,59.95605886,28.65053322,69.00257832,7.502532105,15.5,4.01254694,93.65303244
"Redditch","West Midlands",2021,7.17,69.14393227,3.44,6.84,55.83268532,20.13239755,1.413581682,80.645,7.09,5.060302917,17.96162644,67.44457329,24.0718849,56.93084021,1.149478137,17.1,3.89852088,94.05469679
"Worcester","West Midlands",2021,7.5,71.4028777,3.07,7.44,57.5044231,20.21301275,1.973429374,80.85,7.62,5.305939261,20.34904952,63.22484269,25.09862779,68.14934327,19.30185201,12.3,3.60263283,94.30501931
"Wychavon","West Midlands",2021,7.87,74.08906883,3.01,7.62,60.64738263,15.9905779,1.542765928,82.745,7.68,5.309572488,7.151948058,65.7306584,29.43722944,69.02903287,2.253944403,15.7,3.28589179,94.45606695
"Wyre Forest","West Midlands",2021,7.98,68.17343173,3.06,7.5,55.4368922,24.33234652,2.593947287,80.845,7.51,5.062339948,18.13027565,68.92177688,30.1717033,65.35333474,0.982453383,13.1,4.26290875,95.55555556
"St Albans","East of England",2021,7.7,75.89433132,3.35,7.32,63.47211663,17.25564837,3.323622346,83.6,7.7,7.105687899,10.80759177,50.95412076,20.44799873,71.89360712,5.382095115,8.3,2.83014128,96.7961165
"Welwyn Hatfield","East of England",2021,7.66,72.30989957,3.46,7.33,52.75033385,19.35083476,2.584241138,82.24,7.51,7.562977731,13.84897371,64.4602651,26.97510823,61.16179801,2.509662199,12.5,3.24919379,94.93670886
"East Hertfordshire","East of England",2021,7.81,76.35092181,3.07,7.83,57.4566851,26.41797794,2.172862403,83.31,7.64,3.682816597,12.80387415,63.38524812,22.34594265,74.19448065,3.318136269,9.7,3.04381998,95.67404427
"Stevenage","East of England",2021,7.56,72.05240175,3.22,7.1,57.06948745,30.7957078,5.823266037,81.115,7.48,9.136929084,14.88582874,68.45862533,30.09516257,62.66675785,15.67398119,15.3,4.28401501,94.26644182
"East Suffolk","East of England",2021,7.98,71.54811715,3.09,7.8,64.79970352,19.35440394,3.758576011,82.095,7.72,2.256633103,13.53490205,61.88207131,24.64058491,67.38397402,6.07777116,12.1,3.7,94.54225352
"West Suffolk","East of England",2021,7.83,71.06109325,2.98,7.74,63.31210268,17.29628331,3.736907034,82.64,7.92,4.049587709,13.74884694,60.66622404,27.40921409,63.76896837,4.977325517,10.6,3.6,95.41339771
"Somerset West and Taunton","South West England",2021,7.9,71.14216282,2.67,7.76,58.74468648,17.80858911,4.819291921,81.955,7.74,3.397224313,11.03115728,62.64645664,26.60779696,70.84909991,3.799656764,17.3,3.7,93.50453172
"Bolton","North West England",2021,7.88,67.02399183,3.29,7.52,49.99244723,14.2929074,1.276534353,79.215,7.43,4.107574033,10.35370904,63.79828816,32.82620339,57.69432135,3.377910492,18.4,5.471964,92.83088235
"Bury","North West England",2021,7.74,71.65618449,3.44,7.42,51.1844427,18.1617162,1.570974229,80.18,7.44,4.289279946,14.06657583,61.64575753,35.1961927,64.96435452,0.515934641,11.4,4.42366803,93.83624655
"Manchester","North West England",2021,7.72,65.412061,3.41,7.26,53.43880398,14.66538135,4.221030531,77.655,7.45,6.790933187,15.89512248,61.69750384,33.02563019,63.24320853,7.820271964,16.8,6.61237122,91.40981215
"Oldham","North West England",2021,7.81,67.97366058,3.14,7.46,46.72960766,13.53789753,3.371202641,78.85,7.51,4.006261888,9.55785869,70.38280222,33.08030529,59.55304992,0.826200469,19.3,6.49809126,92.51918159
"Rochdale","North West England",2021,7.74,66.43700787,2.8,7.3,44.36289004,12.81905997,1.480254061,78.795,7.42,5.307186386,9.587619258,69.72973221,32.45404737,58.36939662,2.677531494,15.6,6.48836146,93.48947995
"Salford","North West England",2021,7.6,67.61016404,3.35,7.3,48.73633477,14.64934879,2.109034084,78.815,7.36,4.750720412,19.23079167,66.69686085,32.44442784,58.47078682,2.954602532,13.9,5.28179053,89.70331588
"Stockport","North West England",2021,7.86,70.23269012,3.17,7.56,49.97081188,19.50549121,2.04295694,81.295,7.76,4.286243571,13.65444038,63.14483474,28.58005289,66.3238281,2.370928354,12.6,4.33187643,94.5840708
"Tameside","North West England",2021,7.85,67.40690126,2.91,7.48,50.1213793,15.22431444,3.211830497,78.505,7.62,3.984730337,11.46969566,70.34522383,31.65355222,59.84909705,2.162639112,19.2,3.85837608,92.42878561
"Trafford","North West England",2021,7.82,75.31580744,3.44,7.43,55.20384756,15.87940071,1.685732425,82,7.48,5.509746232,8.972512029,60.69255718,25.52675412,68.24400841,1.273636572,11.1,3.94728127,95.78670178
"Wigan","North West England",2021,8.05,68.18425281,3.05,7.6,48.86187187,12.69078941,3.914800172,79.36,7.68,4.73826169,8.92551663,73.68178685,32.01253133,62.14150878,1.516258844,13.9,3.73375703,94.71568064
"Knowsley","North West England",2021,7.63,68.0746023,3.08,7.19,43.81785722,19.26385147,2.092362907,78.015,7.36,2.361398998,15.31475229,73.96971376,37.15088629,54.23371053,0,16,4.11530044,86.10846813
"Liverpool","North West England",2021,7.74,64.63955638,3.28,7.14,46.70848566,16.4257958,2.183879824,77.99,7.34,6.337991584,36.43981682,65.89770238,34.00341502,60.53591075,4.128069219,17.8,5.67481498,92.21741816
"St. Helens","North West England",2021,7.97,70.12345679,3.06,7.45,47.49375452,12.79173355,3.745779097,79.24,7.48,4.842762086,10.20177931,67.56333393,34.65130617,66.29247637,0.545283029,10.6,3.89220682,92.40105541
"Sefton","North West England",2021,7.81,69.27710843,3.04,7.62,51.8846609,13.9829222,5.139614034,80.205,7.52,4.46177768,8.861782178,71.47699195,32.55716005,65.96774036,0,10,3.81221151,92.07585506
"Wirral","North West England",2021,7.52,69.25592805,3.36,7.31,52.76155517,16.10929511,7.514188033,79.71,7.25,3.598120468,12.79254993,71.80483593,29.6722942,66.13758581,0.623830318,11.5,3.77904803,94.01879806
"Barnsley","Yorkshire and the Humber",2021,7.54,70.56277056,2.97,7.22,55.06536725,17.58615547,3.171053924,79.12,7.31,3.196665471,14.9682463,70.56283923,26.41205292,61.38096849,2.858391216,17,4.06276841,91.09856709
"Doncaster","Yorkshire and the Humber",2021,7.69,72.30856174,2.97,7.54,48.55594844,16.07076739,2.797176215,79.42,7.43,6.125613441,10.70867548,71.02929683,32.46741155,59.34879854,6.478677054,19.6,4.70056786,91.40522876
"Rotherham","Yorkshire and the Humber",2021,7.77,70.27707809,3.34,7.5,47.00591226,21.36920975,6.166935729,79.24,7.46,3.694562691,14.30907878,68.33256493,32.24733957,61.99796372,1.127044176,16.9,4.28384512,91.8571876
"Sheffield","Yorkshire and the Humber",2021,7.89,70.04152028,3.15,7.45,55.4617537,12.66443208,3.223657409,80.47,7.66,5.529400184,37.51331041,63.85963112,29.86617313,68.0772829,3.24674739,13.3,4.91999654,91.70258621
"Newcastle upon Tyne","North East England",2021,7.82,70.3796674,3.14,7.49,54.59604522,22.09502044,6.316264401,79.475,7.69,9.233306391,26.1298985,66.57413883,32.77591569,65.27868673,3.017461041,15.6,7.61917655,91.41295863
"North Tyneside","North East England",2021,7.75,72.47516556,3.43,7.16,59.77697388,19.20138894,11.57687775,80.24,7.51,6.276601347,15.41404088,65.86182732,30.98226432,64.81492962,1.434370383,15.3,5.57018494,93.29608939
"South Tyneside","North East England",2021,7.85,73.42531494,2.79,7.44,49.18625287,14.44785183,15.28376441,78.825,7.52,4.744165735,12.26919764,65.90019405,40.5408421,61.54540427,0.676063956,16.3,6.28572403,91.58023185
"Sunderland","North East England",2021,7.41,72.7865477,3.18,7.1,48.39613524,15.86102974,22.86267774,78.725,7.23,7.054267472,13.05043088,69.14693305,29.4970612,61.06678129,1.823413357,15.2,5.85583346,91.4224446
"Birmingham","West Midlands",2021,7.71,68.03161367,3.23,7.32,47.46738034,22.99097928,8.783110444,79.43,7.5,4.199820258,16.66159013,63.54302024,31.24053638,58.3215894,2.713362171,16.1,8.03777966,91.96185286
"Coventry","West Midlands",2021,7.69,68.9432395,3.11,7.41,50.73973064,17.7183239,2.150057192,79.97,7.44,4.164612915,14.76745083,68.36599266,36.7581542,58.6193698,3.49528137,13.7,5.47465355,91.55757414
"Dudley","West Midlands",2021,7.89,67.5951955,3.15,7.42,54.95876125,21.08296291,2.051303076,80.51,7.52,4.147498317,13.38670333,66.8008882,34.59157415,58.0238908,1.236166524,13.7,4.09404986,93.44212753
"Sandwell","West Midlands",2021,7.58,66.21329879,2.88,7.25,47.3679692,24.87326016,2.533002222,78.405,7.29,5.041909543,15.19161496,70.82469975,34.09152488,59.92919099,0.877888619,18.1,5.79132935,93.78155727
"Solihull","West Midlands",2021,7.66,72.75653924,3.11,7.37,54.28922166,40.17560364,2.406578404,82.2,7.44,4.864658577,29.74198237,62.75094142,26.15857305,68.76224711,1.846159527,10.8,4.33654287,93.10003301
"Walsall","West Midlands",2021,7.67,68.04230075,3.3,7.39,51.3087526,11.83763626,3.134453113,79.595,7.42,4.052790915,8.798467445,71.52771063,36.01583113,52.76868111,1.406934782,14,6.48164262,93.5052531
"Wolverhampton","West Midlands",2021,7.75,69.44444444,3.07,7.53,48.46705561,19.31122427,4.461211512,78.92,7.5,5.283521238,10.83042771,68.51665048,35.32400811,60.07469747,1.893681165,13.6,6.52880259,93.4129902
"Bradford","Yorkshire and the Humber",2021,7.82,68.1153895,3.33,7.49,51.72111456,18.14989444,1.764592095,79.425,7.47,3.980609745,14.93935019,63.22333287,31.57743828,60.90816251,3.290820804,15.4,5.82754155,91.12814896
"Calderdale","Yorkshire and the Humber",2021,7.72,69.98027613,2.97,7.34,53.77179773,16.09333102,1.660748784,80.51,7.45,3.94440004,14.96671475,63.65735352,28.95539967,65.59127234,1.450550726,14.8,4.57124877,94.02420575
"Kirklees","Yorkshire and the Humber",2021,7.92,69.99442276,2.73,7.59,50.04311608,14.20108181,1.862618853,80.28,7.59,3.72544132,9.961647626,69.67284274,30.41355758,62.80975617,1.153788464,13.6,5.13744912,93.57373086
"Leeds","Yorkshire and the Humber",2021,7.89,66.35939927,3.41,7.35,53.73420483,16.48265112,1.141490232,79.78,7.54,6.755251094,36.78136981,63.55740268,31.71501059,71.06548409,3.09009735,12.1,5.19832853,91.65551636
"Wakefield","Yorkshire and the Humber",2021,7.89,70.61087061,2.99,7.54,50.5774695,20.12319459,1.259051471,79.35,7.62,6.393774602,13.73699042,71.637536,37.97089845,67.22236723,1.413219824,15.6,3.76751033,93.43026387
"Gateshead","North East England",2021,7.73,73.12711455,3.21,7.49,53.14403319,16.16550167,1.473979745,79.475,7.47,5.743996039,12.68964169,73.34094083,33.9485248,63.89362165,1.019607043,14.1,5.9316352,93.90180879
"Barking and Dagenham","London",2021,7.82,72.80089361,2.5,7.77,47.8826949,14.75752907,1.650870845,79.345,7.6,4.409010448,6.587600931,64.51548251,34.62907267,52.33458915,1.372784098,11.3,7.64763306,93.66336634
"Barnet","London",2021,7.7,74.76950753,3.07,7.47,57.06994307,12.40518559,4.045310409,83.765,7.36,4.205440005,7.189246906,61.12332567,26.64714323,63.947614,3.345006548,10.5,6.4487263,94.92808478
"Bexley","London",2021,7.72,76.47058824,3,7.26,54.27169169,18.90867592,1.234142136,81.855,7.43,3.072590964,10.26119281,64.60952711,30.00362144,60.07761036,2.839261305,12.8,5.11440228,94.98412698
"Brent","London",2021,7.59,71.75726928,3.4,7.51,58.7004808,15.54875212,1.928853755,82.71,7.41,4.015218778,7.13091894,55.89514865,30.70002798,55.94776708,5.015962563,8.2,6.35608145,95.232
"Bromley","London",2021,7.81,78.02971071,3.31,7.37,59.39177865,13.81331236,1.731008262,83.055,7.44,5.24414579,7.371451752,58.02917367,25.36776337,71.0855411,0.30318649,8.9,4.71865414,95.39724421
"Camden","London",2021,7.68,72.44444444,3.73,7.16,60.82076444,14.51101815,8.693348138,85.39,7.35,9.262439359,21.06092187,50.45717399,27.85575565,69.27587593,46.10485289,6.6,4.65112095,95.29561348
"Croydon","London",2021,7.71,74.56211813,3.5,7.21,52.18985003,15.61512884,2.529941036,81.665,7.47,3.770302371,10.36842236,61.80922665,30.64465951,63.40057441,2.816858128,12.9,6.57609919,94.38082557
"Ealing","London",2021,7.93,70.82852527,3.3,7.6,52.35468671,9.479075836,1.515997766,82.035,7.69,4.742302573,5.226028869,53.00907957,29.66863669,61.2980552,6.281973195,10.3,6.72489431,95.39927703
"Enfield","London",2021,7.7,69.97058158,3.2,7.33,55.58082967,17.85638528,2.6111711,82.12,7.41,3.417399359,8.891844814,60.89360634,33.23221283,61.38106856,6.371339893,18.5,7.06295497,93.57578975
"Greenwich","London",2021,7.49,78.01985659,3.65,7.11,53.2268458,15.76029819,1.528909742,81.01,7.24,5.975075597,11.05571454,62.23814002,34.68260765,66.42473611,3.111452218,11.5,6.36741923,93.66830065
"Hackney","London",2021,7.4,69.68293552,3.2,7.21,61.31653452,11.3243169,0.929612269,81.475,7.32,10.9489181,10.76141621,52.36684176,37.49908603,69.62614073,4.231485328,14.2,4.75571205,93.96325459
"Hammersmith and Fulham","London",2021,7.61,73.7019555,3.51,7.24,62.24487867,36.15088536,2.134471718,81.45,7.3,11.93174389,49.3651474,46.43553682,27.69627863,74.4588625,1.636705857,10.8,5.15946984,92.97407913
"Haringey","London",2021,7.56,73.1322343,3.25,7.13,52.32531342,15.07945381,1.155407018,81.975,7.32,6.517568526,9.453292959,49.54994635,26.14257564,64.69738245,3.786014463,9.5,5.76437451,92.4248497
"Harrow","London",2021,7.89,74.12425644,3.4,7.55,62.36917737,17.90586891,1.767147734,83.955,7.69,2.655168861,6.485579305,52.96188436,28.42133882,59.87058865,0.383160847,7.6,5.85504915,94.94430163
"Havering","London",2021,7.75,71.93861572,3.15,7.41,51.75334881,16.83400978,1.589620509,81.565,7.57,4.883925249,7.730000379,68.81589037,29.85443497,61.31885378,0.763294685,10.3,4.94560203,94.44053483
"Hillingdon","London",2021,7.68,74.84045164,3.21,7.5,49.29202038,11.9713809,1.455214885,81.655,7.53,4.951231983,8.248621263,55.73756139,29.02088378,56.28053262,2.952833408,11.1,6.14240992,94.4595822
"Hounslow","London",2021,7.81,74.08738938,3.38,7.48,55.49052052,11.37682827,4.174298822,81.525,7.4,5.169869778,5.468356425,63.2336962,28.53813822,57.93678197,1.389178301,11.6,6.25907462,95.02743484
"Islington","London",2021,7.58,70.99634846,3.19,7.17,58.76244642,13.06074437,3.585165624,81.335,7.3,9.342442013,13.89437469,43.96550251,29.67053787,73.99253183,5.997222825,11.5,4.9791945,92.45411285
"Kensington and Chelsea","London",2021,7.54,70.31055901,3.52,7.17,57.99864438,11.91349146,2.887691084,86.02,7.18,10.79278866,9.994064129,46.43773679,28.81296642,67.71488715,7.642073086,14.4,5.28773453,94.37570304
"Kingston upon Thames","London",2021,7.66,76.24678663,3.49,7.34,57.5854,14.43504991,6.751351589,83.45,7.46,5.303055677,13.22816397,57.6050234,24.17592103,68.60529635,16.68205785,10.5,4.28329745,95.69892473
"Lambeth","London",2021,7.6,71.76549865,3.92,6.99,58.64043492,15.18030752,2.614042934,81.255,7.41,6.985423212,14.93595365,57.77388075,30.53097345,73.41945635,9.133915804,12.4,4.78472129,92.75555556
"Lewisham","London",2021,7.63,76.22000539,3.02,7.44,53.52923227,14.30224796,1.544962843,80.965,7.5,6.016855055,10.46333578,51.01852027,30.36793096,70.95531059,2.334812048,12.2,5.17976046,93.5791757
"Merton","London",2021,7.67,75.35525782,3.26,7.55,53.28900144,15.38653673,5.653768995,82.22,7.58,4.630593888,10.7847203,50.37279953,26.72117549,67.25627464,2.322082072,12.8,5.22901639,94.34083601
"Newham","London",2021,7.83,75.71817991,2.64,7.71,48.46587905,15.29192514,3.543286215,81.04,7.7,6.096840114,7.88044356,61.24938361,40.53815883,59.08863625,4.84847102,13.9,5.95520267,94.28781564
"Redbridge","London",2021,7.55,75.22755228,3.06,7.29,53.22021673,13.98228416,3.804699289,82.53,7.57,4.325095368,7.558883067,57.44819741,30.95010035,57.36966785,4.841270866,11.8,7.38899639,96.18506494
"Richmond upon Thames","London",2021,7.68,80.82379863,3.87,7.3,64.40327415,12.61216746,3.275722446,84.31,7.47,6.41967084,8.295865351,45.5369234,19.51568924,74.00205557,1.536633339,8.2,4.54439466,92.68146371
"Southwark","London",2021,7.57,74.1945574,3.7,7.24,53.44491547,45.13465462,4.348583339,81.875,7.32,8.383929604,17.88612791,47.92158133,33.01300023,72.32965353,3.263984542,12,5.00321754,94.58443024
"Sutton","London",2021,7.72,73.73737374,2.98,7.45,55.68112491,13.71006623,16.90638384,82.12,7.44,3.639742522,11.65445388,62.78524551,24.66354127,60.96696295,0.954576478,12.1,5.07988586,96.09144543
"Tower Hamlets","London",2021,7.64,70.53209948,2.62,7.43,52.21853136,14.41914927,12.6978441,81.605,7.62,8.750817094,14.0887543,53.54065535,36.30586787,60.27481051,8.966513275,12,5.90606939,93.13821138
"Waltham Forest","London",2021,7.71,76.29459148,2.92,7.53,55.78263981,13.70828315,9.376554469,82.14,7.47,5.781035603,7.411523704,54.68428443,30.0646418,60.41273146,1.798237727,9,6.56458865,94.09672831
"Wandsworth","London",2021,7.7,76.19047619,3.59,7.37,63.94553398,13.02199906,13.14190948,82.155,7.55,6.984396561,15.23395484,49.66695405,26.66561165,76.50821933,5.481671423,13.3,4.28181246,94.98381877
"Westminster","London",2021,7.75,70.18308631,3.57,7.38,56.05874828,12.61700281,10.24215833,85.91,7.38,12.5440989,30.65533847,45.2659508,31.11725715,64.52499886,91.18081595,11.8,4.99207266,94.18942475
