"Participant.ID","Country.name","Gender","Age","relationship_status","Freedom.of.Choice","Satisfaction.with.life"
364071001,"Iran, Islamic Republic of",0,32,"single",10,5
364071003,"Iran, Islamic Republic of",0,62,"married",5,3
364071004,"Iran, Islamic Republic of",1,34,"married",2,8
364071005,"Iran, Islamic Republic of",1,18,"single",6,6
364071006,"Iran, Islamic Republic of",0,45,"married",1,5
364071007,"Iran, Islamic Republic of",0,38,"married",5,5
364071008,"Iran, Islamic Republic of",0,18,"single",6,10
364071009,"Iran, Islamic Republic of",0,48,"married",8,6
364071011,"Iran, Islamic Republic of",1,19,"single",5,5
364071012,"Iran, Islamic Republic of",0,38,"married",8,6
364071013,"Iran, Islamic Republic of",1,51,"married",4,6
364071014,"Iran, Islamic Republic of",1,31,"single",7,5
364071015,"Iran, Islamic Republic of",1,47,"married",5,5
364071017,"Iran, Islamic Republic of",0,69,"married",10,10
364071018,"Iran, Islamic Republic of",0,19,"single",4,7
364071019,"Iran, Islamic Republic of",0,41,"married",10,8
364071020,"Iran, Islamic Republic of",0,40,"married",8,8
364071022,"Iran, Islamic Republic of",0,58,"married",5,6
364071023,"Iran, Islamic Republic of",1,55,"married",5,5
364071024,"Iran, Islamic Republic of",0,47,"married",10,10
364071025,"Iran, Islamic Republic of",1,24,"married",8,5
364071026,"Iran, Islamic Republic of",1,70,"married",10,10
364071027,"Iran, Islamic Republic of",1,46,"married",10,5
364071028,"Iran, Islamic Republic of",0,19,"single",1,10
364071029,"Iran, Islamic Republic of",0,25,"single",10,1
364071030,"Iran, Islamic Republic of",1,46,"married",5,3
364071031,"Iran, Islamic Republic of",0,43,"married",1,1
364071032,"Iran, Islamic Republic of",0,41,"married",1,1
364071033,"Iran, Islamic Republic of",0,68,"married",6,2
364071034,"Iran, Islamic Republic of",0,18,"single",10,9
364071036,"Iran, Islamic Republic of",1,51,"married",6,5
364071037,"Iran, Islamic Republic of",0,46,"married",2,1
364071038,"Iran, Islamic Republic of",0,70,"married",10,10
364071039,"Iran, Islamic Republic of",0,67,"married",10,8
364071040,"Iran, Islamic Republic of",1,46,"married",10,5
364071041,"Iran, Islamic Republic of",1,19,"single",6,8
364071042,"Iran, Islamic Republic of",1,40,"married",5,2
364071043,"Iran, Islamic Republic of",1,58,"married",5,6
364071044,"Iran, Islamic Republic of",0,67,"married",9,8
364071045,"Iran, Islamic Republic of",0,18,"single",5,7
364071046,"Iran, Islamic Republic of",1,54,"married",8,9
364071047,"Iran, Islamic Republic of",0,21,"single",5,3
364071048,"Iran, Islamic Republic of",0,54,"married",10,1
364071050,"Iran, Islamic Republic of",1,47,"widowed",5,3
364071051,"Iran, Islamic Republic of",1,58,"married",8,7
364071052,"Iran, Islamic Republic of",1,40,"married",7,6
364071053,"Iran, Islamic Republic of",0,48,"married",6,10
364071054,"Iran, Islamic Republic of",0,45,"married",10,7
364071055,"Iran, Islamic Republic of",1,36,"divorced",9,9
364071056,"Iran, Islamic Republic of",1,48,"married",7,8
364071057,"Iran, Islamic Republic of",0,20,"single",8,5
364071058,"Iran, Islamic Republic of",1,37,"married",10,8
364071059,"Iran, Islamic Republic of",0,44,"married",5,8
364071060,"Iran, Islamic Republic of",1,19,"married",10,10
364071061,"Iran, Islamic Republic of",1,49,"single",7,6
364071062,"Iran, Islamic Republic of",1,39,"married",1,1
364071063,"Iran, Islamic Republic of",1,34,"divorced",5,7
364071064,"Iran, Islamic Republic of",1,70,"divorced",10,5
364071065,"Iran, Islamic Republic of",0,45,"married",5,2
364071066,"Iran, Islamic Republic of",1,36,"married",5,6
364071067,"Iran, Islamic Republic of",0,63,"married",8,8
364071069,"Iran, Islamic Republic of",0,61,"married",10,7
364071073,"Iran, Islamic Republic of",0,48,"married",5,6
364071074,"Iran, Islamic Republic of",0,52,"married",6,3
364071075,"Iran, Islamic Republic of",1,19,"single",5,7
364071076,"Iran, Islamic Republic of",0,26,"single",8,5
364071077,"Iran, Islamic Republic of",1,36,"married",8,9
364071078,"Iran, Islamic Republic of",0,35,"married",6,7
364071079,"Iran, Islamic Republic of",0,67,"married",5,5
364071080,"Iran, Islamic Republic of",0,18,"single",8,7
364071081,"Iran, Islamic Republic of",0,40,"married",8,8
364071084,"Iran, Islamic Republic of",0,27,"single",2,10
364071085,"Iran, Islamic Republic of",1,51,"married",10,4
364071086,"Iran, Islamic Republic of",0,40,"married",10,8
364071087,"Iran, Islamic Republic of",0,42,"married",10,5
364071090,"Iran, Islamic Republic of",1,58,"married",10,6
364071091,"Iran, Islamic Republic of",0,53,"married",8,6
364071093,"Iran, Islamic Republic of",1,43,"married",1,5
364071094,"Iran, Islamic Republic of",1,39,"married",9,8
364071095,"Iran, Islamic Republic of",0,22,"single",9,8
364071096,"Iran, Islamic Republic of",0,61,"married",5,5
364071097,"Iran, Islamic Republic of",1,31,"married",10,10
364071098,"Iran, Islamic Republic of",0,35,"living together as married",1,1
364071099,"Iran, Islamic Republic of",0,56,"married",5,6
364071100,"Iran, Islamic Republic of",1,19,"single",8,5
364071101,"Iran, Islamic Republic of",1,63,"married",9,5
364071102,"Iran, Islamic Republic of",1,39,"married",10,5
364071103,"Iran, Islamic Republic of",1,36,"single",7,5
364071104,"Iran, Islamic Republic of",1,37,"married",2,8
364071105,"Iran, Islamic Republic of",0,33,"married",10,1
364071106,"Iran, Islamic Republic of",1,33,"married",10,6
364071107,"Iran, Islamic Republic of",1,60,"widowed",10,1
364071110,"Iran, Islamic Republic of",1,51,"divorced",2,1
364071111,"Iran, Islamic Republic of",0,48,"married",6,7
364071112,"Iran, Islamic Republic of",1,28,"married",8,7
364071113,"Iran, Islamic Republic of",1,28,"single",9,10
364071114,"Iran, Islamic Republic of",1,26,"divorced",1,2
364071115,"Iran, Islamic Republic of",1,40,"married",8,5
364071118,"Iran, Islamic Republic of",0,26,"single",5,6
364071119,"Iran, Islamic Republic of",0,46,"married",7,7
364071120,"Iran, Islamic Republic of",1,41,"married",8,6
364071121,"Iran, Islamic Republic of",0,21,"single",5,10
364071122,"Iran, Islamic Republic of",0,49,"married",6,5
364071123,"Iran, Islamic Republic of",1,41,"married",6,5
364071124,"Iran, Islamic Republic of",1,38,"married",4,1
364071126,"Iran, Islamic Republic of",0,44,"married",10,3
364071127,"Iran, Islamic Republic of",0,41,"married",1,1
364071128,"Iran, Islamic Republic of",0,41,"married",9,9
364071129,"Iran, Islamic Republic of",0,54,"married",5,5
364071131,"Iran, Islamic Republic of",0,24,"single",7,10
364071132,"Iran, Islamic Republic of",0,69,"married",10,10
364071133,"Iran, Islamic Republic of",0,47,"married",8,5
364071134,"Iran, Islamic Republic of",1,34,"married",5,2
364071135,"Iran, Islamic Republic of",0,60,"married",5,8
364071137,"Iran, Islamic Republic of",0,23,"single",8,10
364071138,"Iran, Islamic Republic of",0,52,"married",5,6
364071139,"Iran, Islamic Republic of",1,68,"widowed",5,8
364071141,"Iran, Islamic Republic of",1,27,"married",8,6
364071142,"Iran, Islamic Republic of",0,67,"married",10,4
364071143,"Iran, Islamic Republic of",1,60,"married",5,5
364071144,"Iran, Islamic Republic of",0,30,"married",7,6
364071145,"Iran, Islamic Republic of",1,55,"widowed",5,6
364071146,"Iran, Islamic Republic of",0,22,"single",5,8
364071147,"Iran, Islamic Republic of",0,36,"married",8,7
364071148,"Iran, Islamic Republic of",1,58,"married",5,7
364071149,"Iran, Islamic Republic of",1,38,"single",5,6
364071150,"Iran, Islamic Republic of",1,33,"married",8,9
364071151,"Iran, Islamic Republic of",1,37,"married",8,9
364071152,"Iran, Islamic Republic of",1,49,"married",5,3
364071153,"Iran, Islamic Republic of",0,39,"married",9,8
364071154,"Iran, Islamic Republic of",0,50,"married",2,4
364071155,"Iran, Islamic Republic of",1,39,"married",5,5
364071156,"Iran, Islamic Republic of",1,41,"married",5,2
364071157,"Iran, Islamic Republic of",0,23,"single",5,5
364071158,"Iran, Islamic Republic of",0,41,"married",5,4
364071159,"Iran, Islamic Republic of",1,33,"single",8,7
364071160,"Iran, Islamic Republic of",1,23,"married",10,6
364071161,"Iran, Islamic Republic of",0,64,"married",8,5
364071162,"Iran, Islamic Republic of",1,53,"married",3,1
364071163,"Iran, Islamic Republic of",0,41,"married",8,5
364071164,"Iran, Islamic Republic of",0,36,"married",10,8
364071165,"Iran, Islamic Republic of",0,70,"married",5,1
364071167,"Iran, Islamic Republic of",0,50,"married",9,6
364071168,"Iran, Islamic Republic of",0,40,"married",10,5
364071169,"Iran, Islamic Republic of",0,70,"married",8,7
364071171,"Iran, Islamic Republic of",0,37,"married",8,9
364071172,"Iran, Islamic Republic of",0,46,"married",10,10
364071174,"Iran, Islamic Republic of",0,37,"married",10,4
364071175,"Iran, Islamic Republic of",1,36,"married",7,5
364071176,"Iran, Islamic Republic of",1,67,"married",10,9
364071177,"Iran, Islamic Republic of",1,32,"single",8,7
364071178,"Iran, Islamic Republic of",0,28,"single",4,3
364071179,"Iran, Islamic Republic of",1,56,"widowed",7,5
364071182,"Iran, Islamic Republic of",0,46,"married",5,6
364071183,"Iran, Islamic Republic of",1,49,"married",7,7
364071184,"Iran, Islamic Republic of",1,33,"married",5,7
364071185,"Iran, Islamic Republic of",1,51,"widowed",8,1
364071186,"Iran, Islamic Republic of",1,20,"single",4,1
364071187,"Iran, Islamic Republic of",1,35,"single",7,9
364071189,"Iran, Islamic Republic of",0,20,"single",8,8
364071191,"Iran, Islamic Republic of",0,44,"married",5,8
364071192,"Iran, Islamic Republic of",0,39,"married",10,10
364071193,"Iran, Islamic Republic of",1,20,"single",7,8
364071194,"Iran, Islamic Republic of",0,55,"married",10,6
364071195,"Iran, Islamic Republic of",0,48,"married",10,9
364071198,"Iran, Islamic Republic of",1,27,"married",5,7
364071199,"Iran, Islamic Republic of",1,28,"single",9,8
364071202,"Iran, Islamic Republic of",1,54,"married",2,9
364071203,"Iran, Islamic Republic of",0,37,"married",10,10
364071204,"Iran, Islamic Republic of",0,39,"married",1,6
364071209,"Iran, Islamic Republic of",0,23,"single",8,7
364071210,"Iran, Islamic Republic of",0,26,"single",5,5
364071211,"Iran, Islamic Republic of",1,63,"married",1,10
364071212,"Iran, Islamic Republic of",1,41,"married",8,9
364071213,"Iran, Islamic Republic of",0,30,"married",8,10
364071214,"Iran, Islamic Republic of",0,50,"married",6,5
364071215,"Iran, Islamic Republic of",1,34,"married",8,5
364071217,"Iran, Islamic Republic of",0,52,"married",8,10
364071218,"Iran, Islamic Republic of",0,18,"single",8,5
364071219,"Iran, Islamic Republic of",0,18,"single",5,5
364071220,"Iran, Islamic Republic of",1,20,"single",8,10
364071221,"Iran, Islamic Republic of",0,45,"married",8,5
364071222,"Iran, Islamic Republic of",1,19,"single",6,7
364071223,"Iran, Islamic Republic of",1,57,"married",10,8
364071224,"Iran, Islamic Republic of",1,45,"married",10,5
364071225,"Iran, Islamic Republic of",0,32,"separated",5,6
364071226,"Iran, Islamic Republic of",0,24,"single",10,4
364071227,"Iran, Islamic Republic of",0,21,"single",7,10
364071228,"Iran, Islamic Republic of",1,46,"married",8,9
364071229,"Iran, Islamic Republic of",1,65,"married",8,7
364071230,"Iran, Islamic Republic of",1,25,"single",10,1
364071231,"Iran, Islamic Republic of",1,23,"married",5,7
364071232,"Iran, Islamic Republic of",0,80,"married",10,1
364071233,"Iran, Islamic Republic of",1,19,"single",5,10
364071234,"Iran, Islamic Republic of",0,43,"single",3,1
364071235,"Iran, Islamic Republic of",1,38,"married",8,4
364071236,"Iran, Islamic Republic of",1,33,"married",10,8
364071237,"Iran, Islamic Republic of",0,25,"single",3,7
364071238,"Iran, Islamic Republic of",0,40,"married",4,1
364071239,"Iran, Islamic Republic of",0,32,"single",4,5
364071240,"Iran, Islamic Republic of",0,26,"single",5,8
364071241,"Iran, Islamic Republic of",0,28,"single",10,10
364071242,"Iran, Islamic Republic of",1,33,"married",8,7
364071243,"Iran, Islamic Republic of",1,49,"married",5,8
364071244,"Iran, Islamic Republic of",1,35,"married",9,3
364071245,"Iran, Islamic Republic of",0,21,"single",8,1
364071246,"Iran, Islamic Republic of",0,18,"single",10,10
364071247,"Iran, Islamic Republic of",1,34,"married",10,8
364071248,"Iran, Islamic Republic of",0,40,"married",8,6
364071249,"Iran, Islamic Republic of",1,48,"single",5,5
364071251,"Iran, Islamic Republic of",1,41,"married",8,10
364071252,"Iran, Islamic Republic of",1,73,"widowed",5,6
364071253,"Iran, Islamic Republic of",0,65,"married",10,8
364071255,"Iran, Islamic Republic of",0,18,"single",6,1
364071256,"Iran, Islamic Republic of",1,21,"married",4,3
364071259,"Iran, Islamic Republic of",1,38,"married",10,6
364071262,"Iran, Islamic Republic of",0,43,"married",8,8
364071263,"Iran, Islamic Republic of",0,28,"single",8,7
364071264,"Iran, Islamic Republic of",0,40,"married",10,5
364071266,"Iran, Islamic Republic of",1,35,"married",5,7
364071267,"Iran, Islamic Republic of",1,27,"married",5,4
364071268,"Iran, Islamic Republic of",0,43,"married",1,1
364071270,"Iran, Islamic Republic of",0,31,"married",10,6
364071272,"Iran, Islamic Republic of",0,25,"single",7,6
364071273,"Iran, Islamic Republic of",0,38,"married",8,1
364071274,"Iran, Islamic Republic of",1,18,"single",5,6
364071275,"Iran, Islamic Republic of",1,29,"married",7,9
364071277,"Iran, Islamic Republic of",0,35,"married",8,7
364071280,"Iran, Islamic Republic of",1,32,"married",5,10
364071281,"Iran, Islamic Republic of",0,56,"married",10,9
364071282,"Iran, Islamic Republic of",1,18,"single",5,5
364071286,"Iran, Islamic Republic of",1,34,"married",8,6
364071287,"Iran, Islamic Republic of",1,49,"married",8,6
364071288,"Iran, Islamic Republic of",0,75,"married",8,1
364071290,"Iran, Islamic Republic of",1,39,"married",5,7
364071291,"Iran, Islamic Republic of",1,41,"single",5,5
364071292,"Iran, Islamic Republic of",1,35,"divorced",10,4
364071293,"Iran, Islamic Republic of",0,21,"married",1,7
364071294,"Iran, Islamic Republic of",0,18,"single",5,5
364071295,"Iran, Islamic Republic of",1,53,"married",5,10
364071296,"Iran, Islamic Republic of",0,20,"single",10,5
364071297,"Iran, Islamic Republic of",0,42,"married",8,7
364071298,"Iran, Islamic Republic of",1,19,"married",10,10
364071299,"Iran, Islamic Republic of",1,63,"widowed",10,6
364071300,"Iran, Islamic Republic of",1,27,"married",8,8
364071301,"Iran, Islamic Republic of",0,55,"married",4,3
364071305,"Iran, Islamic Republic of",1,18,"married",6,3
364071306,"Iran, Islamic Republic of",0,34,"single",8,8
364071307,"Iran, Islamic Republic of",0,32,"married",8,9
364071308,"Iran, Islamic Republic of",0,67,"married",10,10
364071309,"Iran, Islamic Republic of",1,29,"single",10,8
364071311,"Iran, Islamic Republic of",1,40,"married",8,10
364071312,"Iran, Islamic Republic of",0,43,"married",5,10
364071313,"Iran, Islamic Republic of",1,60,"single",7,5
364071314,"Iran, Islamic Republic of",1,39,"married",6,1
364071315,"Iran, Islamic Republic of",0,34,"married",1,3
364071316,"Iran, Islamic Republic of",1,37,"married",5,8
364071317,"Iran, Islamic Republic of",1,48,"married",8,5
364071318,"Iran, Islamic Republic of",0,36,"married",10,7
364071319,"Iran, Islamic Republic of",0,64,"married",NA,7
364071320,"Iran, Islamic Republic of",1,35,"married",10,6
364071321,"Iran, Islamic Republic of",1,18,"single",8,6
364071322,"Iran, Islamic Republic of",1,20,"married",5,5
364071323,"Iran, Islamic Republic of",0,28,"single",8,1
364071324,"Iran, Islamic Republic of",1,41,"married",5,7
364071328,"Iran, Islamic Republic of",0,23,"single",8,8
364071329,"Iran, Islamic Republic of",0,48,"married",8,10
364071330,"Iran, Islamic Republic of",0,33,"married",3,4
364071331,"Iran, Islamic Republic of",1,27,"single",10,8
364071332,"Iran, Islamic Republic of",0,73,"married",7,8
364071334,"Iran, Islamic Republic of",0,58,"married",8,8
364071336,"Iran, Islamic Republic of",1,23,"married",6,6
364071337,"Iran, Islamic Republic of",1,19,"single",10,5
364071339,"Iran, Islamic Republic of",1,34,"married",5,8
364071340,"Iran, Islamic Republic of",1,78,"widowed",9,9
364071341,"Iran, Islamic Republic of",1,34,"married",7,6
364071342,"Iran, Islamic Republic of",1,37,"married",7,7
364071343,"Iran, Islamic Republic of",0,34,"divorced",10,5
364071345,"Iran, Islamic Republic of",1,47,"widowed",10,6
364071346,"Iran, Islamic Republic of",1,34,"married",10,8
364071347,"Iran, Islamic Republic of",1,49,"married",10,10
364071348,"Iran, Islamic Republic of",0,19,"single",8,9
364071349,"Iran, Islamic Republic of",1,34,"married",5,9
364071350,"Iran, Islamic Republic of",1,23,"married",7,2
364071351,"Iran, Islamic Republic of",1,99,"single",8,6
364071352,"Iran, Islamic Republic of",1,52,"married",10,10
364071354,"Iran, Islamic Republic of",0,32,"single",5,7
364071355,"Iran, Islamic Republic of",0,60,"single",5,10
364071356,"Iran, Islamic Republic of",0,63,"married",1,7
364071357,"Iran, Islamic Republic of",1,18,"single",7,10
364071358,"Iran, Islamic Republic of",1,20,"single",7,8
364071360,"Iran, Islamic Republic of",1,39,"separated",10,10
364071361,"Iran, Islamic Republic of",0,63,"married",7,4
364071362,"Iran, Islamic Republic of",1,39,"married",7,5
364071363,"Iran, Islamic Republic of",1,18,"single",5,10
364071366,"Iran, Islamic Republic of",0,32,"married",5,3
364071367,"Iran, Islamic Republic of",1,20,"single",9,8
364071368,"Iran, Islamic Republic of",1,39,"married",10,3
364071369,"Iran, Islamic Republic of",0,67,"married",10,4
364071370,"Iran, Islamic Republic of",0,38,"married",5,3
364071371,"Iran, Islamic Republic of",0,45,"married",8,7
364071372,"Iran, Islamic Republic of",0,25,"single",4,1
364071373,"Iran, Islamic Republic of",1,29,"married",5,5
364071374,"Iran, Islamic Republic of",0,70,"married",4,2
364071375,"Iran, Islamic Republic of",1,49,"married",7,10
364071376,"Iran, Islamic Republic of",0,27,"single",1,3
364071377,"Iran, Islamic Republic of",1,37,"married",10,5
364071378,"Iran, Islamic Republic of",1,56,"married",5,9
364071379,"Iran, Islamic Republic of",0,49,"married",7,8
364071380,"Iran, Islamic Republic of",1,18,"single",8,8
364071381,"Iran, Islamic Republic of",1,21,"single",8,5
364071382,"Iran, Islamic Republic of",1,42,"married",5,6
364071383,"Iran, Islamic Republic of",0,53,"married",8,1
364071384,"Iran, Islamic Republic of",0,40,"married",10,7
364071385,"Iran, Islamic Republic of",0,66,"married",10,7
364071386,"Iran, Islamic Republic of",1,30,"single",4,8
364071387,"Iran, Islamic Republic of",1,45,"married",5,5
364071388,"Iran, Islamic Republic of",0,50,"married",5,5
364071390,"Iran, Islamic Republic of",0,39,"married",5,9
364071391,"Iran, Islamic Republic of",0,51,"married",6,8
364071392,"Iran, Islamic Republic of",1,38,"married",9,6
364071393,"Iran, Islamic Republic of",0,19,"single",10,8
364071394,"Iran, Islamic Republic of",0,21,"single",8,5
364071395,"Iran, Islamic Republic of",1,18,"single",8,8
364071397,"Iran, Islamic Republic of",0,18,"single",5,9
364071398,"Iran, Islamic Republic of",0,24,"separated",10,1
364071399,"Iran, Islamic Republic of",1,24,"single",3,9
364071400,"Iran, Islamic Republic of",1,33,"single",5,9
364071401,"Iran, Islamic Republic of",0,48,"married",3,5
364071402,"Iran, Islamic Republic of",1,38,"married",7,9
364071403,"Iran, Islamic Republic of",1,19,"single",6,8
364071404,"Iran, Islamic Republic of",0,45,"married",10,5
364071405,"Iran, Islamic Republic of",0,37,"married",7,9
364071406,"Iran, Islamic Republic of",1,22,"single",8,10
364071410,"Iran, Islamic Republic of",1,28,"single",8,8
364071411,"Iran, Islamic Republic of",1,21,"single",8,7
364071412,"Iran, Islamic Republic of",1,36,"married",10,10
364071414,"Iran, Islamic Republic of",1,35,"married",8,5
364071415,"Iran, Islamic Republic of",1,19,"single",5,5
364071416,"Iran, Islamic Republic of",1,37,"married",6,7
364071417,"Iran, Islamic Republic of",0,50,"married",4,8
364071418,"Iran, Islamic Republic of",0,49,"married",6,6
364071421,"Iran, Islamic Republic of",1,46,"married",8,8
364071422,"Iran, Islamic Republic of",1,22,"single",5,8
364071423,"Iran, Islamic Republic of",0,26,"married",8,5
364071425,"Iran, Islamic Republic of",1,30,"married",7,8
364071427,"Iran, Islamic Republic of",0,59,"married",7,5
364071429,"Iran, Islamic Republic of",1,47,"married",6,8
364071430,"Iran, Islamic Republic of",0,33,"married",10,6
364071431,"Iran, Islamic Republic of",1,73,"widowed",10,6
364071432,"Iran, Islamic Republic of",1,35,"single",8,8
364071433,"Iran, Islamic Republic of",0,19,"single",10,10
364071435,"Iran, Islamic Republic of",1,18,"single",1,7
364071436,"Iran, Islamic Republic of",1,99,"widowed",8,8
364071438,"Iran, Islamic Republic of",0,46,"married",8,9
364071439,"Iran, Islamic Republic of",1,37,"married",5,8
364071440,"Iran, Islamic Republic of",0,20,"single",10,7
364071441,"Iran, Islamic Republic of",1,33,"married",7,7
364071442,"Iran, Islamic Republic of",1,31,"single",5,7
364071443,"Iran, Islamic Republic of",0,38,"married",8,7
364071444,"Iran, Islamic Republic of",0,33,"married",8,8
364071445,"Iran, Islamic Republic of",1,52,"married",8,10
364071447,"Iran, Islamic Republic of",1,27,"married",7,7
364071450,"Iran, Islamic Republic of",0,32,"married",10,8
364071452,"Iran, Islamic Republic of",0,39,"married",5,7
364071454,"Iran, Islamic Republic of",1,67,"married",10,5
364071455,"Iran, Islamic Republic of",1,36,"single",10,10
364071456,"Iran, Islamic Republic of",1,99,"single",9,10
364071457,"Iran, Islamic Republic of",0,47,"married",5,6
364071458,"Iran, Islamic Republic of",1,18,"single",5,9
364071459,"Iran, Islamic Republic of",0,65,"married",10,10
364071460,"Iran, Islamic Republic of",0,39,"married",8,3
364071462,"Iran, Islamic Republic of",0,44,"married",8,5
364071465,"Iran, Islamic Republic of",1,19,"single",8,7
364071466,"Iran, Islamic Republic of",0,56,"married",5,3
364071467,"Iran, Islamic Republic of",1,57,"married",10,6
364071468,"Iran, Islamic Republic of",1,41,"married",9,8
364071469,"Iran, Islamic Republic of",1,55,"married",8,3
364071470,"Iran, Islamic Republic of",1,59,"single",8,7
364071471,"Iran, Islamic Republic of",0,22,"single",8,7
364071472,"Iran, Islamic Republic of",1,22,"married",1,1
364071473,"Iran, Islamic Republic of",0,63,"married",10,10
364071474,"Iran, Islamic Republic of",0,18,"single",7,6
364071475,"Iran, Islamic Republic of",1,19,"single",6,1
364071476,"Iran, Islamic Republic of",0,20,"single",7,10
364071477,"Iran, Islamic Republic of",1,34,"divorced",10,8
364071478,"Iran, Islamic Republic of",0,53,"married",10,6
364071479,"Iran, Islamic Republic of",0,56,"married",8,7
364071480,"Iran, Islamic Republic of",0,35,"married",5,8
364071481,"Iran, Islamic Republic of",0,70,"married",5,6
364071482,"Iran, Islamic Republic of",1,74,"widowed",10,6
364071484,"Iran, Islamic Republic of",1,74,"widowed",10,4
364071485,"Iran, Islamic Republic of",1,36,"married",8,6
364071486,"Iran, Islamic Republic of",0,34,"married",7,3
364071487,"Iran, Islamic Republic of",1,31,"married",9,7
364071488,"Iran, Islamic Republic of",1,63,"widowed",10,10
364071489,"Iran, Islamic Republic of",1,48,"married",5,7
364071491,"Iran, Islamic Republic of",0,75,"married",6,6
364071492,"Iran, Islamic Republic of",0,29,"married",5,8
364071493,"Iran, Islamic Republic of",0,40,"married",5,1
364071494,"Iran, Islamic Republic of",1,33,"married",5,9
364071495,"Iran, Islamic Republic of",1,19,"single",1,5
364071496,"Iran, Islamic Republic of",1,26,"single",8,6
364071497,"Iran, Islamic Republic of",1,29,"married",3,5
364071498,"Iran, Islamic Republic of",1,19,"single",9,10
364071499,"Iran, Islamic Republic of",1,38,"married",5,6
364071500,"Iran, Islamic Republic of",0,18,"single",5,10
364071501,"Iran, Islamic Republic of",0,42,"married",8,1
364071502,"Iran, Islamic Republic of",1,48,"divorced",10,3
364071503,"Iran, Islamic Republic of",0,20,"single",5,10
364071505,"Iran, Islamic Republic of",0,30,"single",6,6
364071506,"Iran, Islamic Republic of",0,46,"married",2,5
364071508,"Iran, Islamic Republic of",0,25,"single",8,8
364071510,"Iran, Islamic Republic of",0,81,"married",1,1
364071511,"Iran, Islamic Republic of",0,53,"married",5,1
364071512,"Iran, Islamic Republic of",0,33,"married",10,6
364071513,"Iran, Islamic Republic of",0,20,"single",10,5
364071514,"Iran, Islamic Republic of",0,47,"married",1,7
364071516,"Iran, Islamic Republic of",1,32,"married",6,8
364071517,"Iran, Islamic Republic of",0,51,"married",8,8
364071518,"Iran, Islamic Republic of",1,59,"married",10,5
364071519,"Iran, Islamic Republic of",1,48,"married",5,1
364071520,"Iran, Islamic Republic of",1,19,"single",9,8
364071522,"Iran, Islamic Republic of",0,52,"married",5,7
364071526,"Iran, Islamic Republic of",1,38,"married",5,8
364071527,"Iran, Islamic Republic of",0,41,"married",6,1
364071528,"Iran, Islamic Republic of",0,41,"married",7,4
364071529,"Iran, Islamic Republic of",1,39,"married",10,7
364071530,"Iran, Islamic Republic of",1,32,"married",10,5
364071532,"Iran, Islamic Republic of",1,39,"married",9,10
364071534,"Iran, Islamic Republic of",0,40,"married",5,10
364071535,"Iran, Islamic Republic of",0,20,"single",10,8
364071536,"Iran, Islamic Republic of",0,28,"single",10,5
364071537,"Iran, Islamic Republic of",0,44,"married",1,5
364071538,"Iran, Islamic Republic of",0,38,"single",5,2
364071539,"Iran, Islamic Republic of",1,24,"married",8,6
364071540,"Iran, Islamic Republic of",1,37,"married",6,3
364071541,"Iran, Islamic Republic of",0,32,"married",7,10
364071542,"Iran, Islamic Republic of",0,18,"single",7,7
364071544,"Iran, Islamic Republic of",1,18,"single",10,5
364071546,"Iran, Islamic Republic of",0,33,"married",1,5
364071548,"Iran, Islamic Republic of",1,39,"married",8,6
364071549,"Iran, Islamic Republic of",0,35,"married",4,7
364071550,"Iran, Islamic Republic of",1,46,"married",10,6
364071552,"Iran, Islamic Republic of",0,21,"single",5,3
364071556,"Iran, Islamic Republic of",0,28,"single",10,9
364071557,"Iran, Islamic Republic of",1,26,"single",8,5
364071558,"Iran, Islamic Republic of",0,40,"married",5,7
364071560,"Iran, Islamic Republic of",1,19,"single",10,8
364071561,"Iran, Islamic Republic of",0,39,"married",10,10
364071562,"Iran, Islamic Republic of",1,30,"single",10,6
364071563,"Iran, Islamic Republic of",0,34,"single",5,8
364071564,"Iran, Islamic Republic of",0,40,"married",10,8
364071565,"Iran, Islamic Republic of",0,29,"single",10,10
364071566,"Iran, Islamic Republic of",0,45,"married",5,3
364071569,"Iran, Islamic Republic of",1,39,"married",5,5
364071570,"Iran, Islamic Republic of",0,42,"married",7,7
364071571,"Iran, Islamic Republic of",0,39,"married",7,1
364071572,"Iran, Islamic Republic of",1,39,"married",5,1
364071573,"Iran, Islamic Republic of",1,24,"married",9,7
364071574,"Iran, Islamic Republic of",1,20,"single",10,7
364071575,"Iran, Islamic Republic of",1,72,"widowed",8,8
364071578,"Iran, Islamic Republic of",0,39,"divorced",6,3
364071579,"Iran, Islamic Republic of",1,21,"single",7,3
364071580,"Iran, Islamic Republic of",1,20,"single",8,9
364071581,"Iran, Islamic Republic of",0,60,"married",7,6
364071582,"Iran, Islamic Republic of",1,21,"married",8,8
364071583,"Iran, Islamic Republic of",1,39,"divorced",7,7
364071585,"Iran, Islamic Republic of",0,27,"single",7,6
364071587,"Iran, Islamic Republic of",1,40,"married",5,1
364071588,"Iran, Islamic Republic of",1,46,"married",7,10
364071589,"Iran, Islamic Republic of",0,40,"married",1,2
364071590,"Iran, Islamic Republic of",1,67,"widowed",8,5
364071592,"Iran, Islamic Republic of",1,59,"widowed",10,1
364071593,"Iran, Islamic Republic of",1,27,"single",5,1
364071594,"Iran, Islamic Republic of",1,36,"single",5,5
364071595,"Iran, Islamic Republic of",0,29,"single",5,9
364071596,"Iran, Islamic Republic of",0,19,"single",1,10
364071597,"Iran, Islamic Republic of",0,19,"single",8,8
364071599,"Iran, Islamic Republic of",0,42,"married",10,5
364071600,"Iran, Islamic Republic of",0,60,"married",6,6
364071601,"Iran, Islamic Republic of",0,65,"married",10,6
364071603,"Iran, Islamic Republic of",0,35,"married",10,8
364071605,"Iran, Islamic Republic of",1,49,"widowed",1,1
364071606,"Iran, Islamic Republic of",1,72,"married",1,1
364071607,"Iran, Islamic Republic of",1,19,"single",5,1
364071608,"Iran, Islamic Republic of",1,38,"married",8,6
364071610,"Iran, Islamic Republic of",1,23,"single",10,9
364071611,"Iran, Islamic Republic of",0,18,"single",7,5
364071613,"Iran, Islamic Republic of",1,31,"single",10,4
364071614,"Iran, Islamic Republic of",1,38,"married",10,9
364071615,"Iran, Islamic Republic of",1,50,"married",10,1
364071616,"Iran, Islamic Republic of",0,55,"married",8,10
364071617,"Iran, Islamic Republic of",0,48,"single",10,8
364071619,"Iran, Islamic Republic of",1,22,"single",7,6
364071621,"Iran, Islamic Republic of",0,44,"married",5,6
364071622,"Iran, Islamic Republic of",0,18,"single",8,10
364071623,"Iran, Islamic Republic of",1,34,"married",5,5
364071624,"Iran, Islamic Republic of",1,36,"married",5,5
364071625,"Iran, Islamic Republic of",1,26,"single",6,1
364071626,"Iran, Islamic Republic of",1,38,"married",1,8
364071627,"Iran, Islamic Republic of",1,51,"married",5,7
364071628,"Iran, Islamic Republic of",0,59,"single",10,10
364071630,"Iran, Islamic Republic of",0,54,"married",10,1
364071632,"Iran, Islamic Republic of",1,18,"single",7,8
364071633,"Iran, Islamic Republic of",1,21,"single",9,10
364071634,"Iran, Islamic Republic of",0,21,"single",8,5
364071635,"Iran, Islamic Republic of",1,27,"single",1,10
364071636,"Iran, Islamic Republic of",0,61,"married",8,8
364071637,"Iran, Islamic Republic of",1,40,"married",7,6
364071638,"Iran, Islamic Republic of",0,50,"married",10,6
364071639,"Iran, Islamic Republic of",1,63,"single",10,5
364071640,"Iran, Islamic Republic of",1,20,"single",8,8
364071641,"Iran, Islamic Republic of",0,57,"married",7,3
364071642,"Iran, Islamic Republic of",0,39,"married",5,8
364071643,"Iran, Islamic Republic of",0,48,"married",10,8
364071644,"Iran, Islamic Republic of",0,19,"single",8,5
364071646,"Iran, Islamic Republic of",0,35,"married",10,6
364071647,"Iran, Islamic Republic of",1,57,"married",5,6
364071648,"Iran, Islamic Republic of",1,38,"married",10,8
364071650,"Iran, Islamic Republic of",1,57,"single",5,6
364071652,"Iran, Islamic Republic of",0,45,"married",5,5
364071653,"Iran, Islamic Republic of",0,31,"single",7,6
364071654,"Iran, Islamic Republic of",0,46,"married",5,9
364071655,"Iran, Islamic Republic of",1,53,"married",10,10
364071656,"Iran, Islamic Republic of",0,27,"single",2,3
364071657,"Iran, Islamic Republic of",0,38,"married",5,7
364071658,"Iran, Islamic Republic of",0,19,"single",6,4
364071659,"Iran, Islamic Republic of",1,38,"married",10,10
364071660,"Iran, Islamic Republic of",0,43,"married",10,4
364071661,"Iran, Islamic Republic of",0,52,"married",10,10
364071662,"Iran, Islamic Republic of",1,30,"married",5,2
364071664,"Iran, Islamic Republic of",0,21,"single",5,5
364071665,"Iran, Islamic Republic of",0,28,"single",10,10
364071666,"Iran, Islamic Republic of",1,18,"single",6,5
364071668,"Iran, Islamic Republic of",1,56,"widowed",10,10
364071669,"Iran, Islamic Republic of",1,18,"single",7,5
364071670,"Iran, Islamic Republic of",0,41,"married",10,8
364071671,"Iran, Islamic Republic of",0,35,"married",5,8
364071672,"Iran, Islamic Republic of",1,40,"married",7,7
364071673,"Iran, Islamic Republic of",1,27,"married",8,9
364071674,"Iran, Islamic Republic of",0,30,"single",10,5
364071675,"Iran, Islamic Republic of",1,43,"separated",1,5
364071676,"Iran, Islamic Republic of",1,99,"single",5,1
364071677,"Iran, Islamic Republic of",1,34,"single",7,7
364071678,"Iran, Islamic Republic of",1,48,"married",10,7
364071680,"Iran, Islamic Republic of",0,63,"married",8,5
364071681,"Iran, Islamic Republic of",1,20,"single",7,5
364071682,"Iran, Islamic Republic of",0,62,"married",10,1
364071683,"Iran, Islamic Republic of",1,18,"married",5,8
364071685,"Iran, Islamic Republic of",1,62,"married",7,3
364071686,"Iran, Islamic Republic of",0,22,"single",8,10
364071687,"Iran, Islamic Republic of",1,31,"single",10,5
364071689,"Iran, Islamic Republic of",1,39,"married",7,5
364071690,"Iran, Islamic Republic of",0,47,"married",10,5
364071691,"Iran, Islamic Republic of",1,29,"married",9,5
364071692,"Iran, Islamic Republic of",1,52,"married",5,5
364071693,"Iran, Islamic Republic of",1,30,"married",10,5
364071694,"Iran, Islamic Republic of",1,35,"married",5,7
364071695,"Iran, Islamic Republic of",0,25,"single",5,10
364071696,"Iran, Islamic Republic of",1,19,"married",6,7
364071697,"Iran, Islamic Republic of",1,29,"single",6,8
364071698,"Iran, Islamic Republic of",0,56,"married",10,8
364071699,"Iran, Islamic Republic of",0,35,"married",5,3
364071700,"Iran, Islamic Republic of",0,63,"married",4,8
364071701,"Iran, Islamic Republic of",0,39,"married",5,5
364071703,"Iran, Islamic Republic of",1,47,"married",5,8
364071704,"Iran, Islamic Republic of",0,55,"married",4,1
364071705,"Iran, Islamic Republic of",1,59,"widowed",10,7
364071706,"Iran, Islamic Republic of",0,23,"single",7,10
364071707,"Iran, Islamic Republic of",0,20,"single",10,7
364071708,"Iran, Islamic Republic of",0,26,"single",10,9
364071709,"Iran, Islamic Republic of",1,37,"married",1,10
364071710,"Iran, Islamic Republic of",1,75,"married",5,7
364071711,"Iran, Islamic Republic of",0,28,"single",5,6
364071712,"Iran, Islamic Republic of",0,55,"married",10,8
364071713,"Iran, Islamic Republic of",1,34,"married",5,6
364071714,"Iran, Islamic Republic of",1,18,"single",10,10
364071715,"Iran, Islamic Republic of",0,34,"married",8,5
364071716,"Iran, Islamic Republic of",0,21,"single",7,9
364071717,"Iran, Islamic Republic of",1,47,"widowed",1,5
364071718,"Iran, Islamic Republic of",1,30,"married",10,8
364071719,"Iran, Islamic Republic of",1,43,"single",10,8
364071720,"Iran, Islamic Republic of",1,55,"married",5,10
364071721,"Iran, Islamic Republic of",0,46,"married",1,5
364071722,"Iran, Islamic Republic of",1,41,"married",4,1
364071723,"Iran, Islamic Republic of",0,42,"married",10,10
364071725,"Iran, Islamic Republic of",1,32,"single",8,8
364071726,"Iran, Islamic Republic of",1,18,"single",4,8
364071727,"Iran, Islamic Republic of",0,64,"married",8,1
364071728,"Iran, Islamic Republic of",1,43,"married",5,7
364071729,"Iran, Islamic Republic of",1,39,"married",6,2
364071730,"Iran, Islamic Republic of",1,29,"married",8,8
364071731,"Iran, Islamic Republic of",1,62,"married",7,5
364071732,"Iran, Islamic Republic of",0,36,"married",3,7
364071733,"Iran, Islamic Republic of",0,63,"married",8,8
364071734,"Iran, Islamic Republic of",1,35,"married",10,5
364071735,"Iran, Islamic Republic of",0,56,"married",6,3
364071736,"Iran, Islamic Republic of",1,48,"married",3,3
364071737,"Iran, Islamic Republic of",0,46,"married",10,6
364071739,"Iran, Islamic Republic of",1,38,"married",5,10
364071740,"Iran, Islamic Republic of",1,48,"married",10,10
364071741,"Iran, Islamic Republic of",0,58,"married",3,4
364071742,"Iran, Islamic Republic of",1,35,"married",1,4
364071743,"Iran, Islamic Republic of",1,54,"married",10,10
364071744,"Iran, Islamic Republic of",0,29,"married",5,5
364071745,"Iran, Islamic Republic of",0,57,"married",7,5
364071746,"Iran, Islamic Republic of",1,28,"single",2,6
364071747,"Iran, Islamic Republic of",0,54,"married",8,7
364071748,"Iran, Islamic Republic of",0,30,"single",5,6
364071750,"Iran, Islamic Republic of",0,36,"married",7,5
364071751,"Iran, Islamic Republic of",1,42,"married",9,5
364071753,"Iran, Islamic Republic of",0,34,"divorced",10,1
364071754,"Iran, Islamic Republic of",0,43,"married",10,8
364071755,"Iran, Islamic Republic of",0,18,"single",10,7
364071757,"Iran, Islamic Republic of",1,50,"married",10,6
364071758,"Iran, Islamic Republic of",0,32,"married",8,1
364071759,"Iran, Islamic Republic of",1,56,"married",6,7
364071760,"Iran, Islamic Republic of",1,46,"married",9,6
364071761,"Iran, Islamic Republic of",1,55,"married",5,6
364071762,"Iran, Islamic Republic of",0,18,"single",7,9
364071763,"Iran, Islamic Republic of",1,30,"married",10,7
364071764,"Iran, Islamic Republic of",1,49,"married",10,8
364071765,"Iran, Islamic Republic of",0,36,"married",8,5
364071766,"Iran, Islamic Republic of",0,29,"married",7,7
364071767,"Iran, Islamic Republic of",1,59,"widowed",NA,2
364071768,"Iran, Islamic Republic of",1,32,"married",8,3
364071769,"Iran, Islamic Republic of",1,45,"married",7,5
364071770,"Iran, Islamic Republic of",1,35,"married",8,9
364071771,"Iran, Islamic Republic of",1,20,"single",8,1
364071772,"Iran, Islamic Republic of",1,34,"single",7,7
364071773,"Iran, Islamic Republic of",1,35,"married",5,7
364071774,"Iran, Islamic Republic of",1,26,"married",10,6
364071776,"Iran, Islamic Republic of",1,36,"married",6,9
364071777,"Iran, Islamic Republic of",1,18,"single",10,10
364071778,"Iran, Islamic Republic of",0,52,"married",10,10
364071779,"Iran, Islamic Republic of",0,60,"married",10,5
364071781,"Iran, Islamic Republic of",0,26,"single",8,4
364071782,"Iran, Islamic Republic of",0,37,"married",5,1
364071783,"Iran, Islamic Republic of",0,36,"single",6,7
364071784,"Iran, Islamic Republic of",1,43,"single",6,1
364071785,"Iran, Islamic Republic of",1,23,"single",8,9
364071786,"Iran, Islamic Republic of",1,52,"married",9,8
364071787,"Iran, Islamic Republic of",1,40,"married",1,4
364071788,"Iran, Islamic Republic of",1,31,"widowed",5,5
364071789,"Iran, Islamic Republic of",1,37,"married",7,7
364071790,"Iran, Islamic Republic of",0,38,"married",9,5
364071792,"Iran, Islamic Republic of",0,46,"married",5,5
364071794,"Iran, Islamic Republic of",0,35,"married",8,9
364071795,"Iran, Islamic Republic of",1,25,"married",7,7
364071796,"Iran, Islamic Republic of",1,70,"divorced",8,3
364071797,"Iran, Islamic Republic of",0,31,"married",7,7
364071798,"Iran, Islamic Republic of",0,42,"married",5,5
364071799,"Iran, Islamic Republic of",0,56,"married",1,3
364071800,"Iran, Islamic Republic of",0,20,"single",7,7
364071801,"Iran, Islamic Republic of",1,35,"married",2,3
364071803,"Iran, Islamic Republic of",0,53,"married",5,5
364071805,"Iran, Islamic Republic of",1,27,"married",9,6
364071806,"Iran, Islamic Republic of",1,29,"married",8,5
364071807,"Iran, Islamic Republic of",1,34,"divorced",9,6
364071809,"Iran, Islamic Republic of",1,20,"single",8,7
364071810,"Iran, Islamic Republic of",1,41,"married",6,6
364071811,"Iran, Islamic Republic of",1,35,"married",1,5
364071813,"Iran, Islamic Republic of",0,21,"single",10,6
364071814,"Iran, Islamic Republic of",1,39,"married",7,8
364071815,"Iran, Islamic Republic of",1,40,"married",9,9
364071817,"Iran, Islamic Republic of",0,45,"married",10,7
364071818,"Iran, Islamic Republic of",1,37,"married",10,5
364071819,"Iran, Islamic Republic of",0,46,"married",8,6
364071820,"Iran, Islamic Republic of",0,54,"married",5,6
364071822,"Iran, Islamic Republic of",0,18,"single",8,9
364071825,"Iran, Islamic Republic of",1,42,"divorced",10,1
364071827,"Iran, Islamic Republic of",0,43,"married",1,5
364071831,"Iran, Islamic Republic of",1,39,"married",10,10
364071834,"Iran, Islamic Republic of",1,53,"married",8,6
364071835,"Iran, Islamic Republic of",1,30,"married",7,4
364071837,"Iran, Islamic Republic of",0,29,"single",5,6
364071838,"Iran, Islamic Republic of",0,50,"married",8,8
364071839,"Iran, Islamic Republic of",0,18,"single",10,10
364071841,"Iran, Islamic Republic of",1,43,"married",8,7
364071842,"Iran, Islamic Republic of",1,41,"single",5,9
364071843,"Iran, Islamic Republic of",0,19,"single",7,9
364071844,"Iran, Islamic Republic of",1,58,"widowed",10,6
364071845,"Iran, Islamic Republic of",0,58,"single",5,5
364071846,"Iran, Islamic Republic of",0,20,"single",8,6
364071847,"Iran, Islamic Republic of",1,24,"single",10,6
364071848,"Iran, Islamic Republic of",1,42,"married",6,8
364071849,"Iran, Islamic Republic of",0,18,"single",6,6
364071851,"Iran, Islamic Republic of",0,36,"married",7,5
364071853,"Iran, Islamic Republic of",0,35,"separated",8,5
364071854,"Iran, Islamic Republic of",1,22,"single",5,7
364071855,"Iran, Islamic Republic of",1,51,"married",10,5
364071856,"Iran, Islamic Republic of",1,25,"married",9,7
364071857,"Iran, Islamic Republic of",1,19,"single",8,8
364071858,"Iran, Islamic Republic of",1,38,"married",4,4
364071860,"Iran, Islamic Republic of",1,42,"married",8,7
364071861,"Iran, Islamic Republic of",0,56,"married",7,3
364071862,"Iran, Islamic Republic of",0,66,"married",6,7
364071863,"Iran, Islamic Republic of",1,57,"widowed",8,6
364071865,"Iran, Islamic Republic of",1,19,"single",8,6
364071867,"Iran, Islamic Republic of",1,48,"married",6,1
364071868,"Iran, Islamic Republic of",0,47,"married",9,1
364071870,"Iran, Islamic Republic of",0,41,"married",8,9
364071871,"Iran, Islamic Republic of",1,38,"married",1,1
364071872,"Iran, Islamic Republic of",0,26,"separated",5,5
364071874,"Iran, Islamic Republic of",1,36,"married",5,8
364071876,"Iran, Islamic Republic of",1,41,"married",10,3
364071877,"Iran, Islamic Republic of",1,38,"married",1,1
364071878,"Iran, Islamic Republic of",0,36,"married",10,7
364071879,"Iran, Islamic Republic of",0,35,"married",8,5
364071880,"Iran, Islamic Republic of",1,41,"married",8,7
364071881,"Iran, Islamic Republic of",0,28,"single",8,10
364071882,"Iran, Islamic Republic of",1,30,"married",6,5
364071883,"Iran, Islamic Republic of",0,26,"married",8,1
364071886,"Iran, Islamic Republic of",1,26,"single",7,5
364071887,"Iran, Islamic Republic of",0,45,"married",9,5
364071890,"Iran, Islamic Republic of",0,72,NA,5,8
364071891,"Iran, Islamic Republic of",0,32,"single",7,8
364071892,"Iran, Islamic Republic of",1,31,"married",5,10
364071893,"Iran, Islamic Republic of",1,36,"married",8,9
364071894,"Iran, Islamic Republic of",0,27,"single",7,7
364071895,"Iran, Islamic Republic of",0,31,"married",10,10
364071896,"Iran, Islamic Republic of",1,31,"married",10,10
364071897,"Iran, Islamic Republic of",1,39,"married",3,6
364071899,"Iran, Islamic Republic of",1,29,"single",10,1
364071900,"Iran, Islamic Republic of",1,35,"single",8,8
364071901,"Iran, Islamic Republic of",1,40,"married",10,1
364071902,"Iran, Islamic Republic of",0,34,"married",8,10
364071903,"Iran, Islamic Republic of",0,51,"married",5,5
364071904,"Iran, Islamic Republic of",1,38,"single",8,10
364071905,"Iran, Islamic Republic of",1,49,"married",7,9
364071906,"Iran, Islamic Republic of",0,28,"married",8,7
364071908,"Iran, Islamic Republic of",0,48,"married",9,8
364071910,"Iran, Islamic Republic of",0,47,"married",8,10
364071911,"Iran, Islamic Republic of",1,44,"married",10,9
364071912,"Iran, Islamic Republic of",1,42,"married",8,5
364071913,"Iran, Islamic Republic of",0,43,"married",4,3
364071914,"Iran, Islamic Republic of",0,64,"married",7,5
364071915,"Iran, Islamic Republic of",1,25,"single",8,5
364071916,"Iran, Islamic Republic of",1,39,"married",8,9
364071919,"Iran, Islamic Republic of",0,69,"widowed",4,3
364071920,"Iran, Islamic Republic of",1,48,"married",5,1
364071921,"Iran, Islamic Republic of",1,33,"married",8,8
364071923,"Iran, Islamic Republic of",1,20,"single",8,5
364071924,"Iran, Islamic Republic of",0,55,"married",8,8
364071925,"Iran, Islamic Republic of",1,32,"married",2,5
364071926,"Iran, Islamic Republic of",0,41,"married",8,9
364071928,"Iran, Islamic Republic of",1,20,"married",NA,4
364071929,"Iran, Islamic Republic of",0,68,"married",5,1
364071930,"Iran, Islamic Republic of",1,41,"married",10,10
364071931,"Iran, Islamic Republic of",0,53,"married",10,9
364071932,"Iran, Islamic Republic of",1,50,"married",5,5
364071933,"Iran, Islamic Republic of",0,55,"married",7,8
364071935,"Iran, Islamic Republic of",0,39,"married",10,10
364071936,"Iran, Islamic Republic of",1,26,"married",6,6
364071938,"Iran, Islamic Republic of",1,37,"married",7,4
364071939,"Iran, Islamic Republic of",0,67,"married",10,10
364071940,"Iran, Islamic Republic of",0,65,"married",9,10
364071941,"Iran, Islamic Republic of",0,25,"single",10,7
364071942,"Iran, Islamic Republic of",0,71,"married",5,7
364071943,"Iran, Islamic Republic of",1,21,"single",5,7
364071947,"Iran, Islamic Republic of",0,33,"married",10,6
364071948,"Iran, Islamic Republic of",0,25,"single",8,5
364071950,"Iran, Islamic Republic of",1,23,"single",10,8
364071951,"Iran, Islamic Republic of",1,57,"married",10,10
364071952,"Iran, Islamic Republic of",1,52,"married",8,7
364071953,"Iran, Islamic Republic of",0,22,"single",6,1
364071955,"Iran, Islamic Republic of",0,54,"married",10,5
364071956,"Iran, Islamic Republic of",1,24,"single",5,10
364071957,"Iran, Islamic Republic of",0,31,"married",8,6
364071958,"Iran, Islamic Republic of",1,41,"married",8,9
364071959,"Iran, Islamic Republic of",0,33,"single",10,5
364071960,"Iran, Islamic Republic of",1,60,"married",1,1
364071961,"Iran, Islamic Republic of",0,70,"married",6,9
364071962,"Iran, Islamic Republic of",1,60,"married",5,5
364071964,"Iran, Islamic Republic of",0,49,"married",5,6
364071965,"Iran, Islamic Republic of",0,38,"married",5,5
364071966,"Iran, Islamic Republic of",0,48,"married",7,5
364071967,"Iran, Islamic Republic of",1,30,"single",7,5
364071968,"Iran, Islamic Republic of",0,20,"married",3,5
364071969,"Iran, Islamic Republic of",1,34,"married",10,10
364071970,"Iran, Islamic Republic of",0,42,"married",8,9
364071972,"Iran, Islamic Republic of",1,22,"single",5,4
364071973,"Iran, Islamic Republic of",1,59,"widowed",8,5
364071974,"Iran, Islamic Republic of",0,38,"married",6,7
364071975,"Iran, Islamic Republic of",0,37,"married",6,5
364071976,"Iran, Islamic Republic of",1,31,"single",4,8
364071977,"Iran, Islamic Republic of",0,34,"married",4,6
364071978,"Iran, Islamic Republic of",0,72,"married",10,6
364071980,"Iran, Islamic Republic of",0,18,"single",8,10
364071981,"Iran, Islamic Republic of",0,39,"married",10,10
364071983,"Iran, Islamic Republic of",0,55,"married",8,5
364071984,"Iran, Islamic Republic of",0,34,"married",10,10
364071985,"Iran, Islamic Republic of",0,42,"married",8,8
364071987,"Iran, Islamic Republic of",1,30,"married",2,5
364071988,"Iran, Islamic Republic of",0,66,"married",10,10
364071989,"Iran, Islamic Republic of",0,24,"married",5,7
364071990,"Iran, Islamic Republic of",0,38,"married",5,7
364071991,"Iran, Islamic Republic of",1,61,"married",1,6
364071993,"Iran, Islamic Republic of",1,40,"married",6,7
364071994,"Iran, Islamic Republic of",1,57,"married",7,7
364071995,"Iran, Islamic Republic of",0,46,"married",1,5
364071998,"Iran, Islamic Republic of",0,60,"married",10,8
364072000,"Iran, Islamic Republic of",0,45,"married",5,8
364072001,"Iran, Islamic Republic of",0,28,"single",6,3
364072002,"Iran, Islamic Republic of",0,67,"married",5,10
364072003,"Iran, Islamic Republic of",1,65,"married",10,10
364072005,"Iran, Islamic Republic of",0,68,"married",10,6
364072006,"Iran, Islamic Republic of",1,63,"widowed",10,6
364072007,"Iran, Islamic Republic of",0,48,"married",5,6
364072009,"Iran, Islamic Republic of",0,72,"married",10,10
364072010,"Iran, Islamic Republic of",1,45,"married",8,7
364072011,"Iran, Islamic Republic of",0,18,"single",10,5
364072012,"Iran, Islamic Republic of",1,47,"married",10,1
364072013,"Iran, Islamic Republic of",0,19,"single",9,8
364072014,"Iran, Islamic Republic of",1,65,"single",5,1
364072015,"Iran, Islamic Republic of",0,61,"married",5,5
364072016,"Iran, Islamic Republic of",0,72,"married",1,3
364072017,"Iran, Islamic Republic of",0,43,"married",7,8
364072018,"Iran, Islamic Republic of",0,83,"married",6,4
364072019,"Iran, Islamic Republic of",0,68,"married",8,10
364072020,"Iran, Islamic Republic of",0,23,"single",5,2
364072021,"Iran, Islamic Republic of",1,45,"divorced",7,5
364072022,"Iran, Islamic Republic of",0,42,"married",10,2
364072023,"Iran, Islamic Republic of",1,40,"married",1,3
364072026,"Iran, Islamic Republic of",0,19,"single",8,10
364072027,"Iran, Islamic Republic of",1,19,"single",7,8
364072030,"Iran, Islamic Republic of",0,25,"single",6,10
364072031,"Iran, Islamic Republic of",1,67,"married",5,5
364072032,"Iran, Islamic Republic of",0,43,"married",1,8
364072033,"Iran, Islamic Republic of",1,30,"married",6,3
364072034,"Iran, Islamic Republic of",1,33,"married",9,8
364072035,"Iran, Islamic Republic of",1,18,"single",7,10
364072036,"Iran, Islamic Republic of",0,57,"married",7,10
364072037,"Iran, Islamic Republic of",1,61,"married",5,1
364072039,"Iran, Islamic Republic of",1,25,"single",10,5
364072040,"Iran, Islamic Republic of",1,40,"single",5,8
364072041,"Iran, Islamic Republic of",0,24,"married",7,8
364072042,"Iran, Islamic Republic of",0,63,"married",9,10
364072044,"Iran, Islamic Republic of",0,35,"married",8,1
364072045,"Iran, Islamic Republic of",0,47,"married",10,5
364072046,"Iran, Islamic Republic of",1,27,"married",9,6
364072047,"Iran, Islamic Republic of",0,21,"single",6,2
364072048,"Iran, Islamic Republic of",1,42,"married",8,5
364072049,"Iran, Islamic Republic of",0,37,"married",10,5
364072050,"Iran, Islamic Republic of",0,66,"married",8,5
364072051,"Iran, Islamic Republic of",1,20,"single",10,9
364072052,"Iran, Islamic Republic of",0,29,"single",NA,9
364072054,"Iran, Islamic Republic of",0,40,"married",9,5
364072055,"Iran, Islamic Republic of",0,72,"single",10,5
364072056,"Iran, Islamic Republic of",1,41,"married",8,10
364072057,"Iran, Islamic Republic of",1,41,"married",10,2
364072058,"Iran, Islamic Republic of",0,39,"married",5,5
364072059,"Iran, Islamic Republic of",0,28,"single",7,10
364072061,"Iran, Islamic Republic of",0,28,"married",10,10
364072064,"Iran, Islamic Republic of",1,38,"married",5,1
364072066,"Iran, Islamic Republic of",0,42,"married",7,8
364072068,"Iran, Islamic Republic of",0,60,"married",10,6
364072069,"Iran, Islamic Republic of",0,48,"married",5,5
364072070,"Iran, Islamic Republic of",1,35,"single",5,6
364072071,"Iran, Islamic Republic of",1,59,"married",10,10
364072072,"Iran, Islamic Republic of",1,25,"single",8,6
364072073,"Iran, Islamic Republic of",0,99,"single",10,5
364072074,"Iran, Islamic Republic of",1,70,"divorced",10,10
364072075,"Iran, Islamic Republic of",0,33,"single",10,1
364072076,"Iran, Islamic Republic of",0,41,"married",5,4
364072077,"Iran, Islamic Republic of",1,36,"married",2,8
364072078,"Iran, Islamic Republic of",0,40,"married",5,10
364072079,"Iran, Islamic Republic of",1,64,"married",8,8
364072080,"Iran, Islamic Republic of",1,44,"single",6,5
364072081,"Iran, Islamic Republic of",0,37,"married",6,7
364072082,"Iran, Islamic Republic of",1,30,"single",10,7
364072083,"Iran, Islamic Republic of",1,50,"married",4,5
364072084,"Iran, Islamic Republic of",0,36,"married",8,9
364072085,"Iran, Islamic Republic of",1,20,"single",7,2
364072087,"Iran, Islamic Republic of",0,67,"married",8,5
364072088,"Iran, Islamic Republic of",1,32,"married",7,5
364072089,"Iran, Islamic Republic of",0,39,"married",5,8
364072090,"Iran, Islamic Republic of",1,46,"widowed",8,8
364072091,"Iran, Islamic Republic of",0,44,"married",10,8
364072092,"Iran, Islamic Republic of",0,18,"single",6,6
364072093,"Iran, Islamic Republic of",0,61,"married",7,8
364072094,"Iran, Islamic Republic of",1,32,"married",9,8
364072095,"Iran, Islamic Republic of",0,61,"married",10,8
364072096,"Iran, Islamic Republic of",0,21,"single",10,9
364072097,"Iran, Islamic Republic of",0,57,"married",7,6
364072099,"Iran, Islamic Republic of",1,31,"single",10,7
364072100,"Iran, Islamic Republic of",1,48,"married",5,4
364072101,"Iran, Islamic Republic of",1,33,"married",8,9
364072102,"Iran, Islamic Republic of",0,28,"married",1,6
364072103,"Iran, Islamic Republic of",1,20,"single",8,8
364072104,"Iran, Islamic Republic of",0,31,"single",8,9
364072105,"Iran, Islamic Republic of",0,30,"single",10,5
364072106,"Iran, Islamic Republic of",0,19,"single",8,6
364072107,"Iran, Islamic Republic of",0,37,"married",10,4
364072110,"Iran, Islamic Republic of",0,50,"married",5,6
364072112,"Iran, Islamic Republic of",0,59,"married",10,10
364072114,"Iran, Islamic Republic of",0,23,"single",5,10
364072116,"Iran, Islamic Republic of",1,55,"married",7,8
364072117,"Iran, Islamic Republic of",1,19,"single",8,6
364072118,"Iran, Islamic Republic of",0,45,"married",2,2
364072119,"Iran, Islamic Republic of",1,38,"married",5,4
364072120,"Iran, Islamic Republic of",1,52,"married",6,6
364072121,"Iran, Islamic Republic of",0,28,"married",6,8
364072123,"Iran, Islamic Republic of",0,38,"married",8,10
364072124,"Iran, Islamic Republic of",0,41,"married",7,1
364072125,"Iran, Islamic Republic of",1,44,"single",1,1
364072128,"Iran, Islamic Republic of",0,48,"married",6,5
364072129,"Iran, Islamic Republic of",1,33,"married",7,10
364072130,"Iran, Islamic Republic of",0,19,"single",9,10
364072131,"Iran, Islamic Republic of",0,36,"married",6,5
364072132,"Iran, Islamic Republic of",0,42,"married",6,5
364072135,"Iran, Islamic Republic of",1,26,"married",5,5
364072136,"Iran, Islamic Republic of",1,30,"single",8,10
364072137,"Iran, Islamic Republic of",1,33,"married",10,6
364072138,"Iran, Islamic Republic of",0,26,"separated",4,1
364072140,"Iran, Islamic Republic of",1,38,"divorced",7,6
364072141,"Iran, Islamic Republic of",1,31,"married",7,4
364072142,"Iran, Islamic Republic of",1,28,"married",8,7
364072143,"Iran, Islamic Republic of",0,41,"married",7,9
364072144,"Iran, Islamic Republic of",0,19,"single",7,7
364072146,"Iran, Islamic Republic of",0,25,"single",10,4
364072147,"Iran, Islamic Republic of",0,26,"single",3,8
364072148,"Iran, Islamic Republic of",0,43,"married",6,5
364072149,"Iran, Islamic Republic of",0,49,"married",6,9
364072150,"Iran, Islamic Republic of",1,57,"married",5,4
364072151,"Iran, Islamic Republic of",1,25,"married",1,6
364072152,"Iran, Islamic Republic of",1,36,"married",8,8
364072153,"Iran, Islamic Republic of",0,24,"single",5,4
364072154,"Iran, Islamic Republic of",1,40,"married",5,8
364072155,"Iran, Islamic Republic of",0,24,"single",6,4
364072156,"Iran, Islamic Republic of",1,20,"single",8,10
364072157,"Iran, Islamic Republic of",0,68,"married",10,8
364072158,"Iran, Islamic Republic of",1,38,"single",6,6
364072159,"Iran, Islamic Republic of",1,29,"single",7,6
364072160,"Iran, Islamic Republic of",0,57,"married",5,3
364072161,"Iran, Islamic Republic of",1,18,"married",8,8
364072162,"Iran, Islamic Republic of",0,38,"married",5,5
364072163,"Iran, Islamic Republic of",0,53,"married",10,5
364072165,"Iran, Islamic Republic of",0,18,"single",5,3
364072166,"Iran, Islamic Republic of",0,19,"single",7,7
364072169,"Iran, Islamic Republic of",1,43,"married",8,7
364072171,"Iran, Islamic Republic of",0,49,"married",10,6
364072172,"Iran, Islamic Republic of",0,21,"single",9,8
364072173,"Iran, Islamic Republic of",1,41,"married",9,10
364072174,"Iran, Islamic Republic of",0,47,"married",5,4
364072175,"Iran, Islamic Republic of",1,26,"single",5,3
364072176,"Iran, Islamic Republic of",0,25,"single",8,8
364072177,"Iran, Islamic Republic of",1,26,"single",1,1
364072178,"Iran, Islamic Republic of",1,18,"married",3,5
364072179,"Iran, Islamic Republic of",1,45,"married",7,5
364072180,"Iran, Islamic Republic of",1,22,"single",5,5
364072181,"Iran, Islamic Republic of",1,43,"widowed",10,6
364072182,"Iran, Islamic Republic of",1,36,"married",3,5
364072183,"Iran, Islamic Republic of",1,22,"single",8,6
364072184,"Iran, Islamic Republic of",1,37,"single",5,7
364072185,"Iran, Islamic Republic of",0,57,"married",5,4
364072187,"Iran, Islamic Republic of",1,48,"married",8,10
364072188,"Iran, Islamic Republic of",0,43,"married",NA,3
364072189,"Iran, Islamic Republic of",1,41,"married",8,9
364072190,"Iran, Islamic Republic of",1,41,"married",8,8
364072191,"Iran, Islamic Republic of",0,90,"widowed",7,8
364072192,"Iran, Islamic Republic of",0,23,"single",10,1
364072194,"Iran, Islamic Republic of",0,18,"single",10,8
364072195,"Iran, Islamic Republic of",0,19,"single",7,8
364072196,"Iran, Islamic Republic of",0,32,"married",8,4
364072198,"Iran, Islamic Republic of",1,43,"divorced",5,8
364072199,"Iran, Islamic Republic of",1,45,"married",10,5
364072202,"Iran, Islamic Republic of",0,19,"single",7,6
364072203,"Iran, Islamic Republic of",1,43,"married",1,2
364072204,"Iran, Islamic Republic of",0,29,"single",8,10
364072205,"Iran, Islamic Republic of",1,38,"single",10,6
364072206,"Iran, Islamic Republic of",1,62,"widowed",10,5
364072207,"Iran, Islamic Republic of",0,30,"single",9,1
364072208,"Iran, Islamic Republic of",0,34,"single",8,10
364072209,"Iran, Islamic Republic of",0,34,"separated",7,8
364072210,"Iran, Islamic Republic of",1,63,"married",10,10
364072211,"Iran, Islamic Republic of",1,48,"married",5,6
364072212,"Iran, Islamic Republic of",1,19,"single",8,5
364072214,"Iran, Islamic Republic of",0,41,"married",7,5
364072215,"Iran, Islamic Republic of",1,45,"married",8,6
364072216,"Iran, Islamic Republic of",0,51,"married",5,7
364072217,"Iran, Islamic Republic of",1,35,"divorced",8,8
364072219,"Iran, Islamic Republic of",1,24,"single",8,5
364072221,"Iran, Islamic Republic of",0,39,"married",5,5
364072222,"Iran, Islamic Republic of",1,27,"single",8,10
364072223,"Iran, Islamic Republic of",0,19,"single",6,5
364072224,"Iran, Islamic Republic of",0,49,"married",10,6
364072225,"Iran, Islamic Republic of",1,42,"married",8,7
364072227,"Iran, Islamic Republic of",0,64,"married",10,7
364072228,"Iran, Islamic Republic of",0,34,"married",1,1
364072230,"Iran, Islamic Republic of",1,46,"widowed",7,7
364072232,"Iran, Islamic Republic of",1,20,"married",4,6
364072233,"Iran, Islamic Republic of",0,43,"married",10,9
364072235,"Iran, Islamic Republic of",0,45,"married",4,4
364072238,"Iran, Islamic Republic of",0,31,"single",1,5
364072239,"Iran, Islamic Republic of",1,36,"married",6,1
364072241,"Iran, Islamic Republic of",1,42,"married",5,7
364072243,"Iran, Islamic Republic of",0,44,"married",6,4
364072245,"Iran, Islamic Republic of",0,79,"married",10,8
364072246,"Iran, Islamic Republic of",0,57,"married",8,8
364072248,"Iran, Islamic Republic of",1,42,"married",6,8
364072249,"Iran, Islamic Republic of",1,39,"married",5,8
364072250,"Iran, Islamic Republic of",0,50,"married",5,1
364072252,"Iran, Islamic Republic of",1,54,"married",8,8
364072253,"Iran, Islamic Republic of",0,50,"married",5,7
364072254,"Iran, Islamic Republic of",0,29,"single",9,8
364072256,"Iran, Islamic Republic of",1,47,"married",10,10
364072257,"Iran, Islamic Republic of",0,38,"married",10,10
364072258,"Iran, Islamic Republic of",0,61,"married",6,7
364072259,"Iran, Islamic Republic of",0,40,"married",1,5
364072260,"Iran, Islamic Republic of",0,38,"single",5,8
364072261,"Iran, Islamic Republic of",1,36,"married",9,9
364072262,"Iran, Islamic Republic of",0,42,"married",5,7
364072263,"Iran, Islamic Republic of",1,41,"married",4,5
364072265,"Iran, Islamic Republic of",0,44,"single",7,6
364072266,"Iran, Islamic Republic of",1,33,"married",5,8
364072267,"Iran, Islamic Republic of",0,34,"single",5,1
364072268,"Iran, Islamic Republic of",1,50,"divorced",10,5
364072269,"Iran, Islamic Republic of",0,33,"married",8,6
364072271,"Iran, Islamic Republic of",1,21,"single",7,7
364072272,"Iran, Islamic Republic of",0,43,"single",10,7
364072273,"Iran, Islamic Republic of",1,43,"widowed",10,6
364072274,"Iran, Islamic Republic of",0,41,"married",10,5
364072275,"Iran, Islamic Republic of",1,41,"married",10,1
364072276,"Iran, Islamic Republic of",1,43,"married",10,6
364072277,"Iran, Islamic Republic of",1,42,"married",5,6
364072278,"Iran, Islamic Republic of",0,23,"single",10,8
364072279,"Iran, Islamic Republic of",0,50,"divorced",5,1
364072280,"Iran, Islamic Republic of",0,20,"single",8,8
364072281,"Iran, Islamic Republic of",1,38,"single",2,7
364072282,"Iran, Islamic Republic of",0,62,"married",5,5
364072283,"Iran, Islamic Republic of",1,40,"married",8,5
364072284,"Iran, Islamic Republic of",1,32,"married",8,5
364072285,"Iran, Islamic Republic of",1,55,"married",10,6
364072286,"Iran, Islamic Republic of",0,43,"married",5,9
364072287,"Iran, Islamic Republic of",1,26,"single",10,8
364072288,"Iran, Islamic Republic of",0,45,"married",5,7
364072289,"Iran, Islamic Republic of",1,18,"single",8,9
364072290,"Iran, Islamic Republic of",0,22,"single",7,8
364072291,"Iran, Islamic Republic of",1,40,"married",8,7
364072293,"Iran, Islamic Republic of",0,18,"single",3,7
364072295,"Iran, Islamic Republic of",0,42,"married",9,6
364072296,"Iran, Islamic Republic of",1,46,"married",5,8
364072297,"Iran, Islamic Republic of",1,21,"single",8,9
364072300,"Iran, Islamic Republic of",0,32,"married",10,3
364072301,"Iran, Islamic Republic of",0,21,"single",10,3
364072302,"Iran, Islamic Republic of",0,59,"married",10,5
364072303,"Iran, Islamic Republic of",1,23,"single",8,6
364072304,"Iran, Islamic Republic of",0,18,"single",7,8
364072305,"Iran, Islamic Republic of",0,38,"married",6,7
364072306,"Iran, Islamic Republic of",0,52,"married",6,7
364072307,"Iran, Islamic Republic of",0,40,"married",6,1
364072308,"Iran, Islamic Republic of",0,80,"married",8,10
364072309,"Iran, Islamic Republic of",1,40,"married",8,3
364072310,"Iran, Islamic Republic of",0,35,"married",8,8
364072311,"Iran, Islamic Republic of",1,41,"married",9,6
364072312,"Iran, Islamic Republic of",0,50,"divorced",10,8
364072313,"Iran, Islamic Republic of",1,22,"married",7,1
364072315,"Iran, Islamic Republic of",0,28,"single",9,6
364072316,"Iran, Islamic Republic of",1,50,"married",10,10
364072317,"Iran, Islamic Republic of",1,56,"married",10,8
364072318,"Iran, Islamic Republic of",1,25,"single",5,8
364072319,"Iran, Islamic Republic of",0,36,"married",5,3
364072321,"Iran, Islamic Republic of",0,24,"single",8,8
364072323,"Iran, Islamic Republic of",0,41,"married",5,8
364072324,"Iran, Islamic Republic of",1,45,"married",1,6
364072325,"Iran, Islamic Republic of",0,51,"married",5,6
364072326,"Iran, Islamic Republic of",0,35,"single",5,5
364072327,"Iran, Islamic Republic of",1,29,"single",10,6
364072328,"Iran, Islamic Republic of",1,28,"single",7,8
364072329,"Iran, Islamic Republic of",0,43,"married",9,7
364072330,"Iran, Islamic Republic of",0,27,"single",8,6
364072331,"Iran, Islamic Republic of",0,56,"married",5,NA
364072333,"Iran, Islamic Republic of",1,54,"married",NA,8
364072334,"Iran, Islamic Republic of",1,39,"married",10,8
364072335,"Iran, Islamic Republic of",1,36,"married",1,1
364072336,"Iran, Islamic Republic of",1,18,"single",5,10
364072337,"Iran, Islamic Republic of",0,40,"married",7,10
364072338,"Iran, Islamic Republic of",1,46,"married",7,6
364072339,"Iran, Islamic Republic of",1,50,"married",6,5
364072340,"Iran, Islamic Republic of",1,37,"married",8,1
364072341,"Iran, Islamic Republic of",1,38,"widowed",8,4
364072342,"Iran, Islamic Republic of",1,27,"married",8,10
364072343,"Iran, Islamic Republic of",1,36,"married",10,10
364072345,"Iran, Islamic Republic of",1,66,"divorced",8,10
364072347,"Iran, Islamic Republic of",0,20,"single",6,9
364072348,"Iran, Islamic Republic of",0,85,"married",4,10
364072349,"Iran, Islamic Republic of",1,55,"married",5,5
364072350,"Iran, Islamic Republic of",1,18,"single",7,10
364072351,"Iran, Islamic Republic of",1,26,"married",8,5
364072352,"Iran, Islamic Republic of",1,38,"married",7,5
364072353,"Iran, Islamic Republic of",1,50,"widowed",5,5
364072355,"Iran, Islamic Republic of",0,56,"married",5,5
364072356,"Iran, Islamic Republic of",1,19,"single",5,9
364072358,"Iran, Islamic Republic of",1,33,"married",10,6
364072359,"Iran, Islamic Republic of",0,36,"married",8,10
364072364,"Iran, Islamic Republic of",0,41,"married",10,7
364072365,"Iran, Islamic Republic of",1,33,"married",8,10
364072366,"Iran, Islamic Republic of",0,56,"married",7,5
364072367,"Iran, Islamic Republic of",1,29,"married",7,9
364072368,"Iran, Islamic Republic of",0,44,"married",9,10
364072370,"Iran, Islamic Republic of",0,19,"single",8,8
364072371,"Iran, Islamic Republic of",1,44,"married",5,3
364072372,"Iran, Islamic Republic of",0,43,"married",6,10
364072373,"Iran, Islamic Republic of",1,39,"married",3,3
364072375,"Iran, Islamic Republic of",0,54,"married",7,2
364072376,"Iran, Islamic Republic of",0,41,"married",1,1
364072377,"Iran, Islamic Republic of",1,39,"married",10,10
364072378,"Iran, Islamic Republic of",1,45,"single",6,9
364072379,"Iran, Islamic Republic of",0,49,"married",8,5
364072380,"Iran, Islamic Republic of",0,49,"married",8,9
364072381,"Iran, Islamic Republic of",1,30,"single",10,8
364072382,"Iran, Islamic Republic of",1,47,"married",9,10
364072383,"Iran, Islamic Republic of",0,56,"married",5,1
364072384,"Iran, Islamic Republic of",0,37,"married",5,1
364072385,"Iran, Islamic Republic of",0,29,"single",10,6
364072386,"Iran, Islamic Republic of",1,44,"married",8,8
364072387,"Iran, Islamic Republic of",0,50,"married",6,7
364072388,"Iran, Islamic Republic of",0,36,"single",7,5
364072390,"Iran, Islamic Republic of",1,35,"married",8,1
364072391,"Iran, Islamic Republic of",1,20,"single",8,7
364072392,"Iran, Islamic Republic of",0,40,"married",7,5
364072394,"Iran, Islamic Republic of",1,69,"widowed",10,5
364072395,"Iran, Islamic Republic of",1,32,"married",9,4
364072397,"Iran, Islamic Republic of",1,18,"single",7,5
364072398,"Iran, Islamic Republic of",0,40,"married",5,5
364072399,"Iran, Islamic Republic of",0,37,"married",9,8
364072400,"Iran, Islamic Republic of",1,63,"widowed",5,5
364072401,"Iran, Islamic Republic of",0,34,"single",5,5
364072402,"Iran, Islamic Republic of",0,42,"married",4,5
364072404,"Iran, Islamic Republic of",0,25,"single",5,8
364072405,"Iran, Islamic Republic of",1,22,"married",10,6
364072406,"Iran, Islamic Republic of",0,25,"single",5,3
364072407,"Iran, Islamic Republic of",0,18,"single",5,10
364072408,"Iran, Islamic Republic of",0,60,"married",1,10
364072409,"Iran, Islamic Republic of",1,18,"married",1,6
364072410,"Iran, Islamic Republic of",0,37,"married",6,10
364072411,"Iran, Islamic Republic of",0,38,"married",7,7
364072413,"Iran, Islamic Republic of",1,36,"single",1,10
364072414,"Iran, Islamic Republic of",0,47,"married",9,10
364072415,"Iran, Islamic Republic of",0,55,"married",6,6
364072416,"Iran, Islamic Republic of",1,47,"married",8,2
364072417,"Iran, Islamic Republic of",1,28,"married",1,9
364072419,"Iran, Islamic Republic of",1,23,"single",6,1
364072421,"Iran, Islamic Republic of",0,62,"married",3,2
364072422,"Iran, Islamic Republic of",1,34,"single",10,10
364072423,"Iran, Islamic Republic of",1,36,"married",8,5
364072424,"Iran, Islamic Republic of",0,48,"married",10,10
364072425,"Iran, Islamic Republic of",0,65,"married",5,1
364072426,"Iran, Islamic Republic of",1,49,"married",7,8
364072427,"Iran, Islamic Republic of",1,34,"married",5,1
364072429,"Iran, Islamic Republic of",1,40,"married",8,8
364072430,"Iran, Islamic Republic of",0,60,"divorced",1,1
364072431,"Iran, Islamic Republic of",1,41,"divorced",5,7
364072432,"Iran, Islamic Republic of",1,26,"single",10,7
364072433,"Iran, Islamic Republic of",1,20,"single",7,10
364072434,"Iran, Islamic Republic of",0,50,"widowed",4,5
364072436,"Iran, Islamic Republic of",0,41,"married",7,5
364072438,"Iran, Islamic Republic of",0,37,"married",10,8
364072440,"Iran, Islamic Republic of",0,72,"married",7,7
364072441,"Iran, Islamic Republic of",1,29,"married",5,10
364072442,"Iran, Islamic Republic of",0,18,"single",10,10
364072443,"Iran, Islamic Republic of",0,44,"married",5,7
364072444,"Iran, Islamic Republic of",0,39,"married",9,2
364072445,"Iran, Islamic Republic of",0,44,"married",8,2
364072446,"Iran, Islamic Republic of",0,18,"single",7,7
364072447,"Iran, Islamic Republic of",0,27,"single",5,9
364072448,"Iran, Islamic Republic of",0,55,"married",10,8
364072449,"Iran, Islamic Republic of",1,40,"married",5,1
364072450,"Iran, Islamic Republic of",0,32,"separated",1,1
364072451,"Iran, Islamic Republic of",0,44,"married",3,1
364072452,"Iran, Islamic Republic of",1,20,"single",8,8
364072453,"Iran, Islamic Republic of",0,18,"single",5,7
364072454,"Iran, Islamic Republic of",1,25,"married",10,6
364072456,"Iran, Islamic Republic of",0,29,"married",10,10
364072457,"Iran, Islamic Republic of",1,50,"married",9,9
364072458,"Iran, Islamic Republic of",1,38,"single",5,5
364072459,"Iran, Islamic Republic of",0,30,"married",8,8
364072460,"Iran, Islamic Republic of",0,56,"married",5,6
364072461,"Iran, Islamic Republic of",0,39,"married",8,7
364072462,"Iran, Islamic Republic of",0,37,"married",7,10
364072464,"Iran, Islamic Republic of",0,31,"married",1,5
364072465,"Iran, Islamic Republic of",1,49,"single",7,8
364072467,"Iran, Islamic Republic of",1,64,"married",5,8
364072468,"Iran, Islamic Republic of",0,19,"single",8,7
364072469,"Iran, Islamic Republic of",0,34,"single",8,7
364072471,"Iran, Islamic Republic of",1,33,"married",8,10
364072473,"Iran, Islamic Republic of",0,25,"single",9,10
364072475,"Iran, Islamic Republic of",1,48,"married",6,8
364072476,"Iran, Islamic Republic of",1,36,"married",8,5
364072477,"Iran, Islamic Republic of",1,43,"single",8,5
364072479,"Iran, Islamic Republic of",0,35,"single",6,8
364072480,"Iran, Islamic Republic of",0,51,"married",10,10
364072482,"Iran, Islamic Republic of",1,18,"single",6,6
364072483,"Iran, Islamic Republic of",0,58,"married",10,10
364072484,"Iran, Islamic Republic of",0,37,"single",1,1
364072485,"Iran, Islamic Republic of",0,47,"married",5,1
364072486,"Iran, Islamic Republic of",1,35,"married",5,1
364072487,"Iran, Islamic Republic of",0,51,"married",7,8
364072488,"Iran, Islamic Republic of",0,41,"married",1,1
364072489,"Iran, Islamic Republic of",0,50,"married",7,5
364072490,"Iran, Islamic Republic of",1,36,"single",9,7
364072491,"Iran, Islamic Republic of",1,39,"married",10,8
364072492,"Iran, Islamic Republic of",1,25,"married",10,6
364072493,"Iran, Islamic Republic of",0,40,"married",8,8
364072494,"Iran, Islamic Republic of",1,22,"married",1,5
364072495,"Iran, Islamic Republic of",1,19,"single",8,10
364072497,"Iran, Islamic Republic of",1,45,"married",5,4
364072498,"Iran, Islamic Republic of",1,58,"married",7,1
364072499,"Iran, Islamic Republic of",1,19,"single",5,3
364072500,"Iran, Islamic Republic of",0,31,"single",3,5
364072501,"Iran, Islamic Republic of",1,36,"single",5,7
364072502,"Iran, Islamic Republic of",0,56,"married",10,1
364072503,"Iran, Islamic Republic of",0,39,"married",5,8
364072504,"Iran, Islamic Republic of",1,24,"married",5,8
364072506,"Iran, Islamic Republic of",0,60,"married",5,6
364072508,"Iran, Islamic Republic of",1,23,"single",7,8
364072509,"Iran, Islamic Republic of",1,52,"married",5,6
364072510,"Iran, Islamic Republic of",0,40,"married",4,5
364072511,"Iran, Islamic Republic of",1,21,"single",8,6
364072512,"Iran, Islamic Republic of",1,40,"married",10,7
364072513,"Iran, Islamic Republic of",1,33,"married",5,6
364072514,"Iran, Islamic Republic of",0,30,"married",10,4
364072515,"Iran, Islamic Republic of",1,19,"single",5,6
364072516,"Iran, Islamic Republic of",0,45,"married",10,8
364072517,"Iran, Islamic Republic of",0,54,"married",10,6
364072518,"Iran, Islamic Republic of",0,35,"single",6,1
364072520,"Iran, Islamic Republic of",0,40,"married",5,1
364072523,"Iran, Islamic Republic of",0,40,"married",6,4
364072524,"Iran, Islamic Republic of",1,26,"married",10,10
364072525,"Iran, Islamic Republic of",1,39,"widowed",8,5
364072526,"Iran, Islamic Republic of",1,24,"single",8,9
364072528,"Iran, Islamic Republic of",1,29,"single",7,4
364072529,"Iran, Islamic Republic of",0,41,"married",8,10
364072531,"Iran, Islamic Republic of",1,76,"widowed",2,2
364072532,"Iran, Islamic Republic of",0,46,"married",10,5
364072533,"Iran, Islamic Republic of",0,21,"single",8,8
364072534,"Iran, Islamic Republic of",0,59,"married",8,4
364072535,"Iran, Islamic Republic of",0,47,"married",8,7
364072536,"Iran, Islamic Republic of",0,18,"single",3,5
364072537,"Iran, Islamic Republic of",0,49,"married",6,1
364072539,"Iran, Islamic Republic of",0,35,"married",7,5
364072540,"Iran, Islamic Republic of",1,38,"married",4,4
364072541,"Iran, Islamic Republic of",1,39,"married",5,3
364072542,"Iran, Islamic Republic of",0,40,"married",10,8
364072544,"Iran, Islamic Republic of",1,44,"married",5,7
364072547,"Iran, Islamic Republic of",1,41,"married",10,9
364072548,"Iran, Islamic Republic of",0,48,NA,7,5
364072549,"Iran, Islamic Republic of",1,18,"single",5,5
364072550,"Iran, Islamic Republic of",1,49,"married",10,5
364072551,"Iran, Islamic Republic of",1,30,"married",6,10
364072552,"Iran, Islamic Republic of",0,55,"married",7,6
364072553,"Iran, Islamic Republic of",0,35,"single",5,6
364072554,"Iran, Islamic Republic of",1,39,"married",7,7
364072555,"Iran, Islamic Republic of",0,26,"single",10,8
364072556,"Iran, Islamic Republic of",0,32,"single",4,1
364072557,"Iran, Islamic Republic of",1,32,"married",10,8
364072558,"Iran, Islamic Republic of",1,41,"married",7,9
364072559,"Iran, Islamic Republic of",0,20,"single",10,10
364072560,"Iran, Islamic Republic of",0,38,"married",9,7
364072561,"Iran, Islamic Republic of",1,57,"divorced",10,10
364072562,"Iran, Islamic Republic of",0,21,"living together as married",10,3
364072564,"Iran, Islamic Republic of",1,42,"married",10,7
364072565,"Iran, Islamic Republic of",1,18,"single",4,8
364072566,"Iran, Islamic Republic of",1,28,"single",7,5
364072567,"Iran, Islamic Republic of",0,82,"married",5,5
364072570,"Iran, Islamic Republic of",1,21,"single",7,7
364072571,"Iran, Islamic Republic of",0,60,"married",5,1
364072573,"Iran, Islamic Republic of",0,55,"married",10,10
364072574,"Iran, Islamic Republic of",0,26,"single",5,5
364072575,"Iran, Islamic Republic of",1,21,"single",8,10
364072576,"Iran, Islamic Republic of",1,34,"married",10,4
364072577,"Iran, Islamic Republic of",1,27,"married",6,4
364072578,"Iran, Islamic Republic of",1,63,"married",5,3
364072579,"Iran, Islamic Republic of",0,73,"married",8,10
364072580,"Iran, Islamic Republic of",1,60,"married",10,5
364072581,"Iran, Islamic Republic of",1,28,"married",10,10
364072582,"Iran, Islamic Republic of",1,21,"single",6,1
364072583,"Iran, Islamic Republic of",1,38,"married",10,6
364072585,"Iran, Islamic Republic of",0,52,"married",10,10
364072586,"Iran, Islamic Republic of",0,54,"married",1,1
364072587,"Iran, Islamic Republic of",1,45,"married",8,8
364072588,"Iran, Islamic Republic of",1,26,"married",8,9
364072589,"Iran, Islamic Republic of",0,51,"married",8,6
364072590,"Iran, Islamic Republic of",1,62,"widowed",5,5
364072591,"Iran, Islamic Republic of",1,19,"single",9,9
364072592,"Iran, Islamic Republic of",1,36,"married",7,4
364072593,"Iran, Islamic Republic of",0,27,"single",8,10
364072594,"Iran, Islamic Republic of",0,19,"married",5,9
364072595,"Iran, Islamic Republic of",0,99,"married",7,6
364072596,"Iran, Islamic Republic of",1,20,"single",5,10
364072599,"Iran, Islamic Republic of",1,38,"married",5,5
364072601,"Iran, Islamic Republic of",1,69,"married",1,8
364072602,"Iran, Islamic Republic of",1,27,"single",10,8
364072604,"Iran, Islamic Republic of",0,18,"single",7,8
364072605,"Iran, Islamic Republic of",0,38,"separated",4,8
364072606,"Iran, Islamic Republic of",0,48,"married",8,7
364072607,"Iran, Islamic Republic of",1,41,"married",5,6
364072608,"Iran, Islamic Republic of",1,34,"married",5,5
364072611,"Iran, Islamic Republic of",1,43,"married",6,5
364072612,"Iran, Islamic Republic of",0,49,"married",5,5
364072613,"Iran, Islamic Republic of",0,21,"single",3,8
364072614,"Iran, Islamic Republic of",0,41,"married",8,9
364072616,"Iran, Islamic Republic of",1,19,"single",1,5
364072617,"Iran, Islamic Republic of",1,54,"married",8,10
364072621,"Iran, Islamic Republic of",1,49,"separated",7,1
364072622,"Iran, Islamic Republic of",0,38,"married",10,6
364072623,"Iran, Islamic Republic of",1,27,"married",8,2
364072624,"Iran, Islamic Republic of",0,32,"married",7,7
364072625,"Iran, Islamic Republic of",0,20,"single",9,8
364072626,"Iran, Islamic Republic of",1,24,"married",5,8
364072627,"Iran, Islamic Republic of",0,20,"single",5,10
364072629,"Iran, Islamic Republic of",0,18,"single",5,8
364072630,"Iran, Islamic Republic of",0,19,"single",9,10
364072631,"Iran, Islamic Republic of",0,24,"single",10,4
364072632,"Iran, Islamic Republic of",1,32,"married",10,6
364072633,"Iran, Islamic Republic of",0,46,"married",5,4
364072634,"Iran, Islamic Republic of",0,32,"single",2,3
364072635,"Iran, Islamic Republic of",1,18,"single",7,10
364072636,"Iran, Islamic Republic of",1,21,"single",8,8
364072637,"Iran, Islamic Republic of",0,65,"married",8,10
364072638,"Iran, Islamic Republic of",1,19,"single",8,5
364072639,"Iran, Islamic Republic of",0,28,"single",1,1
364072640,"Iran, Islamic Republic of",0,18,"single",7,8
364072641,"Iran, Islamic Republic of",1,32,"single",10,3
364072642,"Iran, Islamic Republic of",0,36,"single",4,1
364072643,"Iran, Islamic Republic of",0,48,"married",10,8
364072645,"Iran, Islamic Republic of",0,42,"married",5,6
364072647,"Iran, Islamic Republic of",1,41,"married",8,4
364072648,"Iran, Islamic Republic of",0,47,"married",10,4
364072649,"Iran, Islamic Republic of",1,36,"married",5,7
364072650,"Iran, Islamic Republic of",1,39,"married",8,8
364072651,"Iran, Islamic Republic of",0,64,"married",5,7
364072652,"Iran, Islamic Republic of",0,66,"married",5,5
364072653,"Iran, Islamic Republic of",1,38,"married",5,6
364072654,"Iran, Islamic Republic of",0,99,"married",10,8
364072656,"Iran, Islamic Republic of",1,38,"single",9,8
364072657,"Iran, Islamic Republic of",0,62,"married",5,5
364072658,"Iran, Islamic Republic of",0,39,"married",7,8
364072659,"Iran, Islamic Republic of",0,52,"married",7,5
364072660,"Iran, Islamic Republic of",1,18,"single",5,5
364072661,"Iran, Islamic Republic of",1,31,"married",8,10
364072662,"Iran, Islamic Republic of",0,40,"married",2,5
364072666,"Iran, Islamic Republic of",0,21,"single",3,10
364072667,"Iran, Islamic Republic of",0,35,"single",5,1
364072668,"Iran, Islamic Republic of",1,35,"married",10,10
364072670,"Iran, Islamic Republic of",1,29,"married",5,8
364072672,"Iran, Islamic Republic of",0,99,"single",5,10
364072673,"Iran, Islamic Republic of",1,34,"married",5,6
364072674,"Iran, Islamic Republic of",0,58,"married",9,8
364072676,"Iran, Islamic Republic of",1,45,"married",3,7
364072677,"Iran, Islamic Republic of",0,60,"married",3,1
364072679,"Iran, Islamic Republic of",0,42,"married",10,5
364072680,"Iran, Islamic Republic of",0,42,"married",7,8
364072681,"Iran, Islamic Republic of",1,19,"single",8,6
364072683,"Iran, Islamic Republic of",0,58,"married",7,4
364072684,"Iran, Islamic Republic of",0,33,"married",5,7
364072685,"Iran, Islamic Republic of",1,35,"married",7,8
364072686,"Iran, Islamic Republic of",0,27,"married",9,7
364072687,"Iran, Islamic Republic of",1,22,"single",6,8
364072688,"Iran, Islamic Republic of",0,41,"single",5,4
364072689,"Iran, Islamic Republic of",1,38,"single",9,1
364072690,"Iran, Islamic Republic of",1,38,"married",8,4
364072693,"Iran, Islamic Republic of",0,60,"single",10,9
364072694,"Iran, Islamic Republic of",1,26,"single",6,5
364072695,"Iran, Islamic Republic of",0,31,"single",10,5
364072696,"Iran, Islamic Republic of",1,22,"single",10,5
364072699,"Iran, Islamic Republic of",1,22,"single",5,5
364072701,"Iran, Islamic Republic of",0,23,"single",9,5
364072702,"Iran, Islamic Republic of",0,45,"married",10,5
364072703,"Iran, Islamic Republic of",1,25,"single",7,7
364072704,"Iran, Islamic Republic of",0,46,"married",6,6
364072705,"Iran, Islamic Republic of",1,34,"divorced",8,7
364072706,"Iran, Islamic Republic of",1,44,"divorced",1,4
364072707,"Iran, Islamic Republic of",0,21,"married",7,8
364072708,"Iran, Islamic Republic of",1,39,"married",5,3
364072709,"Iran, Islamic Republic of",1,49,"married",10,10
364072710,"Iran, Islamic Republic of",1,19,"single",5,5
364072711,"Iran, Islamic Republic of",0,46,"married",10,8
364072712,"Iran, Islamic Republic of",0,25,"single",10,10
364072713,"Iran, Islamic Republic of",0,18,"single",8,3
364072714,"Iran, Islamic Republic of",0,50,"married",10,9
364072715,"Iran, Islamic Republic of",1,33,"married",6,8
364072716,"Iran, Islamic Republic of",0,20,"single",5,1
364072719,"Iran, Islamic Republic of",1,38,"married",10,10
364072720,"Iran, Islamic Republic of",1,53,"married",7,4
364072722,"Iran, Islamic Republic of",0,26,"single",10,7
364072723,"Iran, Islamic Republic of",1,54,"married",9,6
364072725,"Iran, Islamic Republic of",1,40,"married",9,5
364072726,"Iran, Islamic Republic of",0,23,"living together as married",7,7
364072727,"Iran, Islamic Republic of",1,30,"single",10,5
364072728,"Iran, Islamic Republic of",0,24,"single",8,7
364072729,"Iran, Islamic Republic of",0,30,"single",10,8
364072731,"Iran, Islamic Republic of",1,23,"single",5,8
364072732,"Iran, Islamic Republic of",0,47,"married",3,3
364072733,"Iran, Islamic Republic of",1,49,"married",5,5
364072734,"Iran, Islamic Republic of",0,54,"married",5,8
364072735,"Iran, Islamic Republic of",1,40,"married",7,8
364072736,"Iran, Islamic Republic of",1,41,"married",7,10
364072737,"Iran, Islamic Republic of",1,52,"married",5,6
364072738,"Iran, Islamic Republic of",0,18,"single",1,1
364072740,"Iran, Islamic Republic of",0,44,"married",3,8
364072741,"Iran, Islamic Republic of",0,33,"married",5,5
364072742,"Iran, Islamic Republic of",1,36,"single",7,8
364072743,"Iran, Islamic Republic of",1,42,"married",7,7
364072744,"Iran, Islamic Republic of",0,48,"married",6,6
364072745,"Iran, Islamic Republic of",0,53,"married",7,8
364072746,"Iran, Islamic Republic of",0,60,"married",5,1
364072747,"Iran, Islamic Republic of",1,47,"married",5,5
364072748,"Iran, Islamic Republic of",0,52,"married",10,8
364072750,"Iran, Islamic Republic of",1,64,"widowed",10,10
364072751,"Iran, Islamic Republic of",0,42,"married",10,9
364072752,"Iran, Islamic Republic of",1,30,"married",7,5
364072754,"Iran, Islamic Republic of",0,55,"married",8,9
364072755,"Iran, Islamic Republic of",0,32,"married",5,5
364072756,"Iran, Islamic Republic of",1,53,"married",10,10
364072757,"Iran, Islamic Republic of",1,59,"separated",8,5
364072758,"Iran, Islamic Republic of",0,35,"married",10,6
364072759,"Iran, Islamic Republic of",0,36,"single",8,5
364072760,"Iran, Islamic Republic of",1,30,"single",7,5
364072761,"Iran, Islamic Republic of",1,29,"married",10,7
364072762,"Iran, Islamic Republic of",1,19,"single",5,7
364072763,"Iran, Islamic Republic of",0,47,"married",10,1
364072764,"Iran, Islamic Republic of",1,42,"married",10,6
364072765,"Iran, Islamic Republic of",1,38,"divorced",1,10
364072766,"Iran, Islamic Republic of",1,18,"single",5,10
364072767,"Iran, Islamic Republic of",1,29,"single",5,1
364072768,"Iran, Islamic Republic of",1,45,"married",7,8
364072769,"Iran, Islamic Republic of",0,45,"married",7,8
364072771,"Iran, Islamic Republic of",0,68,"married",8,4
364072772,"Iran, Islamic Republic of",1,54,"married",9,2
364072773,"Iran, Islamic Republic of",1,25,"married",5,3
364072774,"Iran, Islamic Republic of",1,32,"single",8,8
364072775,"Iran, Islamic Republic of",0,69,"married",NA,6
364072776,"Iran, Islamic Republic of",0,65,"married",10,10
364072777,"Iran, Islamic Republic of",1,29,"married",10,6
364072778,"Iran, Islamic Republic of",1,38,"married",3,6
364072779,"Iran, Islamic Republic of",0,19,"single",7,7
364072780,"Iran, Islamic Republic of",0,26,"married",5,1
364072781,"Iran, Islamic Republic of",0,38,"married",10,7
364072782,"Iran, Islamic Republic of",1,34,"married",6,5
364072783,"Iran, Islamic Republic of",0,54,"married",4,1
364072784,"Iran, Islamic Republic of",0,29,"single",1,2
364072785,"Iran, Islamic Republic of",0,26,"single",5,7
364072787,"Iran, Islamic Republic of",0,59,"married",7,1
364072788,"Iran, Islamic Republic of",0,19,"single",5,8
364072790,"Iran, Islamic Republic of",0,21,"single",5,6
364072791,"Iran, Islamic Republic of",1,44,"married",4,5
364072792,"Iran, Islamic Republic of",1,25,"single",7,8
364072793,"Iran, Islamic Republic of",0,43,"married",5,1
364072794,"Iran, Islamic Republic of",0,40,"married",5,1
364072795,"Iran, Islamic Republic of",1,39,"married",1,1
364072796,"Iran, Islamic Republic of",0,42,"married",5,6
364072797,"Iran, Islamic Republic of",1,35,"single",8,2
364072798,"Iran, Islamic Republic of",1,21,"single",5,6
364072799,"Iran, Islamic Republic of",1,42,"single",8,7
364072800,"Iran, Islamic Republic of",1,28,"married",6,3
364072802,"Iran, Islamic Republic of",0,46,"married",5,5
364072803,"Iran, Islamic Republic of",0,54,"married",7,5
364072804,"Iran, Islamic Republic of",1,45,"married",1,1
364072805,"Iran, Islamic Republic of",1,39,"married",5,1
364072807,"Iran, Islamic Republic of",0,24,"single",1,2
364072808,"Iran, Islamic Republic of",0,50,"married",7,1
364072810,"Iran, Islamic Republic of",0,55,"married",10,7
364072811,"Iran, Islamic Republic of",0,19,"single",5,8
364072812,"Iran, Islamic Republic of",0,71,"married",4,7
364072813,"Iran, Islamic Republic of",1,99,"married",7,5
364072814,"Iran, Islamic Republic of",0,39,"married",8,10
364072815,"Iran, Islamic Republic of",1,57,"widowed",5,5
364072817,"Iran, Islamic Republic of",0,61,"married",5,3
364072818,"Iran, Islamic Republic of",0,46,"married",5,5
364072820,"Iran, Islamic Republic of",0,27,"single",7,6
364072821,"Iran, Islamic Republic of",1,21,"single",6,8
364072822,"Iran, Islamic Republic of",0,18,"single",8,7
364072823,"Iran, Islamic Republic of",0,53,"married",10,6
364072825,"Iran, Islamic Republic of",0,72,"married",5,1
364072826,"Iran, Islamic Republic of",1,42,"married",8,10
364072827,"Iran, Islamic Republic of",1,33,"married",10,10
364072828,"Iran, Islamic Republic of",0,28,"single",10,5
364072829,"Iran, Islamic Republic of",1,42,"married",10,8
364072831,"Iran, Islamic Republic of",0,26,"married",8,1
364072834,"Iran, Islamic Republic of",1,46,"married",5,3
364072835,"Iran, Islamic Republic of",0,62,"married",10,5
364072836,"Iran, Islamic Republic of",0,28,"married",5,3
364072839,"Iran, Islamic Republic of",0,44,"married",10,5
364072840,"Iran, Islamic Republic of",0,65,"married",8,1
364072841,"Iran, Islamic Republic of",0,52,"married",5,4
364072843,"Iran, Islamic Republic of",1,50,"married",1,5
364072845,"Iran, Islamic Republic of",0,47,"married",5,9
364072846,"Iran, Islamic Republic of",0,37,"married",10,9
364072848,"Iran, Islamic Republic of",0,39,"married",7,7
364072850,"Iran, Islamic Republic of",0,32,"married",6,5
364072852,"Iran, Islamic Republic of",1,23,"single",8,9
364072853,"Iran, Islamic Republic of",0,52,"married",6,1
364072854,"Iran, Islamic Republic of",0,43,"married",10,9
364072856,"Iran, Islamic Republic of",0,33,"married",7,7
364072857,"Iran, Islamic Republic of",1,63,"married",10,7
364072858,"Iran, Islamic Republic of",0,36,"married",8,8
