"id","wave","country","satisfaction","freedom_of_choice"
"1","w1","ARG",5,6
"2","w1","ARG",5,6
"3","w1","ARG",8,9
"4","w1","ARG",4,6
"5","w1","ARG",6,5
"6","w1","ARG",4,5
"7","w1","ARG",6,7
"8","w1","ARG",10,5
"9","w1","ARG",4,8
"10","w1","ARG",6,6
"11","w1","ARG",6,3
"12","w1","ARG",9,10
"13","w1","ARG",6,4
"14","w1","ARG",6,6
"15","w1","ARG",7,7
"16","w1","ARG",7,8
"17","w1","ARG",6,4
"18","w1","ARG",8,7
"19","w1","ARG",7,5
"20","w1","ARG",8,7
"21","w1","ARG",4,3
"22","w1","ARG",3,7
"23","w1","ARG",7,8
"24","w1","ARG",6,6
"25","w1","ARG",4,5
"26","w1","ARG",7,5
"27","w1","ARG",7,9
"28","w1","ARG",5,5
"29","w1","ARG",1,10
"30","w1","ARG",5,5
"31","w1","ARG",4,7
"32","w1","ARG",9,10
"33","w1","ARG",7,7
"34","w1","ARG",3,2
"35","w1","ARG",7,7
"36","w1","ARG",8,8
"37","w1","ARG",5,5
"38","w1","ARG",7,8
"39","w1","ARG",7,10
"40","w1","ARG",7,7
"41","w1","ARG",5,10
"42","w1","ARG",8,9
"43","w1","ARG",6,7
"44","w1","ARG",8,9
"45","w1","ARG",7,8
"46","w1","ARG",5,5
"47","w1","ARG",7,8
"48","w1","ARG",7,8
"49","w1","ARG",6,6
"50","w1","ARG",7,7
"51","w1","ARG",3,5
"52","w1","ARG",10,10
"53","w1","ARG",1,6
"54","w1","ARG",10,10
"55","w1","ARG",9,10
"56","w1","ARG",6,5
"57","w1","ARG",9,10
"58","w1","ARG",6,5
"59","w1","ARG",4,4
"60","w1","ARG",6,7
"61","w1","ARG",6,7
"62","w1","ARG",9,10
"63","w1","ARG",3,3
"64","w1","ARG",1,10
"65","w1","ARG",10,10
"66","w1","ARG",8,5
"67","w1","ARG",8,7
"68","w1","ARG",8,8
"69","w1","ARG",10,10
"70","w1","ARG",8,10
"71","w1","ARG",10,10
"72","w1","ARG",8,8
"73","w1","ARG",6,7
"74","w1","ARG",6,8
"75","w1","ARG",9,10
"76","w1","ARG",9,10
"77","w1","ARG",7,3
"78","w1","ARG",5,5
"79","w1","ARG",7,7
"80","w1","ARG",5,4
"81","w1","ARG",5,6
"82","w1","ARG",5,6
"83","w1","ARG",5,10
"84","w1","ARG",7,8
"85","w1","ARG",8,7
"86","w1","ARG",7,5
"87","w1","ARG",5,6
"88","w1","ARG",7,7
"89","w1","ARG",8,10
"90","w1","ARG",8,8
"91","w1","ARG",10,10
"92","w1","ARG",8,7
"93","w1","ARG",8,7
"94","w1","ARG",8,9
"95","w1","ARG",7,8
"96","w1","ARG",7,8
"97","w1","ARG",10,8
"98","w1","ARG",8,8
"99","w1","ARG",9,9
"100","w1","ARG",7,6
"1","w2","ARG",7,7
"2","w2","ARG",7,9
"3","w2","ARG",10,10
"4","w2","ARG",1,1
"5","w2","ARG",8,8
"6","w2","ARG",5,5
"7","w2","ARG",6,5
"8","w2","ARG",6,10
"9","w2","ARG",5,5
"10","w2","ARG",10,8
"11","w2","ARG",7,7
"12","w2","ARG",10,7
"13","w2","ARG",10,8
"14","w2","ARG",10,10
"15","w2","ARG",7,5
"16","w2","ARG",9,9
"17","w2","ARG",5,10
"18","w2","ARG",5,5
"19","w2","ARG",7,2
"20","w2","ARG",10,10
"21","w2","ARG",8,7
"22","w2","ARG",5,1
"23","w2","ARG",9,9
"24","w2","ARG",9,7
"25","w2","ARG",2,3
"26","w2","ARG",1,10
"27","w2","ARG",6,5
"28","w2","ARG",8,10
"29","w2","ARG",5,10
"30","w2","ARG",8,7
"31","w2","ARG",8,5
"32","w2","ARG",10,6
"33","w2","ARG",8,7
"34","w2","ARG",9,5
"35","w2","ARG",10,10
"36","w2","ARG",10,7
"37","w2","ARG",9,8
"38","w2","ARG",10,10
"39","w2","ARG",6,6
"40","w2","ARG",9,8
"41","w2","ARG",2,5
"42","w2","ARG",8,8
"43","w2","ARG",5,10
"44","w2","ARG",4,5
"45","w2","ARG",8,9
"46","w2","ARG",8,8
"47","w2","ARG",10,10
"48","w2","ARG",7,7
"49","w2","ARG",10,10
"50","w2","ARG",10,10
"51","w2","ARG",8,8
"52","w2","ARG",1,10
"53","w2","ARG",6,6
"54","w2","ARG",8,7
"55","w2","ARG",1,10
"56","w2","ARG",5,5
"57","w2","ARG",10,10
"58","w2","ARG",5,8
"59","w2","ARG",7,3
"60","w2","ARG",8,6
"61","w2","ARG",10,10
"62","w2","ARG",10,8
"63","w2","ARG",4,8
"64","w2","ARG",8,8
"65","w2","ARG",5,1
"66","w2","ARG",8,7
"67","w2","ARG",5,8
"68","w2","ARG",6,7
"69","w2","ARG",10,10
"70","w2","ARG",5,7
"71","w2","ARG",7,8
"72","w2","ARG",7,4
"73","w2","ARG",6,4
"74","w2","ARG",7,7
"75","w2","ARG",5,7
"76","w2","ARG",7,6
"77","w2","ARG",6,7
"78","w2","ARG",7,5
"79","w2","ARG",1,10
"80","w2","ARG",7,8
"81","w2","ARG",5,6
"82","w2","ARG",6,6
"83","w2","ARG",9,7
"84","w2","ARG",1,1
"85","w2","ARG",5,7
"86","w2","ARG",5,5
"87","w2","ARG",7,10
"88","w2","ARG",6,7
"89","w2","ARG",8,4
"90","w2","ARG",10,9
"91","w2","ARG",5,5
"92","w2","ARG",4,7
"93","w2","ARG",10,5
"94","w2","ARG",10,10
"95","w2","ARG",5,8
"96","w2","ARG",5,10
"97","w2","ARG",10,10
"98","w2","ARG",10,5
"99","w2","ARG",8,9
"100","w2","ARG",8,7
"1","w3","ARG",10,7
"2","w3","ARG",7,7
"3","w3","ARG",5,10
"4","w3","ARG",7,8
"5","w3","ARG",6,8
"6","w3","ARG",1,3
"7","w3","ARG",6,5
"8","w3","ARG",6,7
"9","w3","ARG",10,8
"10","w3","ARG",6,7
"11","w3","ARG",7,7
"12","w3","ARG",10,5
"13","w3","ARG",7,7
"14","w3","ARG",10,4
"15","w3","ARG",7,8
"16","w3","ARG",7,8
"17","w3","ARG",8,9
"18","w3","ARG",6,6
"19","w3","ARG",7,6
"20","w3","ARG",7,6
"21","w3","ARG",8,7
"22","w3","ARG",10,10
"23","w3","ARG",10,10
"24","w3","ARG",7,5
"25","w3","ARG",5,10
"26","w3","ARG",6,4
"27","w3","ARG",7,5
"28","w3","ARG",10,1
"29","w3","ARG",10,6
"30","w3","ARG",8,7
"31","w3","ARG",5,3
"32","w3","ARG",6,10
"33","w3","ARG",7,9
"34","w3","ARG",3,5
"35","w3","ARG",10,10
"36","w3","ARG",3,4
"37","w3","ARG",8,9
"38","w3","ARG",7,5
"39","w3","ARG",8,4
"40","w3","ARG",10,5
"41","w3","ARG",8,5
"42","w3","ARG",7,8
"43","w3","ARG",9,9
"44","w3","ARG",6,9
"45","w3","ARG",8,5
"46","w3","ARG",8,7
"47","w3","ARG",9,5
"48","w3","ARG",5,4
"49","w3","ARG",7,8
"50","w3","ARG",7,8
"51","w3","ARG",8,7
"52","w3","ARG",2,8
"53","w3","ARG",2,6
"54","w3","ARG",8,1
"55","w3","ARG",3,4
"56","w3","ARG",6,7
"57","w3","ARG",8,8
"58","w3","ARG",5,10
"59","w3","ARG",7,8
"60","w3","ARG",7,9
"61","w3","ARG",10,10
"62","w3","ARG",3,8
"63","w3","ARG",10,10
"64","w3","ARG",4,7
"65","w3","ARG",3,5
"66","w3","ARG",7,8
"67","w3","ARG",5,8
"68","w3","ARG",7,10
"69","w3","ARG",8,9
"70","w3","ARG",5,5
"71","w3","ARG",8,8
"72","w3","ARG",10,8
"73","w3","ARG",8,8
"74","w3","ARG",7,3
"75","w3","ARG",8,10
"76","w3","ARG",8,5
"77","w3","ARG",5,5
"78","w3","ARG",7,7
"79","w3","ARG",9,10
"80","w3","ARG",9,3
"81","w3","ARG",4,10
"82","w3","ARG",7,5
"83","w3","ARG",8,7
"84","w3","ARG",10,10
"85","w3","ARG",5,8
"86","w3","ARG",10,10
"87","w3","ARG",8,5
"88","w3","ARG",7,6
"89","w3","ARG",5,4
"90","w3","ARG",10,10
"91","w3","ARG",5,5
"92","w3","ARG",7,7
"93","w3","ARG",7,10
"94","w3","ARG",8,3
"95","w3","ARG",7,3
"96","w3","ARG",10,10
"97","w3","ARG",6,7
"98","w3","ARG",7,7
"99","w3","ARG",8,7
"100","w3","ARG",5,2
"1","w4","ARG",6,8
"2","w4","ARG",8,2
"3","w4","ARG",3,3
"4","w4","ARG",7,7
"5","w4","ARG",6,10
"6","w4","ARG",9,8
"7","w4","ARG",10,4
"8","w4","ARG",7,5
"9","w4","ARG",10,7
"10","w4","ARG",6,6
"11","w4","ARG",7,8
"12","w4","ARG",9,9
"13","w4","ARG",5,9
"14","w4","ARG",9,10
"15","w4","ARG",10,4
"16","w4","ARG",6,10
"17","w4","ARG",10,10
"18","w4","ARG",6,7
"19","w4","ARG",10,10
"20","w4","ARG",9,5
"21","w4","ARG",10,10
"22","w4","ARG",10,10
"23","w4","ARG",9,10
"24","w4","ARG",1,10
"25","w4","ARG",6,2
"26","w4","ARG",4,4
"27","w4","ARG",5,6
"28","w4","ARG",9,7
"29","w4","ARG",9,7
"30","w4","ARG",10,10
"31","w4","ARG",5,10
"32","w4","ARG",2,5
"33","w4","ARG",5,10
"34","w4","ARG",8,8
"35","w4","ARG",8,8
"36","w4","ARG",4,6
"37","w4","ARG",8,9
"38","w4","ARG",4,5
"39","w4","ARG",7,9
"40","w4","ARG",7,3
"41","w4","ARG",8,9
"42","w4","ARG",5,10
"43","w4","ARG",10,10
"44","w4","ARG",7,5
"45","w4","ARG",10,9
"46","w4","ARG",10,10
"47","w4","ARG",6,9
"48","w4","ARG",5,5
"49","w4","ARG",1,3
"50","w4","ARG",9,9
"51","w4","ARG",10,10
"52","w4","ARG",7,8
"53","w4","ARG",4,5
"54","w4","ARG",10,10
"55","w4","ARG",10,10
"56","w4","ARG",7,7
"57","w4","ARG",9,10
"58","w4","ARG",9,5
"59","w4","ARG",10,3
"60","w4","ARG",10,10
"61","w4","ARG",7,9
"62","w4","ARG",9,10
"63","w4","ARG",9,7
"64","w4","ARG",10,6
"65","w4","ARG",10,5
"66","w4","ARG",10,8
"67","w4","ARG",10,10
"68","w4","ARG",10,8
"69","w4","ARG",10,10
"70","w4","ARG",8,10
"71","w4","ARG",8,3
"72","w4","ARG",7,10
"73","w4","ARG",6,10
"74","w4","ARG",9,8
"75","w4","ARG",8,10
"76","w4","ARG",8,7
"77","w4","ARG",6,2
"78","w4","ARG",6,7
"79","w4","ARG",9,5
"80","w4","ARG",10,10
"81","w4","ARG",7,7
"82","w4","ARG",9,5
"83","w4","ARG",7,10
"84","w4","ARG",5,7
"85","w4","ARG",8,4
"86","w4","ARG",8,5
"87","w4","ARG",7,9
"88","w4","ARG",10,10
"89","w4","ARG",4,6
"90","w4","ARG",7,10
"91","w4","ARG",8,8
"92","w4","ARG",4,4
"93","w4","ARG",9,5
"94","w4","ARG",10,10
"95","w4","ARG",9,8
"96","w4","ARG",6,7
"97","w4","ARG",5,10
"98","w4","ARG",8,6
"99","w4","ARG",10,10
"100","w4","ARG",3,2
"1","w5","ARG",10,3
"2","w5","ARG",6,3
"3","w5","ARG",8,7
"4","w5","ARG",8,7
"5","w5","ARG",8,5
"6","w5","ARG",7,7
"7","w5","ARG",8,4
"8","w5","ARG",10,10
"9","w5","ARG",8,10
"10","w5","ARG",10,10
"11","w5","ARG",9,5
"12","w5","ARG",5,5
"13","w5","ARG",3,10
"14","w5","ARG",5,6
"15","w5","ARG",8,10
"16","w5","ARG",8,7
"17","w5","ARG",7,7
"18","w5","ARG",8,6
"19","w5","ARG",5,7
"20","w5","ARG",6,8
"21","w5","ARG",8,8
"22","w5","ARG",6,6
"23","w5","ARG",8,7
"24","w5","ARG",8,8
"25","w5","ARG",6,10
"26","w5","ARG",9,8
"27","w5","ARG",8,10
"28","w5","ARG",10,9
"29","w5","ARG",8,10
"30","w5","ARG",8,8
"31","w5","ARG",7,7
"32","w5","ARG",8,9
"33","w5","ARG",9,8
"34","w5","ARG",8,5
"35","w5","ARG",10,10
"36","w5","ARG",7,10
"37","w5","ARG",9,10
"38","w5","ARG",9,6
"39","w5","ARG",10,10
"40","w5","ARG",9,5
"41","w5","ARG",7,6
"42","w5","ARG",3,10
"43","w5","ARG",8,10
"44","w5","ARG",9,9
"45","w5","ARG",7,8
"46","w5","ARG",10,8
"47","w5","ARG",10,8
"48","w5","ARG",8,7
"49","w5","ARG",9,10
"50","w5","ARG",10,10
"51","w5","ARG",8,8
"52","w5","ARG",8,7
"53","w5","ARG",5,5
"54","w5","ARG",8,8
"55","w5","ARG",1,1
"56","w5","ARG",8,10
"57","w5","ARG",10,6
"58","w5","ARG",1,10
"59","w5","ARG",5,1
"60","w5","ARG",8,10
"61","w5","ARG",10,10
"62","w5","ARG",10,8
"63","w5","ARG",8,6
"64","w5","ARG",10,10
"65","w5","ARG",10,8
"66","w5","ARG",5,7
"67","w5","ARG",6,7
"68","w5","ARG",10,6
"69","w5","ARG",7,10
"70","w5","ARG",9,9
"71","w5","ARG",8,10
"72","w5","ARG",6,7
"73","w5","ARG",8,7
"74","w5","ARG",9,3
"75","w5","ARG",9,10
"76","w5","ARG",10,10
"77","w5","ARG",7,4
"78","w5","ARG",8,8
"79","w5","ARG",7,7
"80","w5","ARG",10,10
"81","w5","ARG",4,7
"82","w5","ARG",10,10
"83","w5","ARG",8,8
"84","w5","ARG",4,1
"85","w5","ARG",10,10
"86","w5","ARG",9,4
"87","w5","ARG",8,10
"88","w5","ARG",8,10
"89","w5","ARG",9,7
"90","w5","ARG",3,5
"91","w5","ARG",8,8
"92","w5","ARG",6,6
"93","w5","ARG",8,5
"94","w5","ARG",8,8
"95","w5","ARG",8,7
"96","w5","ARG",7,8
"97","w5","ARG",7,6
"98","w5","ARG",10,10
"99","w5","ARG",10,10
"100","w5","ARG",8,8
"1","w6","ARG",10,10
"2","w6","ARG",3,7
"3","w6","ARG",9,8
"4","w6","ARG",7,4
"5","w6","ARG",8,7
"6","w6","ARG",5,5
"7","w6","ARG",4,5
"8","w6","ARG",7,7
"9","w6","ARG",9,7
"10","w6","ARG",8,7
"11","w6","ARG",5,8
"12","w6","ARG",5,7
"13","w6","ARG",8,10
"14","w6","ARG",7,7
"15","w6","ARG",6,7
"16","w6","ARG",7,8
"17","w6","ARG",9,6
"18","w6","ARG",6,7
"19","w6","ARG",8,6
"20","w6","ARG",9,8
"21","w6","ARG",8,8
"22","w6","ARG",6,6
"23","w6","ARG",8,7
"24","w6","ARG",7,5
"25","w6","ARG",7,10
"26","w6","ARG",7,9
"27","w6","ARG",7,7
"28","w6","ARG",9,10
"29","w6","ARG",8,8
"30","w6","ARG",10,6
"31","w6","ARG",7,5
"32","w6","ARG",7,5
"33","w6","ARG",8,4
"34","w6","ARG",10,8
"35","w6","ARG",7,8
"36","w6","ARG",8,7
"37","w6","ARG",8,8
"38","w6","ARG",6,8
"39","w6","ARG",9,8
"40","w6","ARG",8,6
"41","w6","ARG",9,7
"42","w6","ARG",8,7
"43","w6","ARG",7,7
"44","w6","ARG",7,7
"45","w6","ARG",8,6
"46","w6","ARG",7,6
"47","w6","ARG",9,7
"48","w6","ARG",10,8
"49","w6","ARG",9,7
"50","w6","ARG",10,10
"51","w6","ARG",7,6
"52","w6","ARG",4,5
"53","w6","ARG",5,5
"54","w6","ARG",8,9
"55","w6","ARG",4,4
"56","w6","ARG",5,6
"57","w6","ARG",8,6
"58","w6","ARG",8,7
"59","w6","ARG",8,9
"60","w6","ARG",10,9
"61","w6","ARG",7,7
"62","w6","ARG",8,8
"63","w6","ARG",9,9
"64","w6","ARG",9,7
"65","w6","ARG",7,7
"66","w6","ARG",7,8
"67","w6","ARG",9,8
"68","w6","ARG",7,9
"69","w6","ARG",7,6
"70","w6","ARG",6,7
"71","w6","ARG",10,7
"72","w6","ARG",4,4
"73","w6","ARG",8,8
"74","w6","ARG",5,9
"75","w6","ARG",9,7
"76","w6","ARG",8,6
"77","w6","ARG",9,5
"78","w6","ARG",7,6
"79","w6","ARG",8,9
"80","w6","ARG",8,8
"81","w6","ARG",10,8
"82","w6","ARG",9,8
"83","w6","ARG",9,4
"84","w6","ARG",7,7
"85","w6","ARG",9,7
"86","w6","ARG",8,8
"87","w6","ARG",8,8
"88","w6","ARG",7,10
"89","w6","ARG",5,10
"90","w6","ARG",6,10
"91","w6","ARG",6,5
"92","w6","ARG",8,9
"93","w6","ARG",4,8
"94","w6","ARG",8,9
"95","w6","ARG",9,9
"96","w6","ARG",7,7
"97","w6","ARG",5,5
"98","w6","ARG",7,7
"99","w6","ARG",10,8
"100","w6","ARG",6,7
"1","w7","ARG",10,10
"2","w7","ARG",8,6
"3","w7","ARG",7,7
"4","w7","ARG",8,8
"5","w7","ARG",9,9
"6","w7","ARG",8,9
"7","w7","ARG",7,2
"8","w7","ARG",8,8
"9","w7","ARG",8,8
"10","w7","ARG",10,10
"11","w7","ARG",7,5
"12","w7","ARG",8,9
"13","w7","ARG",7,7
"14","w7","ARG",8,9
"15","w7","ARG",10,10
"16","w7","ARG",7,8
"17","w7","ARG",8,9
"18","w7","ARG",6,5
"19","w7","ARG",9,10
"20","w7","ARG",8,9
"21","w7","ARG",7,7
"22","w7","ARG",5,10
"23","w7","ARG",8,10
"24","w7","ARG",9,9
"25","w7","ARG",10,10
"26","w7","ARG",7,7
"27","w7","ARG",9,10
"28","w7","ARG",8,8
"29","w7","ARG",9,10
"30","w7","ARG",9,9
"31","w7","ARG",4,5
"32","w7","ARG",9,7
"33","w7","ARG",8,10
"34","w7","ARG",7,10
"35","w7","ARG",8,8
"36","w7","ARG",10,1
"37","w7","ARG",7,7
"38","w7","ARG",7,7
"39","w7","ARG",5,10
"40","w7","ARG",8,8
"41","w7","ARG",10,2
"42","w7","ARG",8,8
"43","w7","ARG",5,10
"44","w7","ARG",9,8
"45","w7","ARG",6,8
"46","w7","ARG",8,7
"47","w7","ARG",7,10
"48","w7","ARG",2,8
"49","w7","ARG",7,5
"50","w7","ARG",8,5
"51","w7","ARG",7,4
"52","w7","ARG",7,10
"53","w7","ARG",6,1
"54","w7","ARG",10,10
"55","w7","ARG",8,8
"56","w7","ARG",8,7
"57","w7","ARG",6,6
"58","w7","ARG",8,8
"59","w7","ARG",10,9
"60","w7","ARG",10,10
"61","w7","ARG",10,10
"62","w7","ARG",6,7
"63","w7","ARG",9,9
"64","w7","ARG",7,5
"65","w7","ARG",10,10
"66","w7","ARG",8,5
"67","w7","ARG",4,3
"68","w7","ARG",7,10
"69","w7","ARG",2,4
"70","w7","ARG",4,8
"71","w7","ARG",10,10
"72","w7","ARG",8,10
"73","w7","ARG",8,9
"74","w7","ARG",7,7
"75","w7","ARG",8,8
"76","w7","ARG",7,8
"77","w7","ARG",10,10
"78","w7","ARG",7,8
"79","w7","ARG",8,8
"80","w7","ARG",10,10
"81","w7","ARG",5,8
"82","w7","ARG",5,10
"83","w7","ARG",9,10
"84","w7","ARG",7,6
"85","w7","ARG",10,10
"86","w7","ARG",2,5
"87","w7","ARG",9,9
"88","w7","ARG",9,8
"89","w7","ARG",3,1
"90","w7","ARG",7,7
"91","w7","ARG",8,7
"92","w7","ARG",8,10
"93","w7","ARG",6,5
"94","w7","ARG",8,6
"95","w7","ARG",9,9
"96","w7","ARG",3,9
"97","w7","ARG",8,7
"98","w7","ARG",8,10
"99","w7","ARG",6,7
"100","w7","ARG",9,9
"101","w1","JPN",8,5
"102","w1","JPN",7,5
"103","w1","JPN",6,7
"104","w1","JPN",4,1
"105","w1","JPN",8,7
"106","w1","JPN",8,7
"107","w1","JPN",8,6
"108","w1","JPN",10,9
"109","w1","JPN",10,8
"110","w1","JPN",6,1
"111","w1","JPN",7,4
"112","w1","JPN",8,5
"113","w1","JPN",9,8
"114","w1","JPN",6,5
"115","w1","JPN",8,7
"116","w1","JPN",4,1
"117","w1","JPN",9,8
"118","w1","JPN",9,9
"119","w1","JPN",4,4
"120","w1","JPN",7,9
"121","w1","JPN",8,7
"122","w1","JPN",10,8
"123","w1","JPN",6,2
"124","w1","JPN",6,6
"125","w1","JPN",5,5
"126","w1","JPN",5,8
"127","w1","JPN",5,5
"128","w1","JPN",8,8
"129","w1","JPN",5,3
"130","w1","JPN",3,7
"131","w1","JPN",6,3
"132","w1","JPN",7,3
"133","w1","JPN",7,5
"134","w1","JPN",7,6
"135","w1","JPN",6,5
"136","w1","JPN",8,6
"137","w1","JPN",8,7
"138","w1","JPN",9,7
"139","w1","JPN",9,4
"140","w1","JPN",7,7
"141","w1","JPN",7,3
"142","w1","JPN",10,6
"143","w1","JPN",10,1
"144","w1","JPN",6,6
"145","w1","JPN",5,4
"146","w1","JPN",6,7
"147","w1","JPN",6,1
"148","w1","JPN",7,2
"149","w1","JPN",9,8
"150","w1","JPN",7,4
"151","w1","JPN",8,8
"152","w1","JPN",8,3
"153","w1","JPN",8,3
"154","w1","JPN",9,6
"155","w1","JPN",5,8
"156","w1","JPN",5,5
"157","w1","JPN",3,1
"158","w1","JPN",7,10
"159","w1","JPN",6,5
"160","w1","JPN",8,9
"161","w1","JPN",8,7
"162","w1","JPN",8,8
"163","w1","JPN",6,4
"164","w1","JPN",6,5
"165","w1","JPN",8,4
"166","w1","JPN",8,7
"167","w1","JPN",6,8
"168","w1","JPN",3,7
"169","w1","JPN",8,3
"170","w1","JPN",6,5
"171","w1","JPN",10,1
"172","w1","JPN",5,8
"173","w1","JPN",8,6
"174","w1","JPN",7,6
"175","w1","JPN",8,7
"176","w1","JPN",8,7
"177","w1","JPN",6,4
"178","w1","JPN",8,7
"179","w1","JPN",7,6
"180","w1","JPN",8,1
"181","w1","JPN",3,1
"182","w1","JPN",2,1
"183","w1","JPN",7,5
"184","w1","JPN",9,8
"185","w1","JPN",8,10
"186","w1","JPN",5,4
"187","w1","JPN",9,8
"188","w1","JPN",6,7
"189","w1","JPN",6,4
"190","w1","JPN",5,5
"191","w1","JPN",9,6
"192","w1","JPN",9,3
"193","w1","JPN",3,1
"194","w1","JPN",6,4
"195","w1","JPN",7,10
"196","w1","JPN",7,7
"197","w1","JPN",6,6
"198","w1","JPN",4,5
"199","w1","JPN",7,6
"200","w1","JPN",6,6
"101","w2","JPN",6,6
"102","w2","JPN",8,6
"103","w2","JPN",6,8
"104","w2","JPN",8,7
"105","w2","JPN",7,6
"106","w2","JPN",8,7
"107","w2","JPN",7,7
"108","w2","JPN",7,4
"109","w2","JPN",6,5
"110","w2","JPN",6,5
"111","w2","JPN",6,5
"112","w2","JPN",6,6
"113","w2","JPN",6,6
"114","w2","JPN",8,6
"115","w2","JPN",5,5
"116","w2","JPN",9,5
"117","w2","JPN",1,5
"118","w2","JPN",5,5
"119","w2","JPN",3,3
"120","w2","JPN",6,5
"121","w2","JPN",5,3
"122","w2","JPN",5,4
"123","w2","JPN",5,4
"124","w2","JPN",6,5
"125","w2","JPN",8,7
"126","w2","JPN",2,5
"127","w2","JPN",5,5
"128","w2","JPN",7,6
"129","w2","JPN",8,8
"130","w2","JPN",7,6
"131","w2","JPN",5,1
"132","w2","JPN",8,6
"133","w2","JPN",7,8
"134","w2","JPN",5,7
"135","w2","JPN",7,7
"136","w2","JPN",8,6
"137","w2","JPN",8,8
"138","w2","JPN",8,7
"139","w2","JPN",8,3
"140","w2","JPN",6,5
"141","w2","JPN",6,6
"142","w2","JPN",6,6
"143","w2","JPN",5,5
"144","w2","JPN",5,1
"145","w2","JPN",7,6
"146","w2","JPN",6,1
"147","w2","JPN",8,7
"148","w2","JPN",9,9
"149","w2","JPN",8,6
"150","w2","JPN",8,7
"151","w2","JPN",1,7
"152","w2","JPN",8,8
"153","w2","JPN",7,6
"154","w2","JPN",5,1
"155","w2","JPN",8,8
"156","w2","JPN",7,6
"157","w2","JPN",7,7
"158","w2","JPN",3,2
"159","w2","JPN",7,7
"160","w2","JPN",6,5
"161","w2","JPN",5,6
"162","w2","JPN",8,5
"163","w2","JPN",4,4
"164","w2","JPN",7,6
"165","w2","JPN",5,5
"166","w2","JPN",5,4
"167","w2","JPN",8,3
"168","w2","JPN",4,3
"169","w2","JPN",6,8
"170","w2","JPN",4,4
"171","w2","JPN",8,6
"172","w2","JPN",6,6
"173","w2","JPN",7,5
"174","w2","JPN",3,2
"175","w2","JPN",6,5
"176","w2","JPN",6,4
"177","w2","JPN",7,7
"178","w2","JPN",7,7
"179","w2","JPN",4,6
"180","w2","JPN",8,5
"181","w2","JPN",7,7
"182","w2","JPN",9,6
"183","w2","JPN",2,4
"184","w2","JPN",6,5
"185","w2","JPN",6,5
"186","w2","JPN",8,6
"187","w2","JPN",7,7
"188","w2","JPN",7,3
"189","w2","JPN",7,7
"190","w2","JPN",7,8
"191","w2","JPN",8,2
"192","w2","JPN",4,5
"193","w2","JPN",5,4
"194","w2","JPN",4,7
"195","w2","JPN",7,8
"196","w2","JPN",7,5
"197","w2","JPN",5,3
"198","w2","JPN",6,6
"199","w2","JPN",7,7
"200","w2","JPN",6,6
"101","w3","JPN",8,6
"102","w3","JPN",3,9
"103","w3","JPN",5,8
"104","w3","JPN",6,6
"105","w3","JPN",8,6
"106","w3","JPN",9,8
"107","w3","JPN",8,7
"108","w3","JPN",5,7
"109","w3","JPN",8,6
"110","w3","JPN",8,7
"111","w3","JPN",5,6
"112","w3","JPN",7,1
"113","w3","JPN",6,5
"114","w3","JPN",4,5
"115","w3","JPN",7,7
"116","w3","JPN",7,6
"117","w3","JPN",6,5
"118","w3","JPN",8,6
"119","w3","JPN",4,6
"120","w3","JPN",5,4
"121","w3","JPN",7,7
"122","w3","JPN",7,5
"123","w3","JPN",6,5
"124","w3","JPN",6,6
"125","w3","JPN",8,8
"126","w3","JPN",5,5
"127","w3","JPN",8,6
"128","w3","JPN",10,6
"129","w3","JPN",7,7
"130","w3","JPN",5,6
"131","w3","JPN",7,6
"132","w3","JPN",8,5
"133","w3","JPN",7,6
"134","w3","JPN",4,5
"135","w3","JPN",9,10
"136","w3","JPN",6,3
"137","w3","JPN",8,6
"138","w3","JPN",7,5
"139","w3","JPN",6,6
"140","w3","JPN",8,7
"141","w3","JPN",2,7
"142","w3","JPN",8,7
"143","w3","JPN",7,7
"144","w3","JPN",2,3
"145","w3","JPN",7,6
"146","w3","JPN",10,10
"147","w3","JPN",9,3
"148","w3","JPN",10,4
"149","w3","JPN",8,7
"150","w3","JPN",5,7
"151","w3","JPN",8,10
"152","w3","JPN",1,1
"153","w3","JPN",8,8
"154","w3","JPN",8,5
"155","w3","JPN",5,5
"156","w3","JPN",7,8
"157","w3","JPN",5,3
"158","w3","JPN",8,7
"159","w3","JPN",7,5
"160","w3","JPN",5,6
"161","w3","JPN",5,6
"162","w3","JPN",6,5
"163","w3","JPN",4,2
"164","w3","JPN",8,7
"165","w3","JPN",8,6
"166","w3","JPN",7,7
"167","w3","JPN",3,3
"168","w3","JPN",9,6
"169","w3","JPN",4,4
"170","w3","JPN",6,8
"171","w3","JPN",7,5
"172","w3","JPN",6,5
"173","w3","JPN",8,8
"174","w3","JPN",8,8
"175","w3","JPN",8,8
"176","w3","JPN",10,8
"177","w3","JPN",6,6
"178","w3","JPN",8,8
"179","w3","JPN",8,7
"180","w3","JPN",5,4
"181","w3","JPN",7,7
"182","w3","JPN",8,8
"183","w3","JPN",4,7
"184","w3","JPN",7,6
"185","w3","JPN",5,3
"186","w3","JPN",8,8
"187","w3","JPN",6,6
"188","w3","JPN",3,3
"189","w3","JPN",6,6
"190","w3","JPN",7,7
"191","w3","JPN",2,5
"192","w3","JPN",5,3
"193","w3","JPN",8,8
"194","w3","JPN",8,7
"195","w3","JPN",6,7
"196","w3","JPN",4,4
"197","w3","JPN",1,5
"198","w3","JPN",8,7
"199","w3","JPN",7,6
"200","w3","JPN",6,6
"101","w4","JPN",1,6
"102","w4","JPN",7,5
"103","w4","JPN",2,7
"104","w4","JPN",8,8
"105","w4","JPN",5,4
"106","w4","JPN",2,1
"107","w4","JPN",6,6
"108","w4","JPN",10,6
"109","w4","JPN",6,6
"110","w4","JPN",6,8
"111","w4","JPN",5,1
"112","w4","JPN",7,7
"113","w4","JPN",5,7
"114","w4","JPN",6,4
"115","w4","JPN",4,7
"116","w4","JPN",9,6
"117","w4","JPN",4,3
"118","w4","JPN",4,3
"119","w4","JPN",5,4
"120","w4","JPN",6,6
"121","w4","JPN",4,6
"122","w4","JPN",8,7
"123","w4","JPN",7,6
"124","w4","JPN",6,4
"125","w4","JPN",5,10
"126","w4","JPN",9,10
"127","w4","JPN",6,8
"128","w4","JPN",6,2
"129","w4","JPN",6,9
"130","w4","JPN",1,5
"131","w4","JPN",7,8
"132","w4","JPN",1,5
"133","w4","JPN",7,5
"134","w4","JPN",7,6
"135","w4","JPN",5,5
"136","w4","JPN",3,8
"137","w4","JPN",10,1
"138","w4","JPN",8,6
"139","w4","JPN",7,8
"140","w4","JPN",5,6
"141","w4","JPN",9,7
"142","w4","JPN",6,2
"143","w4","JPN",7,7
"144","w4","JPN",5,5
"145","w4","JPN",4,5
"146","w4","JPN",8,8
"147","w4","JPN",6,6
"148","w4","JPN",10,8
"149","w4","JPN",5,1
"150","w4","JPN",7,8
"151","w4","JPN",4,7
"152","w4","JPN",7,8
"153","w4","JPN",5,7
"154","w4","JPN",8,7
"155","w4","JPN",6,5
"156","w4","JPN",4,6
"157","w4","JPN",8,8
"158","w4","JPN",9,1
"159","w4","JPN",8,5
"160","w4","JPN",7,6
"161","w4","JPN",8,7
"162","w4","JPN",7,5
"163","w4","JPN",6,8
"164","w4","JPN",5,6
"165","w4","JPN",9,6
"166","w4","JPN",6,5
"167","w4","JPN",10,10
"168","w4","JPN",8,7
"169","w4","JPN",10,6
"170","w4","JPN",7,5
"171","w4","JPN",7,6
"172","w4","JPN",8,8
"173","w4","JPN",9,7
"174","w4","JPN",5,4
"175","w4","JPN",9,8
"176","w4","JPN",8,5
"177","w4","JPN",6,1
"178","w4","JPN",5,6
"179","w4","JPN",7,6
"180","w4","JPN",6,7
"181","w4","JPN",6,6
"182","w4","JPN",5,6
"183","w4","JPN",8,7
"184","w4","JPN",8,6
"185","w4","JPN",8,7
"186","w4","JPN",7,7
"187","w4","JPN",8,6
"188","w4","JPN",6,5
"189","w4","JPN",7,6
"190","w4","JPN",2,1
"191","w4","JPN",7,7
"192","w4","JPN",5,3
"193","w4","JPN",8,8
"194","w4","JPN",4,6
"195","w4","JPN",5,10
"196","w4","JPN",8,9
"197","w4","JPN",6,6
"198","w4","JPN",6,5
"199","w4","JPN",6,6
"200","w4","JPN",8,7
"101","w5","JPN",2,5
"102","w5","JPN",9,7
"103","w5","JPN",6,5
"104","w5","JPN",8,8
"105","w5","JPN",6,6
"106","w5","JPN",6,7
"107","w5","JPN",6,7
"108","w5","JPN",10,8
"109","w5","JPN",7,6
"110","w5","JPN",7,6
"111","w5","JPN",9,8
"112","w5","JPN",5,9
"113","w5","JPN",8,6
"114","w5","JPN",8,7
"115","w5","JPN",5,5
"116","w5","JPN",10,8
"117","w5","JPN",8,9
"118","w5","JPN",8,8
"119","w5","JPN",5,5
"120","w5","JPN",3,4
"121","w5","JPN",5,4
"122","w5","JPN",5,8
"123","w5","JPN",6,7
"124","w5","JPN",8,7
"125","w5","JPN",8,6
"126","w5","JPN",5,7
"127","w5","JPN",10,1
"128","w5","JPN",9,8
"129","w5","JPN",8,4
"130","w5","JPN",10,8
"131","w5","JPN",8,7
"132","w5","JPN",7,7
"133","w5","JPN",8,8
"134","w5","JPN",5,7
"135","w5","JPN",8,7
"136","w5","JPN",8,6
"137","w5","JPN",3,8
"138","w5","JPN",7,8
"139","w5","JPN",9,6
"140","w5","JPN",6,5
"141","w5","JPN",9,7
"142","w5","JPN",10,9
"143","w5","JPN",8,8
"144","w5","JPN",7,8
"145","w5","JPN",8,8
"146","w5","JPN",7,6
"147","w5","JPN",7,5
"148","w5","JPN",6,5
"149","w5","JPN",8,6
"150","w5","JPN",8,4
"151","w5","JPN",8,8
"152","w5","JPN",8,5
"153","w5","JPN",6,6
"154","w5","JPN",8,7
"155","w5","JPN",6,6
"156","w5","JPN",8,8
"157","w5","JPN",9,1
"158","w5","JPN",6,8
"159","w5","JPN",8,8
"160","w5","JPN",5,4
"161","w5","JPN",7,1
"162","w5","JPN",6,6
"163","w5","JPN",7,6
"164","w5","JPN",5,3
"165","w5","JPN",7,3
"166","w5","JPN",4,4
"167","w5","JPN",8,7
"168","w5","JPN",5,6
"169","w5","JPN",4,4
"170","w5","JPN",9,8
"171","w5","JPN",7,6
"172","w5","JPN",8,6
"173","w5","JPN",6,5
"174","w5","JPN",10,10
"175","w5","JPN",10,8
"176","w5","JPN",4,4
"177","w5","JPN",7,8
"178","w5","JPN",7,9
"179","w5","JPN",8,7
"180","w5","JPN",8,7
"181","w5","JPN",7,7
"182","w5","JPN",4,3
"183","w5","JPN",6,5
"184","w5","JPN",7,8
"185","w5","JPN",6,6
"186","w5","JPN",7,6
"187","w5","JPN",9,6
"188","w5","JPN",3,6
"189","w5","JPN",6,2
"190","w5","JPN",9,8
"191","w5","JPN",7,6
"192","w5","JPN",5,3
"193","w5","JPN",8,1
"194","w5","JPN",9,6
"195","w5","JPN",8,6
"196","w5","JPN",4,2
"197","w5","JPN",6,8
"198","w5","JPN",4,6
"199","w5","JPN",9,6
"200","w5","JPN",7,6
"101","w6","JPN",8,8
"102","w6","JPN",5,7
"103","w6","JPN",6,7
"104","w6","JPN",5,5
"105","w6","JPN",4,3
"106","w6","JPN",5,4
"107","w6","JPN",9,5
"108","w6","JPN",8,3
"109","w6","JPN",4,5
"110","w6","JPN",7,7
"111","w6","JPN",9,8
"112","w6","JPN",7,5
"113","w6","JPN",9,7
"114","w6","JPN",8,9
"115","w6","JPN",7,6
"116","w6","JPN",8,7
"117","w6","JPN",3,9
"118","w6","JPN",8,6
"119","w6","JPN",7,7
"120","w6","JPN",9,8
"121","w6","JPN",9,7
"122","w6","JPN",2,5
"123","w6","JPN",7,8
"124","w6","JPN",7,8
"125","w6","JPN",8,7
"126","w6","JPN",6,4
"127","w6","JPN",4,3
"128","w6","JPN",8,7
"129","w6","JPN",8,8
"130","w6","JPN",10,5
"131","w6","JPN",9,7
"132","w6","JPN",5,4
"133","w6","JPN",9,8
"134","w6","JPN",8,7
"135","w6","JPN",5,5
"136","w6","JPN",6,4
"137","w6","JPN",1,2
"138","w6","JPN",7,6
"139","w6","JPN",8,7
"140","w6","JPN",5,8
"141","w6","JPN",4,5
"142","w6","JPN",10,5
"143","w6","JPN",4,3
"144","w6","JPN",6,7
"145","w6","JPN",6,5
"146","w6","JPN",7,5
"147","w6","JPN",5,4
"148","w6","JPN",8,8
"149","w6","JPN",7,6
"150","w6","JPN",4,2
"151","w6","JPN",7,9
"152","w6","JPN",8,7
"153","w6","JPN",5,5
"154","w6","JPN",3,3
"155","w6","JPN",7,5
"156","w6","JPN",10,6
"157","w6","JPN",10,3
"158","w6","JPN",5,1
"159","w6","JPN",5,6
"160","w6","JPN",8,7
"161","w6","JPN",7,8
"162","w6","JPN",9,8
"163","w6","JPN",5,1
"164","w6","JPN",2,1
"165","w6","JPN",4,3
"166","w6","JPN",8,7
"167","w6","JPN",4,6
"168","w6","JPN",8,5
"169","w6","JPN",7,5
"170","w6","JPN",7,5
"171","w6","JPN",5,1
"172","w6","JPN",8,6
"173","w6","JPN",5,1
"174","w6","JPN",7,3
"175","w6","JPN",7,5
"176","w6","JPN",8,8
"177","w6","JPN",7,8
"178","w6","JPN",8,7
"179","w6","JPN",4,4
"180","w6","JPN",7,5
"181","w6","JPN",9,2
"182","w6","JPN",2,4
"183","w6","JPN",8,5
"184","w6","JPN",8,6
"185","w6","JPN",7,6
"186","w6","JPN",5,9
"187","w6","JPN",6,5
"188","w6","JPN",3,7
"189","w6","JPN",6,5
"190","w6","JPN",8,5
"191","w6","JPN",5,5
"192","w6","JPN",9,5
"193","w6","JPN",8,8
"194","w6","JPN",4,7
"195","w6","JPN",6,7
"196","w6","JPN",8,8
"197","w6","JPN",7,7
"198","w6","JPN",7,7
"199","w6","JPN",9,5
"200","w6","JPN",8,6
"101","w7","JPN",8,10
"102","w7","JPN",5,2
"103","w7","JPN",9,8
"104","w7","JPN",4,4
"105","w7","JPN",7,2
"106","w7","JPN",6,6
"107","w7","JPN",7,5
"108","w7","JPN",8,6
"109","w7","JPN",10,5
"110","w7","JPN",7,7
"111","w7","JPN",5,5
"112","w7","JPN",8,8
"113","w7","JPN",10,8
"114","w7","JPN",8,6
"115","w7","JPN",7,6
"116","w7","JPN",6,5
"117","w7","JPN",5,5
"118","w7","JPN",6,8
"119","w7","JPN",8,8
"120","w7","JPN",3,2
"121","w7","JPN",8,5
"122","w7","JPN",4,7
"123","w7","JPN",9,8
"124","w7","JPN",9,8
"125","w7","JPN",5,5
"126","w7","JPN",8,8
"127","w7","JPN",9,5
"128","w7","JPN",8,8
"129","w7","JPN",1,1
"130","w7","JPN",8,8
"131","w7","JPN",8,6
"132","w7","JPN",8,6
"133","w7","JPN",8,5
"134","w7","JPN",6,5
"135","w7","JPN",6,3
"136","w7","JPN",8,6
"137","w7","JPN",7,6
"138","w7","JPN",8,4
"139","w7","JPN",5,5
"140","w7","JPN",7,7
"141","w7","JPN",7,5
"142","w7","JPN",6,8
"143","w7","JPN",7,5
"144","w7","JPN",7,6
"145","w7","JPN",1,1
"146","w7","JPN",8,6
"147","w7","JPN",7,5
"148","w7","JPN",8,7
"149","w7","JPN",10,10
"150","w7","JPN",8,5
"151","w7","JPN",8,7
"152","w7","JPN",4,4
"153","w7","JPN",8,7
"154","w7","JPN",10,9
"155","w7","JPN",9,8
"156","w7","JPN",4,6
"157","w7","JPN",3,5
"158","w7","JPN",5,7
"159","w7","JPN",1,8
"160","w7","JPN",9,10
"161","w7","JPN",10,5
"162","w7","JPN",7,7
"163","w7","JPN",5,6
"164","w7","JPN",6,7
"165","w7","JPN",8,7
"166","w7","JPN",7,3
"167","w7","JPN",3,5
"168","w7","JPN",5,5
"169","w7","JPN",8,5
"170","w7","JPN",7,5
"171","w7","JPN",8,6
"172","w7","JPN",6,6
"173","w7","JPN",8,4
"174","w7","JPN",8,8
"175","w7","JPN",5,5
"176","w7","JPN",5,3
"177","w7","JPN",9,8
"178","w7","JPN",5,3
"179","w7","JPN",7,8
"180","w7","JPN",10,10
"181","w7","JPN",5,5
"182","w7","JPN",1,1
"183","w7","JPN",8,10
"184","w7","JPN",5,3
"185","w7","JPN",8,6
"186","w7","JPN",8,8
"187","w7","JPN",9,5
"188","w7","JPN",7,5
"189","w7","JPN",9,4
"190","w7","JPN",8,8
"191","w7","JPN",8,5
"192","w7","JPN",6,7
"193","w7","JPN",9,8
"194","w7","JPN",5,1
"195","w7","JPN",7,7
"196","w7","JPN",9,6
"197","w7","JPN",7,5
"198","w7","JPN",10,7
"199","w7","JPN",6,6
"200","w7","JPN",7,7
"201","w1","MEX",8,7
"202","w1","MEX",10,9
"203","w1","MEX",10,6
"204","w1","MEX",8,9
"205","w1","MEX",8,10
"206","w1","MEX",5,7
"207","w1","MEX",8,9
"208","w1","MEX",2,3
"209","w1","MEX",9,10
"210","w1","MEX",6,7
"211","w1","MEX",10,10
"212","w1","MEX",8,5
"213","w1","MEX",7,8
"214","w1","MEX",9,8
"215","w1","MEX",10,6
"216","w1","MEX",8,7
"217","w1","MEX",9,8
"218","w1","MEX",9,8
"219","w1","MEX",10,10
"220","w1","MEX",5,6
"221","w1","MEX",8,8
"222","w1","MEX",10,10
"223","w1","MEX",8,5
"224","w1","MEX",8,10
"225","w1","MEX",8,5
"226","w1","MEX",9,8
"227","w1","MEX",10,5
"228","w1","MEX",8,8
"229","w1","MEX",10,5
"230","w1","MEX",10,5
"231","w1","MEX",10,10
"232","w1","MEX",1,10
"233","w1","MEX",8,9
"234","w1","MEX",9,9
"235","w1","MEX",8,6
"236","w1","MEX",10,7
"237","w1","MEX",9,8
"238","w1","MEX",7,8
"239","w1","MEX",6,6
"240","w1","MEX",8,9
"241","w1","MEX",8,8
"242","w1","MEX",9,7
"243","w1","MEX",6,6
"244","w1","MEX",9,8
"245","w1","MEX",6,6
"246","w1","MEX",8,9
"247","w1","MEX",10,10
"248","w1","MEX",7,10
"249","w1","MEX",9,10
"250","w1","MEX",8,8
"251","w1","MEX",10,8
"252","w1","MEX",8,8
"253","w1","MEX",9,8
"254","w1","MEX",8,10
"255","w1","MEX",7,8
"256","w1","MEX",10,9
"257","w1","MEX",8,10
"258","w1","MEX",5,10
"259","w1","MEX",7,8
"260","w1","MEX",9,9
"261","w1","MEX",10,8
"262","w1","MEX",10,3
"263","w1","MEX",5,10
"264","w1","MEX",10,8
"265","w1","MEX",9,8
"266","w1","MEX",8,8
"267","w1","MEX",3,9
"268","w1","MEX",10,1
"269","w1","MEX",5,4
"270","w1","MEX",6,7
"271","w1","MEX",9,8
"272","w1","MEX",9,10
"273","w1","MEX",5,6
"274","w1","MEX",7,8
"275","w1","MEX",1,5
"276","w1","MEX",6,8
"277","w1","MEX",8,8
"278","w1","MEX",10,10
"279","w1","MEX",8,8
"280","w1","MEX",8,8
"281","w1","MEX",6,10
"282","w1","MEX",7,10
"283","w1","MEX",7,10
"284","w1","MEX",7,8
"285","w1","MEX",9,8
"286","w1","MEX",8,10
"287","w1","MEX",9,10
"288","w1","MEX",10,6
"289","w1","MEX",5,10
"290","w1","MEX",9,9
"291","w1","MEX",10,10
"292","w1","MEX",9,3
"293","w1","MEX",5,6
"294","w1","MEX",9,8
"295","w1","MEX",10,10
"296","w1","MEX",8,8
"297","w1","MEX",10,8
"298","w1","MEX",10,10
"299","w1","MEX",7,8
"300","w1","MEX",8,7
"201","w2","MEX",5,5
"202","w2","MEX",7,6
"203","w2","MEX",1,10
"204","w2","MEX",9,9
"205","w2","MEX",8,8
"206","w2","MEX",10,9
"207","w2","MEX",9,9
"208","w2","MEX",5,6
"209","w2","MEX",4,6
"210","w2","MEX",8,8
"211","w2","MEX",4,3
"212","w2","MEX",7,8
"213","w2","MEX",6,6
"214","w2","MEX",7,8
"215","w2","MEX",8,8
"216","w2","MEX",4,4
"217","w2","MEX",9,9
"218","w2","MEX",7,7
"219","w2","MEX",10,10
"220","w2","MEX",5,8
"221","w2","MEX",5,5
"222","w2","MEX",10,10
"223","w2","MEX",7,8
"224","w2","MEX",10,6
"225","w2","MEX",5,7
"226","w2","MEX",8,8
"227","w2","MEX",6,5
"228","w2","MEX",10,7
"229","w2","MEX",6,2
"230","w2","MEX",9,9
"231","w2","MEX",8,7
"232","w2","MEX",10,7
"233","w2","MEX",1,9
"234","w2","MEX",3,5
"235","w2","MEX",6,8
"236","w2","MEX",9,5
"237","w2","MEX",8,7
"238","w2","MEX",9,9
"239","w2","MEX",10,9
"240","w2","MEX",7,6
"241","w2","MEX",5,5
"242","w2","MEX",8,4
"243","w2","MEX",8,7
"244","w2","MEX",7,5
"245","w2","MEX",6,6
"246","w2","MEX",9,8
"247","w2","MEX",10,9
"248","w2","MEX",9,8
"249","w2","MEX",7,7
"250","w2","MEX",8,7
"251","w2","MEX",3,3
"252","w2","MEX",9,5
"253","w2","MEX",10,9
"254","w2","MEX",10,4
"255","w2","MEX",10,5
"256","w2","MEX",10,5
"257","w2","MEX",10,8
"258","w2","MEX",8,9
"259","w2","MEX",7,6
"260","w2","MEX",8,8
"261","w2","MEX",7,8
"262","w2","MEX",10,7
"263","w2","MEX",6,10
"264","w2","MEX",2,7
"265","w2","MEX",9,8
"266","w2","MEX",7,7
"267","w2","MEX",8,7
"268","w2","MEX",7,5
"269","w2","MEX",8,7
"270","w2","MEX",7,8
"271","w2","MEX",4,3
"272","w2","MEX",7,8
"273","w2","MEX",6,6
"274","w2","MEX",5,3
"275","w2","MEX",2,3
"276","w2","MEX",5,3
"277","w2","MEX",9,10
"278","w2","MEX",10,8
"279","w2","MEX",5,6
"280","w2","MEX",7,6
"281","w2","MEX",7,9
"282","w2","MEX",7,9
"283","w2","MEX",9,10
"284","w2","MEX",9,9
"285","w2","MEX",5,1
"286","w2","MEX",10,6
"287","w2","MEX",9,8
"288","w2","MEX",8,9
"289","w2","MEX",8,5
"290","w2","MEX",7,3
"291","w2","MEX",10,10
"292","w2","MEX",7,6
"293","w2","MEX",10,8
"294","w2","MEX",9,8
"295","w2","MEX",6,6
"296","w2","MEX",8,8
"297","w2","MEX",7,8
"298","w2","MEX",8,10
"299","w2","MEX",7,7
"300","w2","MEX",10,10
"201","w3","MEX",1,1
"202","w3","MEX",9,8
"203","w3","MEX",8,6
"204","w3","MEX",10,5
"205","w3","MEX",5,4
"206","w3","MEX",8,9
"207","w3","MEX",9,10
"208","w3","MEX",8,9
"209","w3","MEX",9,10
"210","w3","MEX",8,8
"211","w3","MEX",9,9
"212","w3","MEX",8,10
"213","w3","MEX",10,10
"214","w3","MEX",9,10
"215","w3","MEX",5,5
"216","w3","MEX",9,10
"217","w3","MEX",7,7
"218","w3","MEX",6,3
"219","w3","MEX",10,10
"220","w3","MEX",7,7
"221","w3","MEX",6,10
"222","w3","MEX",7,4
"223","w3","MEX",4,6
"224","w3","MEX",9,9
"225","w3","MEX",8,9
"226","w3","MEX",8,3
"227","w3","MEX",6,9
"228","w3","MEX",10,9
"229","w3","MEX",5,5
"230","w3","MEX",9,10
"231","w3","MEX",10,10
"232","w3","MEX",10,10
"233","w3","MEX",9,9
"234","w3","MEX",10,5
"235","w3","MEX",8,10
"236","w3","MEX",8,10
"237","w3","MEX",9,9
"238","w3","MEX",10,5
"239","w3","MEX",9,8
"240","w3","MEX",10,10
"241","w3","MEX",7,7
"242","w3","MEX",10,5
"243","w3","MEX",8,7
"244","w3","MEX",8,8
"245","w3","MEX",8,8
"246","w3","MEX",9,9
"247","w3","MEX",7,7
"248","w3","MEX",9,10
"249","w3","MEX",9,8
"250","w3","MEX",7,3
"251","w3","MEX",9,9
"252","w3","MEX",7,7
"253","w3","MEX",8,8
"254","w3","MEX",8,10
"255","w3","MEX",8,10
"256","w3","MEX",3,8
"257","w3","MEX",8,6
"258","w3","MEX",9,5
"259","w3","MEX",10,3
"260","w3","MEX",8,8
"261","w3","MEX",8,6
"262","w3","MEX",7,8
"263","w3","MEX",10,10
"264","w3","MEX",8,5
"265","w3","MEX",5,6
"266","w3","MEX",6,6
"267","w3","MEX",7,9
"268","w3","MEX",5,6
"269","w3","MEX",5,10
"270","w3","MEX",7,9
"271","w3","MEX",9,8
"272","w3","MEX",7,6
"273","w3","MEX",4,8
"274","w3","MEX",8,8
"275","w3","MEX",5,2
"276","w3","MEX",10,9
"277","w3","MEX",6,6
"278","w3","MEX",8,6
"279","w3","MEX",7,8
"280","w3","MEX",8,6
"281","w3","MEX",10,10
"282","w3","MEX",6,10
"283","w3","MEX",9,9
"284","w3","MEX",8,6
"285","w3","MEX",6,8
"286","w3","MEX",8,3
"287","w3","MEX",10,7
"288","w3","MEX",5,9
"289","w3","MEX",5,6
"290","w3","MEX",10,7
"291","w3","MEX",5,6
"292","w3","MEX",7,2
"293","w3","MEX",10,8
"294","w3","MEX",9,7
"295","w3","MEX",10,9
"296","w3","MEX",10,6
"297","w3","MEX",7,7
"298","w3","MEX",10,10
"299","w3","MEX",10,10
"300","w3","MEX",9,7
"201","w4","MEX",10,10
"202","w4","MEX",10,10
"203","w4","MEX",10,7
"204","w4","MEX",10,6
"205","w4","MEX",5,5
"206","w4","MEX",10,10
"207","w4","MEX",10,10
"208","w4","MEX",10,10
"209","w4","MEX",8,8
"210","w4","MEX",1,1
"211","w4","MEX",10,9
"212","w4","MEX",10,8
"213","w4","MEX",9,9
"214","w4","MEX",10,8
"215","w4","MEX",9,7
"216","w4","MEX",8,9
"217","w4","MEX",10,10
"218","w4","MEX",6,9
"219","w4","MEX",8,10
"220","w4","MEX",10,10
"221","w4","MEX",10,9
"222","w4","MEX",3,10
"223","w4","MEX",10,10
"224","w4","MEX",8,9
"225","w4","MEX",10,10
"226","w4","MEX",10,10
"227","w4","MEX",7,5
"228","w4","MEX",10,10
"229","w4","MEX",10,10
"230","w4","MEX",10,5
"231","w4","MEX",9,5
"232","w4","MEX",8,6
"233","w4","MEX",8,8
"234","w4","MEX",6,4
"235","w4","MEX",10,10
"236","w4","MEX",10,10
"237","w4","MEX",10,10
"238","w4","MEX",7,7
"239","w4","MEX",9,10
"240","w4","MEX",9,8
"241","w4","MEX",10,10
"242","w4","MEX",3,10
"243","w4","MEX",8,9
"244","w4","MEX",8,8
"245","w4","MEX",8,8
"246","w4","MEX",10,10
"247","w4","MEX",10,10
"248","w4","MEX",9,7
"249","w4","MEX",10,10
"250","w4","MEX",10,10
"251","w4","MEX",9,9
"252","w4","MEX",8,10
"253","w4","MEX",10,10
"254","w4","MEX",10,9
"255","w4","MEX",10,5
"256","w4","MEX",5,8
"257","w4","MEX",8,3
"258","w4","MEX",9,9
"259","w4","MEX",5,8
"260","w4","MEX",10,10
"261","w4","MEX",10,10
"262","w4","MEX",10,10
"263","w4","MEX",5,10
"264","w4","MEX",10,10
"265","w4","MEX",10,10
"266","w4","MEX",10,10
"267","w4","MEX",9,10
"268","w4","MEX",10,10
"269","w4","MEX",9,10
"270","w4","MEX",10,10
"271","w4","MEX",10,3
"272","w4","MEX",10,10
"273","w4","MEX",10,10
"274","w4","MEX",8,7
"275","w4","MEX",5,6
"276","w4","MEX",10,5
"277","w4","MEX",8,9
"278","w4","MEX",5,6
"279","w4","MEX",9,10
"280","w4","MEX",5,10
"281","w4","MEX",9,3
"282","w4","MEX",8,8
"283","w4","MEX",5,8
"284","w4","MEX",6,4
"285","w4","MEX",7,9
"286","w4","MEX",10,10
"287","w4","MEX",10,10
"288","w4","MEX",10,10
"289","w4","MEX",8,10
"290","w4","MEX",8,7
"291","w4","MEX",7,4
"292","w4","MEX",10,10
"293","w4","MEX",6,8
"294","w4","MEX",10,10
"295","w4","MEX",9,9
"296","w4","MEX",5,1
"297","w4","MEX",10,10
"298","w4","MEX",10,10
"299","w4","MEX",5,6
"300","w4","MEX",5,7
"201","w5","MEX",8,9
"202","w5","MEX",5,8
"203","w5","MEX",8,9
"204","w5","MEX",10,10
"205","w5","MEX",5,5
"206","w5","MEX",10,10
"207","w5","MEX",10,9
"208","w5","MEX",4,10
"209","w5","MEX",10,7
"210","w5","MEX",5,4
"211","w5","MEX",7,8
"212","w5","MEX",7,8
"213","w5","MEX",10,10
"214","w5","MEX",7,7
"215","w5","MEX",6,7
"216","w5","MEX",7,8
"217","w5","MEX",8,9
"218","w5","MEX",8,9
"219","w5","MEX",10,10
"220","w5","MEX",6,6
"221","w5","MEX",10,10
"222","w5","MEX",1,10
"223","w5","MEX",10,10
"224","w5","MEX",8,10
"225","w5","MEX",10,10
"226","w5","MEX",9,8
"227","w5","MEX",1,3
"228","w5","MEX",5,5
"229","w5","MEX",3,2
"230","w5","MEX",9,9
"231","w5","MEX",6,8
"232","w5","MEX",10,10
"233","w5","MEX",10,10
"234","w5","MEX",9,10
"235","w5","MEX",7,7
"236","w5","MEX",10,10
"237","w5","MEX",9,8
"238","w5","MEX",9,8
"239","w5","MEX",8,8
"240","w5","MEX",10,10
"241","w5","MEX",8,10
"242","w5","MEX",8,9
"243","w5","MEX",9,9
"244","w5","MEX",10,10
"245","w5","MEX",10,10
"246","w5","MEX",8,9
"247","w5","MEX",4,5
"248","w5","MEX",7,5
"249","w5","MEX",7,7
"250","w5","MEX",7,1
"251","w5","MEX",7,10
"252","w5","MEX",8,9
"253","w5","MEX",8,9
"254","w5","MEX",9,10
"255","w5","MEX",8,10
"256","w5","MEX",9,9
"257","w5","MEX",8,8
"258","w5","MEX",6,9
"259","w5","MEX",8,7
"260","w5","MEX",8,10
"261","w5","MEX",8,7
"262","w5","MEX",10,10
"263","w5","MEX",8,8
"264","w5","MEX",10,10
"265","w5","MEX",9,8
"266","w5","MEX",3,3
"267","w5","MEX",8,1
"268","w5","MEX",9,8
"269","w5","MEX",9,8
"270","w5","MEX",7,6
"271","w5","MEX",10,10
"272","w5","MEX",9,7
"273","w5","MEX",8,9
"274","w5","MEX",6,8
"275","w5","MEX",9,9
"276","w5","MEX",7,7
"277","w5","MEX",10,10
"278","w5","MEX",10,7
"279","w5","MEX",10,5
"280","w5","MEX",10,10
"281","w5","MEX",10,8
"282","w5","MEX",1,10
"283","w5","MEX",10,8
"284","w5","MEX",3,1
"285","w5","MEX",8,6
"286","w5","MEX",10,10
"287","w5","MEX",8,8
"288","w5","MEX",8,10
"289","w5","MEX",4,6
"290","w5","MEX",10,9
"291","w5","MEX",10,10
"292","w5","MEX",8,6
"293","w5","MEX",8,10
"294","w5","MEX",9,10
"295","w5","MEX",9,10
"296","w5","MEX",9,10
"297","w5","MEX",9,9
"298","w5","MEX",8,9
"299","w5","MEX",8,9
"300","w5","MEX",8,8
"201","w6","MEX",5,8
"202","w6","MEX",10,10
"203","w6","MEX",8,9
"204","w6","MEX",7,10
"205","w6","MEX",8,10
"206","w6","MEX",10,10
"207","w6","MEX",10,10
"208","w6","MEX",5,5
"209","w6","MEX",10,1
"210","w6","MEX",10,1
"211","w6","MEX",10,10
"212","w6","MEX",10,10
"213","w6","MEX",9,10
"214","w6","MEX",10,8
"215","w6","MEX",7,9
"216","w6","MEX",10,10
"217","w6","MEX",2,8
"218","w6","MEX",8,8
"219","w6","MEX",9,9
"220","w6","MEX",8,9
"221","w6","MEX",10,6
"222","w6","MEX",8,5
"223","w6","MEX",10,9
"224","w6","MEX",1,10
"225","w6","MEX",10,10
"226","w6","MEX",10,10
"227","w6","MEX",10,8
"228","w6","MEX",8,10
"229","w6","MEX",5,10
"230","w6","MEX",8,10
"231","w6","MEX",8,7
"232","w6","MEX",8,7
"233","w6","MEX",8,9
"234","w6","MEX",10,10
"235","w6","MEX",10,9
"236","w6","MEX",8,8
"237","w6","MEX",4,10
"238","w6","MEX",5,6
"239","w6","MEX",10,10
"240","w6","MEX",5,1
"241","w6","MEX",8,5
"242","w6","MEX",10,10
"243","w6","MEX",6,8
"244","w6","MEX",10,10
"245","w6","MEX",8,7
"246","w6","MEX",8,9
"247","w6","MEX",10,9
"248","w6","MEX",8,7
"249","w6","MEX",10,3
"250","w6","MEX",10,8
"251","w6","MEX",9,9
"252","w6","MEX",9,10
"253","w6","MEX",5,8
"254","w6","MEX",10,10
"255","w6","MEX",9,9
"256","w6","MEX",10,10
"257","w6","MEX",8,6
"258","w6","MEX",10,10
"259","w6","MEX",8,8
"260","w6","MEX",10,10
"261","w6","MEX",8,9
"262","w6","MEX",4,10
"263","w6","MEX",10,10
"264","w6","MEX",1,10
"265","w6","MEX",9,7
"266","w6","MEX",9,8
"267","w6","MEX",8,10
"268","w6","MEX",10,10
"269","w6","MEX",10,8
"270","w6","MEX",10,10
"271","w6","MEX",9,10
"272","w6","MEX",7,8
"273","w6","MEX",10,8
"274","w6","MEX",7,7
"275","w6","MEX",8,8
"276","w6","MEX",10,10
"277","w6","MEX",9,8
"278","w6","MEX",10,8
"279","w6","MEX",10,10
"280","w6","MEX",8,10
"281","w6","MEX",9,10
"282","w6","MEX",6,10
"283","w6","MEX",8,9
"284","w6","MEX",10,10
"285","w6","MEX",9,7
"286","w6","MEX",10,7
"287","w6","MEX",9,5
"288","w6","MEX",2,2
"289","w6","MEX",8,10
"290","w6","MEX",10,10
"291","w6","MEX",10,10
"292","w6","MEX",9,9
"293","w6","MEX",10,10
"294","w6","MEX",4,10
"295","w6","MEX",8,8
"296","w6","MEX",8,9
"297","w6","MEX",10,10
"298","w6","MEX",8,8
"299","w6","MEX",10,9
"300","w6","MEX",7,10
"201","w7","MEX",7,9
"202","w7","MEX",9,9
"203","w7","MEX",10,10
"204","w7","MEX",7,3
"205","w7","MEX",9,2
"206","w7","MEX",7,8
"207","w7","MEX",10,8
"208","w7","MEX",10,10
"209","w7","MEX",10,10
"210","w7","MEX",6,7
"211","w7","MEX",10,10
"212","w7","MEX",8,10
"213","w7","MEX",8,8
"214","w7","MEX",9,8
"215","w7","MEX",9,9
"216","w7","MEX",10,10
"217","w7","MEX",10,10
"218","w7","MEX",9,10
"219","w7","MEX",10,10
"220","w7","MEX",8,8
"221","w7","MEX",7,5
"222","w7","MEX",3,6
"223","w7","MEX",7,9
"224","w7","MEX",5,9
"225","w7","MEX",10,10
"226","w7","MEX",10,10
"227","w7","MEX",10,8
"228","w7","MEX",10,2
"229","w7","MEX",8,8
"230","w7","MEX",10,10
"231","w7","MEX",8,8
"232","w7","MEX",10,10
"233","w7","MEX",10,10
"234","w7","MEX",10,10
"235","w7","MEX",10,1
"236","w7","MEX",6,9
"237","w7","MEX",7,5
"238","w7","MEX",8,7
"239","w7","MEX",10,10
"240","w7","MEX",10,7
"241","w7","MEX",7,7
"242","w7","MEX",8,6
"243","w7","MEX",10,10
"244","w7","MEX",10,9
"245","w7","MEX",10,10
"246","w7","MEX",3,10
"247","w7","MEX",10,10
"248","w7","MEX",10,10
"249","w7","MEX",7,10
"250","w7","MEX",7,10
"251","w7","MEX",7,8
"252","w7","MEX",7,8
"253","w7","MEX",7,7
"254","w7","MEX",8,8
"255","w7","MEX",7,5
"256","w7","MEX",10,7
"257","w7","MEX",7,8
"258","w7","MEX",10,10
"259","w7","MEX",8,8
"260","w7","MEX",10,10
"261","w7","MEX",10,10
"262","w7","MEX",10,7
"263","w7","MEX",7,7
"264","w7","MEX",9,8
"265","w7","MEX",8,10
"266","w7","MEX",10,10
"267","w7","MEX",7,7
"268","w7","MEX",10,5
"269","w7","MEX",8,10
"270","w7","MEX",8,8
"271","w7","MEX",8,8
"272","w7","MEX",10,10
"273","w7","MEX",6,8
"274","w7","MEX",8,8
"275","w7","MEX",6,5
"276","w7","MEX",7,8
"277","w7","MEX",10,5
"278","w7","MEX",10,10
"279","w7","MEX",9,9
"280","w7","MEX",10,10
"281","w7","MEX",6,1
"282","w7","MEX",9,10
"283","w7","MEX",6,8
"284","w7","MEX",10,10
"285","w7","MEX",8,8
"286","w7","MEX",6,5
"287","w7","MEX",10,6
"288","w7","MEX",4,6
"289","w7","MEX",9,7
"290","w7","MEX",10,7
"291","w7","MEX",10,10
"292","w7","MEX",8,10
"293","w7","MEX",8,6
"294","w7","MEX",8,10
"295","w7","MEX",7,7
"296","w7","MEX",6,10
"297","w7","MEX",10,10
"298","w7","MEX",9,10
"299","w7","MEX",8,9
"300","w7","MEX",8,8
